PCA_1,PCA_2,PCA_3,PCA_4,PCA_5,PCA_6,PCA_7,PCA_8,PCA_9,PCA_10,genre
-4.605069365461658,-0.6905072822841488,0.6538238366513728,2.445444477869076,-0.5954951980555709,-0.3033721173949969,0.4470387777782319,-0.6740445810214809,0.6205219400984073,-0.9384515051143579,5
7.139439042190262,3.189815014888323,-3.198116358835173,0.8721868333581748,-0.43317178703740744,-3.4402276178281914,-2.7549551138300163,-2.4533094152557737,-0.2306019701312901,2.7278395650267693,4
-5.152787874852135,-1.7412358196884654,-0.9419369213659518,2.5157603764536822,-1.0924459600469656,0.24850436530474926,-0.11753642794564578,0.9199250966362656,0.09940327347134925,0.42012450951228714,5
-1.8545235114876872,1.8945379353607505,7.775020794496386,0.44605638372327455,0.013924556025720224,-3.2996664204990402,5.7481742802261655,2.121861878196343,-2.173601072519313,0.3800957684705138,5
5.011767225227584,-2.0182067332335847,0.18936574674530418,-0.36086108837621933,-0.5130122293158876,0.843650726921796,-0.020881406702714937,0.08005009201419085,-0.2727790960099412,0.989581142720737,1
5.803303797510245,-1.7102442835768632,-1.6710927368451463,1.4384649410138024,-0.2980702263723258,0.47221906753496984,0.3387613033741262,1.1268520880974193,-0.7588234406195996,0.4356367639642479,1
6.744215629381028,-1.3184611590774635,0.0459696021259222,-0.3499550288971917,-0.0464641568072708,0.7758320256068828,-1.0308392760129397,0.9386438008984459,-0.20511876688563188,0.9764627941565003,1
1.0701214566350594,-0.4455292562389533,-0.3915095907624378,-2.3017178237629503,0.7432152394120672,0.05924046512865223,3.535345681484014,0.92758877316906,-1.37264484494125,-0.18177767344045886,1
5.7025363622827925,-0.7670299755341036,-0.7115198439261584,-1.204613520059825,-0.3072554166521258,-0.33471306614835683,-0.10188576141262044,-2.6276949149851063,0.5672157542931898,-2.282211566468385,1
-5.78960621198058,1.8548449296625933,1.4652237680964102,0.7514620212882717,1.8848098908325206,-0.6158754555492955,-1.3541299908165734,-0.19059587178736132,-3.13975614428609,-1.8395701090470906,5
0.026268012989563688,1.969638756313872,0.9974588692621373,1.51015476653995,-0.5363395476614691,-0.9229485956337533,-0.34935396375184846,0.1904414403873122,0.22195962635691102,-0.37287006778793624,4
-0.4026945494895224,2.95946059009104,-0.07215056598683485,-1.2601242251816969,0.3931371800695344,-0.5146476344969946,-1.5100530997728927,-0.42474068600229037,0.6559289565289611,-0.8303087709805405,4
-0.8977954339130536,3.5677951863735116,-0.12283481328693584,-1.3269807201539372,-0.7225391905295592,-1.211853538580581,-2.3842679806882483,-1.7575548014421967,0.3925355810281535,0.6289346527057922,4
4.022754201995096,-2.3578924326605755,0.17084811616462622,-2.2487535113610537,-0.2286795546559018,0.5131458941677408,0.2963416463181903,0.14442163124837232,-0.7862011687945474,-0.21957441707616276,1
-3.036382101926271,-1.1728251821323428,-1.2458948227896172,1.4157838903434774,-2.9125620025450956,-0.4473042656802323,0.2034802266651062,1.6365082509960267,1.2990455651636361,-0.7192524408245287,5
6.3014314921035055,-3.018821092763336,-0.7787123342879358,-0.45029414936513,-0.3860003056313299,-0.15454304746382683,-0.92218129331839,0.16536980933228265,-0.6360610040379365,0.3645247152475106,1
5.4845086804321115,-1.2859538991995678,2.3011649441588435,0.6602304666065552,0.7591823037888266,-0.6453792214237758,-0.5217740293797499,-0.644614216888089,-0.05173787665189328,-0.763779367129645,1
0.15693326887180442,1.5677252888202637,0.7015938048385054,1.882345960312886,-0.7263155674237611,-0.13063011394333648,-0.1538751200788198,-3.3298847344226337,-0.6096946956871165,2.3574181099669933,4
0.23452175243539677,1.1553517046214132,-0.265061240604865,-0.712344522870796,2.1788216652920656,-0.3197792419912126,1.1833530822406337,-0.4630628524933517,1.8051066159130966,0.13602551579417668,4
2.490594058233837,-2.579626151401827,2.248341783512929,0.5683769401995709,-0.5092963388375047,-1.4568900464426622,0.33166239189609653,1.3274857412683767,-1.7870079781540535,0.3280429372508076,1
0.184549841305731,2.665798595478487,-1.7635164310031983,2.341107797497066,0.22950104206036095,0.022032944141130738,0.07309699854097355,-0.11950239085130746,-1.698808454419991,-0.6575445501856666,4
5.090712043642278,0.14181342831849156,1.300652773813698,-0.02708395392280453,-0.635599485026203,0.0444614503355134,-0.3155161821641442,-0.44572015048566377,-0.1521565680347419,-0.14928276184405798,1
-4.536251301791554,-0.42976222487094234,2.2618543098912265,-1.522882388418498,0.048502294946822976,0.10657390049563137,-1.9972993394798335,-0.921125898085526,0.8342954584876932,-0.3184743609075462,5
-5.769413359095928,-0.7518483763497547,-1.0884209967038898,4.087182412707075,-0.2645708652541589,1.7981221065349138,0.10220246463250256,0.41141577033887283,1.1115791343713624,1.173166722384584,5
0.8295270641464554,-0.32669916097792545,-3.6349646267978617,0.20311302412350649,1.61538981213338,-1.687996456428834,-0.6148345235553375,-1.926048299269191,-0.6776991571198596,2.2120501696736246,4
2.0808123677424417,3.002694724795276,-1.6079229261208337,-0.2362185154714578,0.8894904998382024,-3.1017380054592394,1.4204949472537274,-2.4783852045675347,-0.49592386050898163,1.2393850491683402,4
3.1754997231472846,-2.5974931813849307,1.6321632133344965,-1.5548385519308132,2.341422545296284,-1.20115323016668,1.2435601307538495,1.9950947504126144,0.5082346956666488,1.288685066022234,1
5.067936633420939,-3.349018591635651,-0.5079703006390242,0.011583175302924355,-0.4283396670801846,-0.01643594764029985,-0.20797119461725394,0.053840583477824576,-1.5970268998283048,0.8087671692360414,1
1.433964927810413,3.4964846946051007,-2.929593886250081,1.791008895853997,1.1643094217268466,0.6183720323833622,0.35156844814209487,1.4557718709427079,-1.1675966896274395,-1.3274331087540878,4
-0.08766032441077863,-1.105587347279447,0.959354788149953,-0.9006922353224647,0.7603356559873183,1.6021326837220633,0.7877688914041124,-2.6898218812666856,1.3799736934279248,0.2476372175265319,4
-4.9900468865531975,0.4973712102602512,1.608914142759618,-0.1409705247085057,1.5956933677547367,-1.3536253603448936,-0.365167846447319,0.013616588357528832,1.6564576712531143,0.2817880842973445,5
-6.898161326519734,-1.0914591867281562,-1.8182930665544195,-1.6136778470276145,-2.77958574047893,1.7541373996724876,0.08255474890474084,-2.718199255349236,1.4526920562145103,-0.40235796616240577,5
-4.8814399065535605,-1.16896547440467,0.750408839762047,0.7167699350892449,1.157479529576245,-0.37023615692584394,-1.7232896851667925,0.9614300956644917,0.40019510682336645,0.6965062354969391,5
-4.722904947110857,-0.42751138655728393,1.6008918561755496,0.7065636995446183,1.8519713792216623,-0.5583555355819976,1.266532396115769,-0.971517156186682,0.4304548513235539,-0.003731549096780141,5
0.5906418263977552,4.093206997971837,-0.4500120194093387,0.8255658932968297,-0.17086805712520178,0.8444703381742081,-0.10991222032971082,0.6688952151783297,0.7124683476683816,0.11218459568922041,4
5.846702538556887,-2.3609181806826207,1.7141512549364377,-0.8645750396224963,-0.36192434910028964,0.9536999236188651,-0.5755143604582643,-2.555275920214081,-0.6415577958988278,-1.8595697974679153,1
3.158520771980955,-1.8155327132182564,1.6066763070146735,-1.5265252699979566,0.7512366006643114,0.9358551718877195,-0.20673794790518682,-0.2075233275104174,0.6844225684322117,1.2683557630128095,1
-4.875327744734078,-1.032259025066326,0.05325393114213394,0.1770525353978542,2.468171128510116,-3.0204937839598993,1.3772207326656452,-0.8630283366417228,0.3271351282690461,-0.22208902367413144,5
1.4169641520135459,2.225933466760981,1.2112939917369558,-1.241794654257384,-2.220171449251778,-0.6523002611816267,-0.7745226489373058,0.5524033967474354,-0.27687023928674065,0.9355254355923169,4
-3.967088515286265,1.4157380955300465,0.27453028183055866,-3.6984308994650497,0.8937871991171754,0.9086753919733744,-2.635020300578,-1.2490930332823689,-0.7878696385631235,-1.5807915548532752,5
-4.375116472523945,-2.148361017643136,-1.072954955967748,0.20708694751509435,-1.055290688047349,-0.721395342221825,-0.2779879257041967,0.43494560501013513,0.8140085316315004,0.24208771306436153,5
-3.802920986355003,1.791740418027902,1.6680368097193035,-1.2046440083084906,-0.734004350155453,0.16911455543430867,0.3962290544228398,-0.5415094218790593,-1.0713981610357677,0.7191607148414579,5
-0.01916925859096844,3.231779965753133,-0.7583197924821973,-0.4898346891036084,0.5121831429460924,-0.33601844206240683,-1.311630358330506,-1.4427892469114083,0.8744923472207273,-2.074737248311916,4
-5.330734885508056,-1.2506862664553224,-0.4108307021093402,1.83465590195614,-0.02865223230122417,2.446243444202758,2.0463042912915324,-1.5563831706015183,0.24569403587235633,1.8201712976809314,5
0.993149945161322,0.8731241723633817,-1.6793235990368234,-1.8702993475516725,0.21166343211077754,-1.4437206092285573,-0.5192745421816385,-3.305716081146404,-0.6975207669389377,0.9706383877436141,4
4.891151639677067,-2.400869682868816,2.110987595873688,-1.3078012974745885,-0.4260356243916423,1.258958666450216,-1.2819935996772711,0.215115299809212,-0.5480116851354031,0.2800332586099894,1
6.019039338444277,-0.38533579509829036,-1.149819985574223,0.422197131763851,-0.3452573524818338,-0.20502751976313224,-1.270785735140207,0.160389300781098,-0.45086735922328824,1.2848933731579477,1
-6.939455685426391,-2.2416421318598565,-1.551458460533473,-3.3992128011747282,-2.704388656304391,0.017239311955646555,-3.0795172578037704,0.5610082470652455,-1.0756787722221652,-0.09695138688964663,5
-4.228838786699572,-1.1744061359035243,-0.647625314423393,-1.7954350481880414,-1.2920773594336734,1.6071211070663205,-1.5416043521504352,1.0739472850648322,-0.5927871140233066,0.27637755385428076,5
2.8858242992031626,2.226095034150897,3.784128480736441,0.1775632961270075,0.01055083740966214,0.3966501695907537,0.07552089815682739,0.5336129676635516,0.9207410585828519,-0.6827770789300892,4
-1.0652389603335908,0.4041825905628159,-1.965260941328965,-2.6866660400433697,-0.682653765622496,-0.49088978295139113,0.6104083650051246,1.3262282876415654,-1.0357581154669488,0.5481734197802323,4
1.922337383591348,3.182816960784886,-2.9696557912946395,-1.5952063295292322,0.6927801140944748,-0.10748426122426685,1.361304289375035,0.6121210386884971,1.4098080546931682,-1.109260478779703,4
-7.363781856637746,-1.5103789743905698,-3.1315986716384865,-3.429117211074318,1.4403989868290827,0.2865130289417602,-0.3484101677991052,0.9179710755507912,-2.7129425080773872,-0.09756973569874587,5
5.18841615894479,-1.0567124247246373,1.8898187046950743,0.9937773243961273,0.8116244082708407,0.8134457117889564,0.14554075359790236,0.36776831913333896,0.12313260865804511,-0.23421554970603198,1
6.208585899075899,-1.6964692816160416,2.219890897473117,0.962696335313531,0.7305543182106154,0.04674816105972294,-0.8164801388289672,-0.1421749613973089,0.21284276051733897,-0.4892724936549361,1
0.017085250531927734,2.21993160271784,0.9428045126172697,1.3803311689040705,-0.4957628768059889,-1.1030679838118878,-0.43808872834573603,-0.011443362805996815,0.014000436502753268,-0.19407413100877677,4
-5.9340279551388235,0.3613149839536372,1.3690131422161678,0.8564165906913308,0.7249228069000118,-1.2661665504822037,-2.4165661952199886,-1.395971473116157,0.5600602410842899,-2.8668791405092686,5
-4.953687213226467,2.1312692643859217,3.7207959359834413,1.4648601395910732,0.4988272706588488,1.0245946261954677,1.6945224603009794,-0.11301327543621502,-1.0133537299554045,1.0218915342453607,5
0.46829428391438793,0.23512344477001146,-0.7176668044938953,0.8558982561597578,0.9313065686617593,0.5707946800342801,0.07172505145759919,-0.718302129317474,-0.6719246291011456,0.7138645182493751,4
-4.911491865523976,-1.6142823416211227,-0.4779328929858892,-1.246003886299614,-2.073843418968379,-0.3722102345763934,-0.5496698515956563,1.2544081571263206,0.882216908408422,-0.6314245549323674,5
2.212182359623705,-3.2858366729484847,-1.146470444647272,0.7531540726759662,-0.7320471320781138,0.15814931122596748,0.6008638075721635,0.3577838428763807,0.42966800866146,0.6348272353883408,1
0.5986237339758808,5.84377755782328,-0.31501876393322154,-0.25267358234873954,0.03522009871258973,1.957710927166198,0.08624988960761273,0.7494600472812301,1.259133593829004,2.4251568003328154,4
-2.807116603810807,1.306180355295057,6.100819261189919,-1.9707595040906063,-0.4543282895303432,0.038105354619714045,2.068703713880374,0.10342318307982716,-1.7282303313646916,0.11904249814958558,5
-1.4502751897732937,-1.5738894390029092,-0.5891509489365658,-1.158583635475493,-2.384581332497164,-0.8709902831243292,0.19599043909894176,-0.533464226716483,1.6242482327316574,0.4399236427061361,5
-1.220719228251857,3.2058701336045945,-0.7275977511473926,0.23955544568100157,-1.6167347125851843,-0.23469549627003727,-0.4480562935879006,-0.19666731709670415,0.4563649905593329,0.7675746894628466,4
-2.1171918995888097,-0.7566499700007285,3.3342945372652153,-0.6767497852143276,0.8800241415344705,-0.0026647546887071855,3.774565595616438,-1.2858367348821749,-2.069899545148276,0.15490331631360396,5
-4.441200287854165,0.14092371068362802,0.8864658247815633,2.7368295245325487,-0.2650558485592373,0.5143939439688507,0.17179420323682257,-0.09291224328357738,-0.3709798236242435,-0.6291643412935284,5
0.6300528105539542,1.0941408701844735,2.842062952804799,-1.0844269266838928,0.4760278998392708,0.9995897600605662,0.15858721495667163,-0.1450191876058665,1.885337574785693,1.0736893245567962,4
2.916913504837992,-2.7586633384955994,-0.8312722669434396,-0.21366553125995702,0.5722590943357667,-0.06087560415538179,1.245909814681417,0.7086951029592966,-0.012296715682239322,0.6587328454260962,1
7.183005120365377,-0.42744056586810253,0.07175925401837299,1.751959937100828,1.4046201539516343,0.13542519472806877,-0.8848572538776656,1.3614970272557212,-0.2594179573463782,-0.1773915336016011,1
3.366059203963717,-1.9723210711604586,-1.5987008651026877,0.42638011215954547,-1.3827756451829158,0.534056375483943,-0.1979392538636441,0.17429405501292763,0.30370616027638825,-1.246095409903098,1
-0.885504070021239,0.4800537475610347,-2.255759824704899,-1.2517888882086592,-1.6010712075922386,-0.2807325800980102,1.6507942213921962,-2.418670493977517,-1.1813348938432282,-0.4420469713302902,4
-4.681488174962785,-0.4480086541386834,0.7051849641628302,-2.468818445837099,0.21138906974853364,0.4819027900764579,-1.7086768409520456,1.326105032041009,-1.8284397318154315,0.1414302652868522,5
0.9029720366190488,1.3533562116284095,-0.508590493482513,1.1665074067344745,-0.7621062421482604,0.06309412611840476,0.5368171713959994,-0.2443300478625591,-0.4972044717033934,-0.885924294836204,4
-0.5304118605449561,1.943592580641457,-0.8897846448958582,0.7853685626144769,1.0160780307441273,0.36108330788916226,0.7868867022480405,0.8921344998157589,0.03539682093371481,-0.6231674824385177,4
-4.72818947216009,-3.0687502026645976,-0.400759960104538,2.440172450269843,2.6551215740320293,-0.7128157869803418,1.4304250648058279,-0.2999245051798184,0.20917207912565258,0.478736723800364,5
5.290927804402227,-1.6468697937365306,2.493898160129292,0.6577302286909641,-1.0891168910193545,0.40170586438464384,0.0646091172052233,-1.2792925727097486,-1.2941527473115426,-1.0294786517385364,1
-0.22251888913164658,2.1490075395545705,-1.569854759361966,-0.5539982095206907,-3.3849907109024406,-3.228439907063287,-0.333877420730022,1.152126554553076,0.691725649128203,0.4650004718898808,4
-0.5145394020799162,1.0246474793714102,-2.1085940036845203,-0.9145269771129219,-1.3025253555237362,-1.9133291345133607,-1.2066181064763375,-1.7492054697691795,-0.07190819175504827,0.39089517959787373,4
-2.5007438545796026,2.117848446716191,-2.2945600295177706,-1.1354233124252042,0.7633497916722998,1.4738028130389382,0.8371114534212408,1.3349856475660902,-0.3285421819820735,-0.9852878205242156,4
4.039328231829997,-2.4046596671315847,1.6720137472646692,-0.23263147050298694,-0.26183915782054606,0.8731522256334888,-0.9283970319558612,-0.3942338966628968,-0.7260250749980639,0.32432224756485617,1
2.6042438439352704,5.768873042442445,1.1587077809016637,0.2824009191268921,-0.09926203320427732,-2.2405359695495406,-0.05317091407342611,-0.09893551739347307,-0.2635323827681318,-0.3722629281980681,4
-4.183974626487867,0.04387724354573259,1.5622409905637173,-0.9397102234720041,-0.8056980591477346,-1.4227424521443808,-1.8084747719475482,0.167915117583193,0.22007291933901565,-1.5160390399179944,5
3.6323713414792804,-2.9733122593929213,0.08542701123933642,-0.9775612322978238,-0.2459600018786732,-0.13146506587142937,0.9662641479267006,-0.6276781227224311,-0.8608743749207576,0.09509081436243814,1
-4.852237392896324,-0.3742451067347867,-0.34043562461953564,-2.3744027677661688,-1.5302367813253588,-0.19328116397742465,-1.2677981726448182,1.2636662416557811,0.21987268704752322,-0.8869310022203617,5
-6.169045096760102,1.1813124726300455,0.9904699798224424,-3.294141973538879,1.228440095080054,1.031597353371748,3.674463713410439,-1.3278910824017611,-1.596327241896541,-0.06453093795613125,5
5.277614472376703,-2.3607010573593143,0.11577260039822487,-1.7007141576179128,0.27901426955612263,-2.3403405606395773,-0.2995153622724512,0.49480760407276486,0.6758890530921929,-1.2361025771789873,1
2.810131453147302,0.5766344937555856,-1.9255745474755679,0.6495838250915889,1.7246888106507607,-0.9370772997782963,0.953390669700688,-0.15265659204826948,-0.3608631503302146,-2.091753654517659,1
3.8292545378637777,-1.0262275436975021,0.28197019509683174,0.3078830987719103,-0.16653209425547835,0.14816076211842186,1.1238227811106138,0.35065876335866514,-0.5828560577904927,-0.1657651993913858,1
-0.6755143681956571,0.42689118736253795,1.0619411231062375,-1.0584061174172243,0.2899745038760785,-1.5650832073315182,-1.8525247929474895,-0.26263239627718166,0.6194560871888722,2.1964196621678043,5
-2.5651270972381517,-2.969852181685606,-3.111433918290636,3.7061633428985226,-4.190628118807598,-0.527148050853584,0.6946205468445469,1.8995345000170976,0.5303737211999998,0.4237195045348236,5
-6.243661059012765,-0.7605700790968636,1.275338127709923,0.944516131618333,4.178291317335141,0.13797106511089752,-2.2767322696138503,0.5389069587320032,1.511048582904537,-0.47503004245543157,5
-4.5607318975449225,2.223211598690777,1.4721305165242011,-1.55691105551727,0.43117924116784373,0.5775443399706398,-0.33590231923938224,2.780253332641719,-2.094270136466207,0.23028381323141753,5
-0.6820628743246022,1.5967487891170187,0.19077445881741437,-0.6982728663448036,-0.9910259266843303,0.5668092927879214,0.016425763265382785,0.232247719023873,1.1843242239143326,-0.3960508923750644,4
2.0012473887584874,4.710543353111624,-2.1828322392028223,-0.05190611748856127,1.6391763756723108,-0.7017555429688463,0.5787144480158503,1.8040038922593713,0.6378371209843098,-0.8068456377925998,4
1.8376967696870563,2.711192988777063,-1.3668951799387747,-1.8078232749855634,0.045518409487328784,3.45694795836659,1.2311028372675559,1.7334261633309118,0.6585738532721916,-0.39172903670283443,1
-5.221133251185931,-2.6822337176204782,-0.4173746025525031,0.8202338980945866,0.4488384580156358,0.09154081187519776,0.37910753454674695,-0.8806125690469618,0.5920805769344107,0.26614434430103534,5
4.336815163264609,-3.063393483905003,-0.9893874857120394,0.1620027453000478,1.1020741463470058,-0.7192033013448447,1.3808133678214058,0.41703942004788125,-0.850509579971592,0.9906727543961329,1
-0.8853568786722555,0.5402615057592839,-1.1765083560162022,-0.6310471635326255,1.0228271411559082,1.1634339613062843,1.2908697500400235,0.3271432014180321,-0.41305814484032466,0.785668936135118,4
1.3239921014231955,1.0900764712786961,-2.4402660155021176,1.717030253102673,2.412891584999606,1.6829793158683233,0.41084044171145606,-1.2874271330384746,0.4462768131425986,-2.2362849149547,1
2.744078019371031,-2.583359526068095,-1.2222254731208377,-0.40448408266922115,1.1824282555469634,-1.2792954774194703,-0.024193633438336574,1.5977629742775739,0.999232679694013,-0.30808905305866296,1
4.701561590499056,-0.1054072761890408,0.36648004719491567,-2.3022777464021957,0.004187162160670183,-1.6548771315878554,0.07500006434668284,-0.5275074318240641,-0.07364138797974963,-1.4985072080731543,1
4.380263745340843,-1.223486831872745,0.8229747272474345,-1.2578189900936527,-0.012819601682742408,0.17200899132522945,-0.5608660491082137,0.1589468843474172,0.486357723880811,-0.41814403819472035,1
-5.782415007590821,-0.2517160219593871,1.0075535995018021,2.6004970666023763,-1.873872531516518,-0.7638033749420884,0.7013420992357517,0.38365278615974246,-0.04684249194340269,-0.7450035519419574,5
0.7407148962155116,-1.671310423083764,-1.4601122252865761,0.9203082957017985,-0.16560682167853666,0.5866492377606073,0.5795862702065517,0.09421656717798674,0.4568871631367224,0.04241155426948948,4
-0.9638503641068217,0.19581513008952545,-1.0496527412327792,1.4838869208253307,0.23603048805064625,1.9019581000460775,-0.14969138915140837,-0.030323566082026947,-1.0382715155445146,-0.8851040532038957,4
1.4809175240758548,3.8789996284329735,-0.1071809236003953,0.7654198342464215,-0.5094161072208306,-1.5496826120191052,0.29451702260634466,-0.6962432791292549,-0.8636169237747586,1.052688330242487,4
6.932366051381474,-1.3375519641122242,1.6438857486355716,0.11554088347808818,-0.3780721011188552,0.12341948102771716,-0.8343615621994993,-1.396882116805318,0.44073697601801093,0.015940114772574853,1
-5.5403307014033345,-0.772368355543198,0.06794899019985294,2.719839758070404,-0.9249862179449281,0.1854440517664346,0.5527303678705018,0.9996775133121335,-0.37182595346934805,0.06504878206010176,5
0.9675792901178618,3.215985048753837,0.5153531358218221,-0.19390664335053764,0.0014162761018274097,1.8842758440851082,0.08951345043842857,0.5160861909092693,1.110417084866184,0.8871812727933643,4
-4.1019687251897015,-0.3464442034895638,-1.3402780824750469,-1.7505901453946215,1.2117417543192026,1.1551291740571936,0.7794407079602002,-0.25666730406531457,0.2945345187564506,0.6379394388087776,5
-0.9497434765519553,1.0054245461632885,-1.455109667574539,1.9008670398328613,0.48961276556125455,1.1637808621604513,1.1241947978938323,-0.09578689035616518,-0.234842418663682,-0.4872629898217759,4
-3.921759925209117,2.829111607512081,2.7958724382644515,-0.39687176623713266,-2.03210914529634,-2.338710196888345,-0.9621691216805436,0.32842457309182965,-0.6721522107554452,-1.3122252365136955,5
4.081031815685307,-1.2030685417129352,0.7719018644326795,0.563120430946986,-0.37268570672238677,0.502794796850603,-0.5409480470535812,0.48170991564727134,0.07574378269145057,-0.6909063355868722,1
-1.3292414190379136,-1.6022245146833858,-2.2569800921368346,-3.1391156566976197,2.261392253938547,0.881877793643344,-0.2642950775908385,-1.3071331142763578,0.7156788170534125,-0.4924704048998237,4
2.6318960196437007,5.948535632974427,1.056771553678665,0.1121311240821502,-0.03610892000888471,-2.1651699290246196,-0.2146405355442813,-0.23349645497849433,-0.33700695743639236,-0.20400179072659952,4
-1.6278459041906073,1.9583184627585193,-0.24544098473546574,-0.6008280949175328,1.337208284063175,1.4463008840194669,0.11566455862098726,0.25029108959828705,-0.4869651516692834,-0.930945511704983,4
4.1940497398130745,-2.230145211517983,-1.0747548102096947,-1.4763730176983778,0.5981217494703283,0.8063352519204235,-0.5860033645988288,0.8398008913616175,-0.26710395995365566,0.26455221764334985,1
2.744078019371031,-2.583359526068095,-1.2222254731208377,-0.40448408266922115,1.1824282555469634,-1.2792954774194703,-0.024193633438336574,1.5977629742775739,0.999232679694013,-0.30808905305866296,1
-4.039591216195989,-1.8318895240214463,-0.9400298585153005,0.5511363118627285,0.528266353022687,-1.3926429552382746,0.17558153208461796,-0.4890564492983836,0.813286081756382,-0.11552576333453882,5
1.7944161872191415,-0.14672113709012302,1.0588436264032353,0.5509439060335118,1.6675113939813904,0.6078328886280726,0.7282273689134592,0.33906668132021384,1.9091210547061377,-0.08239732996148985,4
1.5545940911306988,-0.03331231340540782,1.08557363876214,0.31546801884870623,1.9728873996680567,-0.3485072266395545,0.13796385840092146,0.696831144760193,0.19444154027638566,0.7136284188593259,4
6.629341303050683,5.950626572637764,0.9968921040534112,1.71843428896982,-1.0533065261098067,-1.5647154128151932,-0.8031557207223008,-2.2646042054398947,-2.189435450588752,3.16596842305142,4
-3.979043131941968,-1.0575686467434402,1.4312177852704326,-0.20009226471810743,-0.3975087275749379,1.3425222359268179,-0.16537914900025533,1.3046053724099926,-1.2512795063720863,-0.06140493430059339,5
2.6344671666376063,-1.559662485057704,-3.3739405339498187,0.09528698900638279,1.0894465465866314,-0.46887664438869403,1.4700501237556665,0.6888744507259513,-1.484715308801447,-0.3116890580077782,1
5.770302809563079,0.3390461624989122,1.523622750262534,1.102133333761477,-2.7355245074740004,1.1094884498321873,-0.26296468817464375,-0.816897259718353,0.2634626329267716,-2.1595314418134084,1
3.5035327465786454,-3.2892878812374264,-1.290643147312553,0.25644620224842196,0.3436825713559671,-0.416927116877233,0.5726208271984038,0.5400908760717664,-1.1264010986017379,0.4927963361933362,1
2.625321969682601,-1.2210684500588729,2.442453528642078,-0.3729027573409954,-0.3408645788062489,-0.3559916524086795,-0.19704852367768355,0.06233645736825161,-0.9028264519065645,1.161026367629277,1
-6.682905207090898,-0.4562461024365912,1.6235971175215642,-3.373819827761021,0.839339214649094,0.9118148000320662,2.2189846235570503,-1.2885144423506152,0.3482542661557237,1.9565413027374696,5
-4.910468715756406,-0.8917056579241622,-1.0256482614119584,0.03593113039789159,-0.4879968995204156,-1.521430664739589,-1.1257932169720746,-0.019833894875129016,-0.7494468595798673,-0.006052002710522301,5
-5.100106026168086,-3.3458796677682945,0.9161272508324201,0.6875774424180341,-1.219812506324942,1.6126865583770047,-1.9336514542161973,-0.6123852564292513,0.21425635251309444,1.8134780307044056,5
-6.218501072918951,0.6070827798345645,0.8124521511479647,1.5480384330322043,-3.359643598149362,-0.21849362651584928,1.6611989114114676,0.9977139728052862,2.583236030677366,-0.7798959138351413,5
-5.288404885417907,1.5560407043488629,0.46199692348279736,-0.8425706303649332,-0.3836706318007842,-0.02042432621250666,-0.8512747300254623,-0.409634312912005,-2.1180650969898243,-1.1496369254298238,5
-7.098667155316692,-2.3943006130038724,0.41950854387188147,2.228170138184928,4.674688423558375,0.11070995957385701,-2.6201664723623206,-1.089226221961187,2.7021785041653015,-0.08589812788647541,5
1.7605245530495375,6.942445778126247,-0.5661315907801768,-1.0850387725602921,0.5023874392316917,1.5186490672587596,0.4659663634634135,1.1210524936934783,1.0844482860771862,-0.5763726583009164,4
-0.5720123094489974,1.6061853115992066,-0.739090940206175,0.6377192300948663,-1.9187116105930766,-0.12609601028256615,1.7720004698401024,0.9785049486165549,0.46402665773854124,-0.8664095691253211,4
1.1661493222447272,-3.890743061437527,0.6615472991658754,-1.3911415426553941,2.5460940386604403,-0.17053669733570248,1.4661361103618036,-1.641111039752295,1.7047778014249935,0.4696342306498158,1
3.84102285713329,0.6606041120088884,0.21049988017455812,0.8544510906507157,-0.4689806886454587,2.4168546141215796,-0.8293995678087206,0.1272842753364081,0.7980160815144396,0.7132286871091721,1
3.6432161281517885,-2.6003964219024036,1.2201593422668415,0.8934499537150226,-0.37282576946547086,1.4637204484393818,-0.391888298347267,0.2987403449078654,0.38676425202419784,0.6032095400364512,1
2.8147918362876125,1.3641104430113071,0.6912108754914176,-1.6384005517539348,-0.894061454450637,-0.5678590867819703,-0.47314434753517864,1.1490421356870648,-0.7183934274630632,-0.7114574922697212,4
-5.926598690543606,-0.8589592721261486,0.34985677254997694,-1.9727295183122127,1.0489851061875768,1.8730477519023194,-2.5451042372610804,0.920525103374308,-2.494971334343423,0.5821282107539293,5
-2.0575658022597283,-0.6690539241980804,5.332609337456182,0.22408826217860028,2.0500876484247272,-0.9448741286618245,-1.339514532452475,0.26658536080855055,1.4303118059158828,0.5613740049371652,5
3.175499723147285,-2.5974931813849307,1.6321632133344988,-1.5548385519308132,2.3414225452962842,-1.2011532301666799,1.243560130753849,1.9950947504126146,0.5082346956666486,1.2886850660222333,1
-3.32364042185987,-0.6222605071790127,1.9623984026059968,-0.271793170361191,-1.9951404803392703,0.6215770949296402,2.2099610002629317,-1.3444236304591939,2.156396547933364,-0.08942777028746891,5
1.8218973929817315,5.349583425076012,0.9258592678865849,-0.3681453194700637,-1.2601110723692786,-0.6523996035753403,0.7725307421198857,-0.28288068350797385,0.42113938735576684,-0.20721033957303334,4
0.15736377729388182,2.2719120921759655,-2.7045349702436785,-1.0631978562701536,0.23138473116493227,0.9597611598302448,0.2512241749718248,1.2129889732984391,0.2857408621364358,-0.34277096513657573,4
2.2144249400945375,-2.2082774744893148,-1.1560702455382401,-0.48619403354820273,-1.1054861587059335,2.722810263698153,0.38633438147910365,-2.9349356910600206,-1.112926296500296,-2.2328336230596246,1
4.399383824405037,0.801291416856439,1.080231512149426,1.5898435944296152,-0.6105744101387911,1.099618277545897,-0.6790874469115992,0.21906106297110922,1.0234004184754018,-0.38917769405722125,1
-6.330969857114064,-1.655597133847325,-0.7009750935034191,2.140129391937979,-1.498623631027858,0.9153724004242003,0.5627285077052414,0.9173470818337441,1.875923435798993,1.6870903559051096,5
5.593748180452399,-1.9864947232929504,0.9263132207503421,-0.07088942285571165,-0.8044403823892674,1.776275413213376,-1.0989249367170397,0.5628193484278332,-0.9282294859623534,0.29246294538481293,1
6.282861551559334,-1.2522672721157828,1.7890356874181812,-0.10772046449359772,-0.7191777655915574,0.5297538624248938,-0.34803122635145933,-0.7232116422338815,-1.3293765644960975,-1.135969688751078,1
5.434558598048108,-0.44672619667204005,1.2546984032208672,0.7679246247431037,0.6436634495669332,0.6350321197573376,-0.6012731050156778,-0.0241358785734576,0.8781168984978925,-0.8817388874591034,1
4.337292776073572,-0.889300929178088,0.10138875654957545,-2.23501096864675,0.0716180846945404,2.052750403217461,-1.0033775967832168,-0.13221900799494854,2.2606065106125404,0.5301725922723495,1
-4.086593016336633,-2.4574260686323357,-0.8824872357198629,1.8979668097127111,0.8048853506810004,0.21587031117720745,0.14713100009205032,-1.9427066744465797,-1.3074939215135664,-1.0079316850619784,5
0.8463983590168326,0.8733068539355653,-1.635391380880186,-0.1802821146021698,-0.2845439471413715,-0.6519127953819226,-1.0971118990338833,-2.454842728750227,0.8862357677054752,3.4874451498519354,4
3.081323402059719,0.22876217097137533,0.1965521166243084,-1.9144397650190328,-0.5349656972139967,0.6267496998692377,0.962393899624894,0.5103294298388433,-0.7957400478544057,-1.2930344627354877,1
-1.82643709653348,1.0473881332729578,-1.322097826901728,-2.052901980636663,0.7684663867367013,-0.29295607079211844,1.7133852717229812,-1.2794829412643485,1.5989477541932047,-1.0448531116280124,4
-2.723209795039225,-1.4350060700292084,-1.9438115199140042,0.9713805744526832,-0.8475392396031811,-2.6511580614480126,1.5773102051085937,0.4499990960596418,-0.5750024723873299,1.4599749129658903,4
2.4375776362564445,0.06700607952076684,1.021682800324157,0.8502480493684439,-2.267076425804505,0.5088387775081168,1.5287033892102042,-1.1958564801264886,0.21529639834561834,-1.4169839942911304,4
7.355803512050953,2.672145180956015,-0.03307269112705037,1.3420539587866243,-0.09532589392878302,-0.8179424169983743,-2.181670324869689,0.33821423898345776,-0.23736900602124672,2.342763918348277,1
-2.653854242705154,-3.930175471830924,-3.6311934303578517,0.05183924640450111,-0.46098786559562865,-3.166658245256122,1.8032694847230915,0.5687354161813492,-0.16091108605637727,0.6560925906759819,4
-3.171425275936771,1.1616551759813667,-0.018491483775366115,3.967595962686616,2.2649486387602167,2.2086110396228893,-0.428306443204985,-0.3361956956541604,-1.3885463186220728,-0.46576589533539714,4
1.0236508173183045,2.0555724741148844,-2.0948113862770366,-0.4295735884568483,0.49115003512890093,-0.06502538546832198,-0.24069518552255173,1.6567433290231468,2.192026430387424,-0.76567755819828,4
-4.6772645808885285,-0.4264383846477453,0.6613817015601584,0.5243319867998097,-3.8631713461833415,0.369516271122497,2.283219808851983,-1.913117094785426,0.47725137092833103,-0.8010545618972733,5
-0.0941842068761819,3.1250109604488268,-0.6890368604131282,-0.31787414071580866,2.0500570264720213,-0.909174547182798,0.8430345393536495,-1.4334268757331914,1.4961508964985901,1.5523740980988796,4
-4.864670068836989,-0.4359719676875524,3.3926169831556026,1.6444161536922148,2.444880258158514,-1.529480575557068,-2.678436215556511,0.289711283138543,0.7678763203088592,-0.12206884251720575,5
-2.2011500228817633,-1.640588444542733,-0.9771847165213808,2.690101140148562,0.5826510677046851,-1.2583365913567777,-0.8488347813155014,-0.8451712813983152,-2.0162836549147864,0.5299769324792611,5
-5.525198489688797,-1.0584208526936367,0.29340972612664734,-2.599197908525509,-0.5699322259895477,0.7071232893799102,0.8716314542423352,0.38345299983206804,-0.15531021566627812,2.4337418286377592,5
1.2484599925447888,3.423298773092468,-2.203371180928466,-0.6905291848398031,1.615887506630386,1.6972023814278072,0.8665554781772534,0.8041304459168089,0.40744864168587386,-0.09984146071264734,4
2.900646451922654,-2.4930052730104744,-0.4606863939358839,1.3138729257112727,-0.48242235723525,0.23508640855340124,0.5225868472394917,0.21926729822486948,-0.012056507498835408,-0.5510640602820361,1
-7.599195864130837,-0.8698770425697799,-1.5473514122826129,-1.6680718275455595,-1.0528558585238361,-0.9310969598583337,-0.6911060094614998,0.388725259713692,-2.2925345043922216,-0.7091200261209706,5
-0.1048568536972226,0.695268790314524,-0.5309873135931422,-0.13273645953084473,1.4474985178593203,-0.5943931462814399,0.4069057559069291,-0.35755316335853043,1.634066506225147,-0.16540958977614803,4
-1.8993509143948548,2.269243530109454,2.4229230408260047,0.5529122343966083,-1.5464048761915783,-1.5428473735638772,-1.516272743107874,3.750301479012968,0.980955159548114,0.0897918333006128,5
0.24572841750775237,2.8916054712801262,-0.8074710966207475,-1.5434208820852942,0.4404027934318722,-1.0001808876913476,0.3448514334273018,0.0034504040751020303,0.23283059421312097,-1.3638536974374185,4
-4.690741368406442,0.3221749302802743,5.3888524730026495,0.19397297790025733,-1.5898221765389307,6.260739669804229,-0.5238900827927155,-1.7189319380278276,0.6061518331230413,2.6282584292285107,5
4.285405139342575,-2.4814885236526867,1.1218462734151584,1.028537668010487,-2.07989976519136,0.19062593282566942,-0.12645905846523492,-1.8142135118173233,0.8543346307512492,-2.033405082745002,1
-2.004986892735143,4.2955861850515396,-0.306632617247558,0.6958344424303863,-0.2300867862054895,2.41211362957416,-0.5084994423042505,2.1436922817093755,-1.4331682887667399,1.6325211196346563,5
-1.2102084289818638,0.5723602623712478,-1.899711114866537,-0.22279532945012984,-0.8592974114540158,1.3581166855823952,1.0770777701872616,-0.28476838814166505,0.4261338023096685,-0.08269567162938642,4
4.7579246499199055,-1.844366816353351,-0.8748467526382147,1.0217561726938424,-0.29084323445717686,0.8469380710112369,1.1236187469301226,0.6725536720301604,-0.6840109964451053,-0.4701455603632013,1
-3.0690136389514264,-4.147258028213588,-2.628090031746888,-0.9053215922126215,-1.7753013215400597,-0.2215658421692476,-0.017289536023181347,-0.7926881670404885,0.10500396110856851,1.8914747555644142,4
-5.177145818948817,-0.45965307849073117,-2.87092391811647,-0.11069797420590372,-0.5918746550292336,1.4452173374889494,0.7822947154592113,0.9557708868465519,0.18161280668717167,0.8730175046677715,5
1.9915050834330659,2.7815708145572544,-0.7131825681764041,2.075187507215567,-1.3257035368801457,0.6908523301583822,-0.6991528630325665,-0.07534159890191608,-0.32732027496494703,1.6841816342077742,4
2.5666283090926307,1.7174880999980504,-1.0241579620011891,2.9838959483271355,0.3680411913089041,0.6793409820619482,0.9918273165883811,-1.5634883894170135,-2.0186004988160278,1.023478791193098,1
-0.6051391852185676,3.0050658383918933,-0.3650619939387842,-0.4472865948293615,1.441359367618983,-0.3463531237282213,1.128074275035358,0.4049852956738264,1.2241711437203184,0.3082581584101449,4
1.3374590571856466,1.4009017488083693,0.6751308888170906,-1.2573405444205603,0.24328558151890337,0.16279078372075306,0.7058659706763379,0.5199816481414669,1.768575169992294,0.42937208412948225,4
-6.8433124097464635,-2.299918399016999,-1.821620394323302,-0.15875171884593234,-1.5556832074419253,0.46555016016946754,-3.223846440984627,2.0898061043689857,-1.8756260518675192,0.9752133605342946,5
6.115168392122717,-1.9298698795690823,-0.22468587995182157,-0.6167729704190549,-0.2805566412835384,0.7997087286978919,-1.1316316715875743,0.7291761817183116,-0.39503251509376147,1.0257919402012827,1
0.1618535957012893,-5.090772640870887,-2.4302315145003464,-0.7180470520848976,-0.6820392380102909,-2.0839887736239904,1.1932353180920414,-0.8387934989497096,2.3212275522456096,-1.1101534313295556,1
0.8345428223620182,0.4685093842656903,-0.7293098774777039,0.34237413670814376,2.3734437958528423,0.7173649512221721,0.5546953602400232,0.7106906657107125,-0.030114129414305787,-0.03419904336237428,1
4.041502175695044,-0.7987238567537159,-0.8159927368289678,-2.5720576856351043,-0.8146232193315317,-0.42785396523957764,-0.3611790215667822,-0.015346654764751768,-0.2737052628430301,-0.8520401200765186,1
-5.250842177571995,0.1457288459552408,1.391213597193809,-0.8795889584474162,-0.37485196514753466,-2.328472345969015,-2.337238179292288,-0.1820358217266961,1.1769530452557042,-1.5513660033560812,5
-3.8835768030145026,-0.4240079068701013,1.0360430006076018,1.6379001613069297,0.4296845806385167,0.13656073154312642,-0.5263625939528875,-0.11482515671987235,-2.6447704293497383,-2.3189355935639315,5
-4.167423697308122,-0.6506619176124445,2.00965493847918,0.9125731448703674,1.7098961440154319,-0.9142075102785496,-1.7577202550482802,0.43415015693476466,-0.7733964753329756,-1.1410757181197602,5
1.37188718679567,2.848418925346517,-1.511184456571504,-0.6682274010581227,-1.4735469019359742,-0.5187178663361464,0.14704632403561993,-0.5185164706514801,-0.8590514230836688,0.7544554564834477,4
-4.919250284490144,-1.7419105439519353,-2.8623523895143963,2.38139837271553,2.7504929303181918,-1.0352142849221235,0.4538334389363073,0.47519635754843476,-0.5503373798371652,0.24044152441438213,5
4.070707460206852,-2.764433975908591,-0.3933299407148708,-0.41542399285704884,1.1135805202430442,-1.7961451723402402,0.41518425813945004,1.6289803599055337,-0.11224353699088907,0.414290266465507,1
4.798492264384756,-0.4491085738536942,0.19492852180954046,0.9199280642010117,-2.386267742106282,-0.33043610441548904,1.3643775089360826,-0.3107616056689444,-1.113177247584442,-1.980336528976977,1
8.187833150789952,-0.19801700394480848,0.5874809540147202,1.172392959480417,-0.03278671356331931,0.3117951052270651,-1.7621115854518838,1.3747183544436417,0.22707330994965458,0.3647592789464267,1
-0.9815412693377689,-0.16974971531180932,-0.3331726474513929,-0.15302355356987743,0.14731157773870726,0.7263533334173222,-1.3134812028894933,-0.016658444595829932,-0.2956473743191583,-0.6905615921105192,4
0.387546311967683,1.9745439090457495,-2.8897030228680367,0.6229849479615688,-0.872233612159416,0.42479173987498114,0.16180903864111576,1.0358762595976596,1.4735966999773007,-1.1148334220906233,4
3.9563829261392285,0.3994750759745451,-0.20539979627511423,0.3078681069528486,0.13633291861373836,1.3859624468253593,-0.9299228779774718,0.7910599914269217,1.1554857624428148,-1.4528246565202783,1
-5.632236130097943,-0.2707498561504524,0.7429740777470162,1.3522419713061986,1.4454110129515523,-1.0592490436606359,-1.2889725241106555,-1.54145375131302,-0.8491657583879809,-1.391409196997709,5
-3.304221693879879,-1.993744451626102,-0.7988831905043688,1.3875237560561062,0.6747335946491629,-0.7387200713500227,-0.051588897647418454,-0.7791498859359086,-0.14385481131799843,0.33166043718090094,5
5.518694007586447,0.400591751230182,-0.6831660087340421,1.7166639284825926,1.119518782281877,1.6125582779436596,-0.429699248253022,-0.4045968189931581,-1.17119773204513,-2.0358930936203756,1
-0.05976868291892566,2.8490303564604047,-3.8555596356287576,0.9845960312269529,1.526597360845928,2.147165205041588,0.10787052630721393,0.7980074491106974,0.09317837405318527,-1.2916288572365442,4
0.7341096499896126,2.6252076025917677,-2.5689780321627786,-0.47228558816143085,-0.5112969834849985,-0.013558508038424889,-0.42988470276322166,0.048193919547814455,-0.4948177575487494,1.457685961155746,4
2.4905940582338366,-2.5796261514018246,2.24834178351293,0.5683769401995715,-0.5092963388375048,-1.4568900464426615,0.3316623918960962,1.3274857412683758,-1.787007978154054,0.3280429372508085,1
5.152432865954884,-1.8117910377437239,0.6678366080096562,-0.05410695512463702,1.5004032778663952,-0.21748661964831248,-0.41532833897318466,1.1453119316957936,0.4548159108728192,0.8112785250765184,1
-2.323207170197676,-0.19195099530760074,2.511003781476769,0.46012133195517974,-3.2600558466062686,-2.1268449144759,0.8030745344452205,0.8457573958274704,3.551061198912619,-0.8312102485193905,5
3.720947768288704,-2.2261221411549204,2.380864361591932,-0.3063107918315423,0.6374707283318982,-0.5035508842857911,0.029261909167465655,1.1018760795833482,2.5517281200352047,0.7878424615716475,1
