rmse,tonnetz_allDims,spectral_centroid,genre
0.13452314,0.0415261711573455,2578.9016716667147,0
0.12577392,0.038170434835306,2624.813689656775,0
0.18484113,-0.0245350018872806,2914.465142852169,0
0.13466883,0.042530385512787,2579.310087157286,0
0.09077041,-0.0333359107980434,2849.1201735577824,0
0.07681599,0.0962418842605139,1528.0352161403853,0
0.21861006,0.0047161595441104,3007.5696297712875,0
0.10110279,0.0420723896843989,1352.2176709922103,0
0.055633202,-0.0116090873518764,3502.957535650075,0
0.14624909,0.0841828203567497,2763.9493488117896,0
0.11595398,0.0189517134991784,2113.2149509099595,0
0.19493696,-0.0384549619161677,1870.516925055398,0
0.11322389,0.0198405240521047,2370.7811976640423,0
0.11110256,-0.0010754617960237,3674.8025488388457,0
0.13684125,0.0735333894724415,1831.4004476531657,0
0.17731188,0.0242551194344196,2191.146579143164,0
0.10779292,0.0303263285950786,3474.151620186833,0
0.15697321,-0.0394253567014357,2156.167785303529,0
0.12899226,0.0270720574737064,2119.582056978363,0
0.14243895,0.0076997303977871,2520.62761769247,0
0.150948,0.0409827646090926,1270.2896116060815,0
0.14833729,-0.0207027002874909,2536.6938142007953,0
0.12002846,0.0535956953405151,2034.9281994030464,0
0.1722999,-0.0520582878080708,2902.5435994055083,0
0.105383925,0.005431380680576,2006.944476457636,0
0.13153233,0.0303648466370244,2876.4973856225533,0
0.18123776,0.0041079506315315,2023.995104156505,0
0.20404299,0.0441539244722289,2364.288500491504,0
0.212132,0.0048597684738765,3021.466254358462,0
0.097501636,0.0816407866018147,1362.4745885073664,0
0.06876223,0.0322510147885702,1667.7885936388832,0
0.116398625,0.0447716908142362,3002.1693688223036,0
0.1362797,-0.0133409530584812,2278.9418605095357,0
0.13596319,-0.0024877439130067,2242.506109342796,0
0.107811615,-0.0562139662700385,2364.5228220496583,0
0.072785914,-0.0163917660596935,1516.0527862743745,0
0.1822014,0.0079980602907017,2860.732248102126,0
0.28233144,0.0048911055579279,2047.4370609309988,0
0.09544872,0.0464694574741233,2441.767625029722,0
0.16177149,-0.0298536394875525,3268.428871780434,0
0.1319985,0.0169002503723514,2290.0980250446937,0
0.024383008,-0.0167667988450799,1453.4542421902004,0
0.13355999,0.0081389111790228,2002.6345987484424,0
0.14826393,-0.0099874214692444,2638.548508303398,0
0.14117599,0.0027411340389782,2794.7594461604317,0
0.12222304,-0.0946693061368632,1319.4328621422385,0
0.18325473,0.008690276276593,2919.937982064331,0
0.15318926,-0.0360301013400879,2232.335731159407,0
0.1342282,0.0381894594601175,2485.4614133802024,0
0.08814483,0.0316154776671207,3657.28041666559,0
0.10523017,-0.0471433652696805,2313.4962393440615,0
0.08799967,-0.0139799007182489,2941.9249525447744,0
0.1645606,-0.0410637533245551,2358.2069152956806,0
0.12248401,-0.0061695006567437,2602.347047665269,0
0.1370347,-0.0150344491482024,2901.80811690559,0
0.20515338,0.0303608932393826,3116.6019292918845,0
0.11461891,0.0016669404897627,3055.722571663651,0
0.13356109,0.0385893092101704,3142.913642764056,0
0.11225085,-0.0065726027708596,2908.445489319756,0
0.101791084,-0.0062786136569863,2044.0860181815617,0
0.07136895,-0.0106441656823508,1416.8046793430192,0
0.15272681,-0.0003217720365428,1266.4675731927232,0
0.12929545,-0.0164749325878797,2770.796424426421,0
0.105353184,-0.0148682789626464,3051.6081091151123,0
0.08898528,0.0193517469548514,2953.220503123338,0
0.20918433,-0.0106042803019032,2125.2856145356964,0
0.094624296,0.0098176317355016,2019.813731082684,0
0.12949356,0.0192456210906487,2405.4919207812427,0
0.14326136,0.0293522853401876,2693.926969387159,0
0.12566088,0.007958720847489,3599.3362524308063,0
0.10779292,0.0303263285950786,3474.151620186833,0
0.15798742,0.0219404323669286,2987.9734018379304,0
0.15825531,-0.0055293640170075,2520.264437270418,0
0.05478087,0.0057930359304575,1628.7660982693608,0
0.13501503,-0.0027819297003323,2253.3057839127605,0
0.14987326,-0.0024332544078726,3420.0970338886186,0
0.14769618,0.0209528454192248,2258.6666063787725,0
0.15275714,0.0102378751851083,2745.6614093878975,0
0.14127916,-0.0555152357279619,2521.3874091715684,0
0.14975324,0.0287528719043503,2183.5084953667983,0
0.1060406,0.017381558103159,2670.391886323214,0
0.11441602,0.0245772955175868,3044.5295960829276,0
0.11350613,-0.013705424348869,1810.418214580261,0
0.12575081,0.0379762464826916,2624.227396883537,0
0.1414375,0.0171233891427841,2708.1529044263166,0
0.20116776,0.0498299438971251,2720.7015570793164,0
0.10285511,-0.0593225849990981,1824.8026039404947,0
0.17231204,0.0342766962768095,2717.683350287517,0
0.13532944,-0.0550196576284197,2579.0077807328894,0
0.20116776,0.0498299438971251,2720.7015570793164,0
0.16315834,0.0100914177205187,1540.465788455209,0
0.05192493,0.0663146105965999,1637.5697709560402,0
0.13648225,0.052842695165615,1965.8386491639735,0
0.11882573,0.0084878080463284,2768.920809684294,0
0.14393406,0.083630339078007,2753.2776288861596,0
0.16075076,0.0322687324880302,2631.9932576339843,0
0.09812713,0.0028192557806305,3193.800317379832,0
0.18119526,-0.0186521316707402,2705.538147120518,0
0.15771692,0.0139380716545894,3163.5117822304483,0
0.1430281,-0.0133949027765193,2245.8218366926612,0
0.23076963,-0.0342678991290187,1113.376201681189,1
0.10993772,0.0139139689994895,2070.787517275784,1
0.07943429,0.0359654381963299,1553.829867701169,1
0.0843051,-0.0069635179809627,1938.8006219270212,1
0.07540956,0.0155349283421728,2748.7481217183617,1
0.060998548,0.0229029072512091,2445.15771726462,1
0.02653769,0.0017852637630599,2556.858384068895,1
0.07047177,0.0321932076585358,2783.199757014366,1
0.15360968,0.0201506597874497,1934.005644742825,1
0.06302015,0.0281960921331248,2465.2243057959895,1
0.14588363,-0.0129452491761452,2244.2108086051785,1
0.07982606,0.0151720743722349,2114.830036693754,1
0.13607861,-0.0096283940316287,2879.3714331494025,1
0.07695667,0.0340977946313774,2181.001645479478,1
0.073512316,0.0302289335371709,1940.3302256620568,1
0.02946104,-0.0538093526305267,2296.5246516567486,1
0.174567,-0.0091909306933458,3063.261368045749,1
0.05909741,0.0117994484587785,2478.7086625261627,1
0.15247078,-0.0030459573804494,2536.109533192824,1
0.06826,-0.0292135745477863,2594.0658555605532,1
0.16572121,0.0194139802951734,2762.383009314128,1
0.12626332,0.0264126405219777,1718.6168305400531,1
0.04834222,-0.034896249274718,2450.2629282743005,1
0.18755145,-0.0490375671517212,2584.927696767485,1
0.17095754,0.0350619476779251,2049.3634877722907,1
0.18958087,-0.0264202326093841,1646.3249866979747,1
0.057458013,0.0263820821698719,2305.937016702019,1
0.06419042,0.0155505742930574,1941.274586156237,1
0.07635634,-0.0052890098376882,2848.4502126213806,1
0.081626624,0.0259388287923487,2832.5582322894893,1
0.1523999,0.0168834711930729,3157.739926781906,1
0.11762311,0.0015577489788109,2198.002676089215,1
0.060998548,0.0229029072512091,2445.15771726462,1
0.05726466,0.0372135621144471,2333.5591134392052,1
0.05608591,0.0305973268855275,2642.007223003453,1
0.05757239,0.0259918052827879,2024.491398746052,1
0.07477494,-0.0139279480175432,2482.1172360933815,1
0.06956055,-0.0068240558772987,2521.026561438872,1
0.074537925,-0.0089598312806734,2234.1545418714454,1
0.12516527,0.0227465562062227,1770.7578548246463,1
0.18615045,0.0198947193988275,1097.2387260567743,1
0.05909741,0.0117994484587785,2478.7086625261627,1
0.15618311,0.0124040216695299,2906.1183534920774,1
0.040696017,0.0098590054581926,3151.6564734813182,1
0.09475289,-0.0075449462047285,2383.25429836859,1
0.058227576,0.0244694469425826,2573.4581920001297,1
0.098653466,-0.0218809065231053,2255.131009531656,1
0.05388293,0.008310802202438,2906.994208309755,1
0.062171318,0.0130855892480898,2257.937987216557,1
0.14631906,-0.003939308113993,2396.188922557435,1
0.092401765,0.0152433109258352,2523.2024254114563,1
0.07999599,-0.026802773517934,1983.172289292531,1
0.05757239,0.0259918052827879,2024.491398746052,1
0.11728708,-0.0261815968914555,2151.940430764037,1
0.14349021,-0.0173092398267904,2632.311015002758,1
0.06353052,-0.007152523565955,2533.5400671804364,1
0.13299501,-0.064272246388664,1871.136688747276,1
0.14293227,0.0197607351388863,2221.5814395106245,1
0.13739167,0.0089868559612601,2067.5019347642706,1
0.06419042,0.0155505742930574,1941.274586156237,1
0.2009005,0.016233884108223,1720.7510111605875,1
0.085795484,-0.0219685020120075,1992.0383660188231,1
0.045099527,0.0024370387108848,2719.511023375494,1
0.1631513,0.0019750187108553,2805.77331579737,1
0.1410758,-2.0207062322032207e-05,2733.9681883017006,1
0.15625744,-0.0183439605443805,2599.497753641254,1
0.096485995,-0.0125119183667034,2415.362723406964,1
0.13477722,0.013936384368435,1971.431199260728,1
0.21206357,-0.0201526307730422,2207.618903773146,1
0.062171318,0.0130855892480898,2257.937987216557,1
0.089857325,0.0292151784674879,2152.9540845137185,1
0.11942234,-0.0028377759862726,1779.7777909464155,1
0.03440645,-0.0487071892709221,2932.240453755265,1
0.14536141,-0.0027288718635803,2276.603995562539,1
0.13917908,0.0175365246485532,2179.554371594977,1
0.09996445,-0.0043276787856258,2464.21546362765,1
0.09289521,0.0232793513110542,2642.1972349739845,1
0.07782846,0.0359990719421301,2594.0730918244367,1
0.04834222,-0.034896249274718,2450.2629282743005,1
0.14644884,0.0175851115175871,2712.169535741417,1
0.08607782,-0.01066105636868,1944.2143419389447,1
0.065866984,0.0008352818554302,2547.7925455881787,1
0.08543706,0.0192576337892747,1935.1023795545657,1
0.05726466,0.0372135621144471,2333.5591134392052,1
0.05477194,-0.0094633408584823,2553.0099505314997,1
0.15426193,-0.0413509915918365,2729.67558591443,1
0.11711589,0.022528072475301,2241.9003123696784,1
0.23019798,-0.0143591787081791,1976.305308695043,1
0.05851624,-0.0011573768171028,2623.0848071699284,1
0.18658362,-0.001126416039985,2365.681810984172,1
0.06111455,0.0258670929361795,2023.547556927665,1
0.13600168,0.0014602140579148,1732.150232530497,1
0.09345616,-0.0177034341421298,2568.3613538722648,1
0.08695871,0.0159735856304398,2306.4132674976313,1
0.13746427,0.0105661281424009,1407.0230097145168,1
0.095530696,0.0072460367629492,2368.7342810814475,1
0.06702106,-0.027175768413373,2128.3285727019447,1
0.14390343,0.0218392845514753,2789.617581748903,1
0.12321159,0.0131603816468666,2249.3447336023182,1
0.04353632,0.0416516500313368,2264.9367966774344,1
0.09054703,-0.0085340709339283,2590.180657853461,2
0.043521263,0.0045096975874247,1784.6423275492723,2
0.066788726,-0.0551077726887893,2387.350973991747,2
0.095620915,0.0620120974035983,1771.8885821233866,2
0.09641776,0.0062524982696491,1449.6144079654837,2
0.0708044,0.0039213198791664,2230.615174284068,2
0.06404349,-0.001238016965348,1851.1317001071416,2
0.070415385,0.0191189667214598,2496.551988713454,2
0.08566231,-0.0011903842353427,2623.840570311389,2
0.1257047,-0.0116301127502226,2019.793215115176,2
0.07004222,-0.0014102649617979,1786.8471677459247,2
0.09503292,-0.032542015242474,2600.1080285254407,2
0.09608821,0.0167640403959305,3171.982819092239,2
0.054497126,-0.0229649884915586,1775.224021722804,2
0.07577491,0.0348160049746995,1653.81654763938,2
0.06717942,0.0122874559742316,2933.0587242179295,2
0.042268567,0.0388454753025285,1975.6003366955647,2
0.11769395,0.0090817679234009,2776.02557586506,2
0.053603288,-0.0045956150500141,2447.3573420437124,2
0.058644127,0.0360605581569964,1929.6710421514567,2
0.05926176,0.033598594335943,1983.216346347994,2
0.09357602,-0.0037256407059665,2468.705945315155,2
0.048192143,0.0170977686927401,1385.1933554636062,2
0.072674386,0.0304454281716583,2165.8457174606674,2
0.11820834,0.0109202807339931,1939.4668397701332,2
0.11056704,0.0438747917847745,1497.7367926957272,2
0.105945386,0.0106826121673913,2972.4962151782775,2
0.09607185,0.0198574523890227,1955.7606570644416,2
0.03760864,0.0026202085622391,2902.5730500616846,2
0.080658704,0.0132313885472329,1997.558868986446,2
0.06697138,0.0036422967965028,2261.2846354025137,2
0.0974019,-0.0335567281437796,3233.0768331023896,2
0.087576725,0.0094074461208177,2137.980898134292,2
0.05897064,0.0303375466764304,1940.410903228536,2
0.070819214,0.0063144565909277,2386.004123113886,2
0.1402282,0.0112399789094018,2365.358892717687,2
0.108902745,0.0292100570629969,2358.7045615002207,2
0.118463844,0.0371370976742231,2066.8181425721036,2
0.02162662,-0.0042565908213353,2388.4669569837297,2
0.14308219,0.0616267956927242,1901.7281883020528,2
0.102008626,0.0208257259588547,2509.3600553127176,2
0.102894455,0.0313515478383012,2951.3272286393003,2
0.06458168,-0.0003738605708489,2165.04712318928,2
0.07079043,0.0395416249440215,1810.324481250089,2
0.11238326,-0.0061394198877261,2647.3297464598104,2
0.118447445,0.0085187630077715,3035.404268521464,2
0.037697595,-0.0613089796353792,1702.0831799484831,2
0.08350392,-0.004872381716711,3108.9872731474934,2
0.05421267,0.0280315398831763,2563.993765933092,2
0.041561432,0.0602943691312761,1380.4624670362311,2
0.1425582,-0.0221596050444213,1974.998502989585,2
0.1254946,0.0039772130811945,2584.7584122853746,2
0.05200197,0.0163776238676464,1624.4546306372144,2
0.23304719,-0.0009162113726182,1990.258660027933,2
0.06276259,0.0392959637667328,2035.1439569043016,2
0.046700653,0.0094973343886479,2337.3308491613325,2
0.076504916,0.0046930831605277,2190.208775038001,2
0.13920583,0.0423601065378109,2620.718984346524,2
0.053486515,-0.0025805338448463,2061.909430781465,2
0.106537335,0.0164878032835978,2391.9972022573356,2
0.078849725,0.0161688477734935,1795.1243573803415,2
0.069652855,-0.0539803245160685,2329.0979056431847,2
0.06766429,0.0792419918135069,1515.2122039224662,2
0.08595439,-0.0219485866882719,3103.8036632742733,2
0.11300281,0.02445268518063,2781.1127060095087,2
0.10135912,0.0429173066305861,2096.8067252848005,2
0.065949775,0.0438123488045337,2175.744489460051,2
0.0713787,0.0753052608228164,2586.837367713092,2
0.051029272,0.0050562613759863,1746.3234727782358,2
0.16601293,0.0248973035374925,1763.026280207254,2
0.09524688,0.0149232577825586,1805.9193112507728,2
0.030645313,0.0362172568634944,2011.9454007866937,2
0.14141963,0.0198384032502424,2277.9287741171684,2
0.08918219,0.0218877170488217,2027.0890747170167,2
0.07208521,0.0016485652049962,2863.6098074097827,2
0.07169951,0.0486046423579375,1558.4885475474214,2
0.05866492,-0.0074871762819541,2510.6385605805954,2
0.08962821,-0.0128910601721052,1664.626207622645,2
0.09340076,0.020611068998134,2102.5375605559266,2
0.12541343,-0.0276273687099861,2626.265653181229,2
0.078412645,0.0234131843144757,1723.0687353185972,2
0.074067876,0.0399349338533112,1761.092958040163,2
0.06455071,-0.0090403251230207,2982.2052547201133,2
0.07662316,-0.0024915404232311,2019.1448460892575,2
0.10625897,0.024674804957351,2706.392715622236,2
0.100128196,0.0476387128400187,2103.21745154698,2
0.1442652,0.0059885823034502,1157.421460075954,2
0.15770052,-0.0091291156925102,2499.293936583152,2
0.09287483,-0.0366155695281075,2152.232824716431,2
0.068253994,0.0171098022286863,2353.608770403344,2
0.105718344,0.0509287176543874,1449.0137604264808,2
0.055020407,0.0265598234072046,1999.841195468724,2
0.120629944,-0.0029787691713161,1416.936110893423,2
0.078933336,-0.0050522640772328,3244.006485713918,2
0.09236831,0.0233991058375311,1785.076052125148,2
0.06388785,0.0446773674638029,2367.0789502576067,2
0.06353415,0.0496979590599711,1721.881388456742,2
0.07482692,0.0006512453036036,1974.16317192378,2
0.075291835,0.0455662303801077,1965.695574291528,2
0.07482692,0.0006512453036036,1974.16317192378,2
0.083371356,-0.0140831863883708,1798.6922348916924,3
0.09502365,-0.0314197933953718,1135.7817682358436,3
0.05945741,-0.0259682659616038,962.8675169362348,3
0.15468813,0.0228349057908029,1900.3198015516668,3
0.15792714,0.0395129705085614,1821.8664349212231,3
0.12130246,0.0355093147921728,952.4876084471982,3
0.08790232,0.0651284554573023,2011.6720947093472,3
0.17974438,-0.0197967398680834,885.9533714737586,3
0.12139798,0.0204689873884974,1303.5290750643717,3
0.10516309,-0.0103248110520608,1930.0470539513767,3
0.18521276,-0.0022976256885639,1854.3153475833756,3
0.086264186,-0.0178646495776695,921.2739436578478,3
0.17037722,0.0660204008132021,1618.1403047024794,3
0.057410832,0.0111876406907361,1184.7171302198662,3
0.092632465,-0.0529758963022892,1637.6681158922854,3
0.113692716,-0.0030165229279727,1525.4346615379789,3
0.109703034,-0.0049300426621311,1147.7236502935798,3
0.10598351,0.0113901473180881,1042.9681414184015,3
0.09537241,0.0935009922591181,872.5257947167555,3
0.06589165,0.0266992890302307,2619.362536195209,3
0.08524565,0.055928008896914,2338.0626062272736,3
0.07983313,0.0221582601007374,1010.2181603007764,3
0.17401677,0.0289960725752442,2003.7904933485488,3
0.072628476,0.00720735688047,854.0172247041779,3
0.07314356,-0.0102665577894289,1462.033633243364,3
0.10872967,0.0528676281792421,1424.6251819392223,3
0.09986823,-0.0446392034249292,1156.2336862480563,3
0.08307621,0.0223023208467926,581.0379398898075,3
0.121797115,0.0186976101985638,902.47263012458,3
0.07433864,0.0305120313225144,1995.3449355181845,3
0.0908423,-0.0336794195324493,1929.7868245517864,3
0.092577845,-0.0356592967194607,1093.1479885095423,3
0.07846136,0.0169387532387559,1166.3073820771892,3
0.17543659,-0.0172825059128496,2202.2421313565683,3
0.123245865,0.0552533344118047,1035.0653741761896,3
0.15201348,0.0101838612865046,978.880298784384,3
0.07118754,0.0213186621240372,2049.1815913478786,3
0.0595125,0.0088000989485269,939.6968069393145,3
0.11756489,0.0342651370187103,765.5304531009432,3
0.074780785,0.0980227197151999,1078.8088347335192,3
0.07760826,-0.0500645997125208,925.3766755190366,3
0.06571905,-0.0339019058075163,1256.3135550338952,3
0.10905563,0.0337806900251605,1335.4426837561848,3
0.10492174,0.0217999317570642,2055.178779312265,3
0.19530804,-0.0043513713352245,2166.207406659608,3
0.07621487,-0.0236610213315427,909.8110764196578,3
0.15393412,-0.0167083361529779,1007.9610019546558,3
0.08809716,0.0563793042014543,2143.0542830470154,3
0.1594003,-0.0200338921502371,2136.2155170233855,3
0.11245933,0.008439307347153,1085.742546470094,3
0.081197225,0.0196791071968914,764.2860649709988,3
0.072663754,0.0170331466402585,2380.443227494786,3
0.08427524,-0.0113118192851491,1810.9446657871529,3
0.07351935,0.0163249519891764,960.5226998898886,3
0.06360332,0.0288918163858065,1512.0032314226148,3
0.10930467,-0.0290385333650685,1751.162238257263,3
0.11625194,-0.0031168244107325,719.5216893760147,3
0.083298266,0.0599836826478848,2048.653348482705,3
0.046527088,0.0533199266897283,547.2669603321482,3
0.077647984,0.0584842046190883,1261.4616501811968,3
0.17658992,0.0094046419671014,1844.550430922708,3
0.05413304,0.0210102458908093,1159.8249255423846,3
0.09209589,0.0176510213457867,2276.6115047302774,3
0.11568361,-0.0137798287699711,1337.9143721477292,3
0.053611312,-0.020983896200123,894.7710305982745,3
0.06086438,-0.0374284133673005,1538.8238947256211,3
0.09407987,0.021344665431633,1814.4040878562607,3
0.101459086,0.0151223379500471,2339.536355621589,3
0.15636109,0.0386350903645486,878.0293269778269,3
0.05392758,-0.0265895628331613,582.5483703961904,3
0.11598284,0.0268248779751562,1126.812546926314,3
0.09030068,0.0031405889136584,1996.0575942305768,3
0.095762424,0.0231791164787978,764.0960353495876,3
0.10434641,0.0311015176065158,1815.444802631525,3
0.06914228,-0.0291040451273019,858.1159789434967,3
0.11938484,0.0107983907254158,1077.9733353713093,3
0.0704476,0.0917660361783436,2558.4817275970986,3
0.046506032,0.0433627406678688,822.9275708403293,3
0.13090934,0.0204512335505278,1744.2332863345648,3
0.08247845,0.0076749342406377,1534.7533113817574,3
0.05520526,0.0662960801211519,871.664246210532,3
0.088607,-0.0120817480148807,1931.387477975296,3
0.12654804,-0.0440446791383492,1004.4869524993552,3
0.13222049,-0.0086776221154466,2144.6377900650705,3
0.069072865,-0.0402742928770859,912.9074924196046,3
0.15358043,0.0074065048127152,1037.907503916059,3
0.085327104,0.0099390492972771,2377.3066638309715,3
0.16214429,-0.0010898317935499,841.4887209594173,3
0.11319057,0.0018470830073969,1682.7271036089935,3
0.06463279,0.0530363945819556,1178.699586256039,3
0.17287326,-0.0404957479515892,2042.911212960458,3
0.07952125,-0.0577824231839746,815.9032606441635,3
0.073062174,0.0075353002776768,1813.7713829666136,3
0.100208424,-0.0089008901745775,1958.170710393153,3
0.056441955,-0.0120508716206634,1165.6365027050797,3
0.07877619,0.0011916834664242,1515.057560524904,3
0.124684885,0.0110782812786514,1729.5756083585989,3
0.12534297,0.0139300845062104,1684.8159248931045,3
0.14157334,0.0132320572578971,940.9044124220022,3
0.061501723,0.0307370874701525,441.4942297114932,3
0.06401206,0.0471845190512439,1030.4153224243898,4
0.021867748,0.067260098739915,1850.3167214512775,4
0.07152165,0.0505886386941744,1478.625582088765,4
0.076388255,0.0036174369219068,1617.841436638835,4
0.07289404,0.0495063005430302,1313.0284928474357,4
0.0904571,-0.0114014215740588,1307.2080730019543,4
0.10301315,0.012555536141664,1720.4827053910158,4
0.048404,0.0212432639683503,1034.313095837619,4
0.12764733,0.0077289339467843,1671.2569277118905,4
0.10801365,0.0355006235466494,1665.4698594829165,4
0.062666416,-0.0368434908930078,1142.6629299273554,4
0.09194491,-0.0177716619818654,1818.5003775736063,4
0.23454838,0.0113806778716296,2259.452327334461,4
0.046397157,0.0125722855524081,1101.7754376683974,4
0.0912367,0.0518181687833008,1633.6739338732498,4
0.15212816,0.0302705465319024,2336.645988544074,4
0.098637596,0.0518132477679387,1200.7298945210614,4
0.15920591,-0.0255260629585951,1395.692417376784,4
0.0279707,0.0166263396129527,1609.9999698513084,4
0.0483598,0.0213681169758712,1591.9486086415766,4
0.06723681,-0.0223519281175927,1726.5736713624312,4
0.037852313,-0.0120918239109743,4534.889833823628,4
0.22680536,-0.0320542641935701,1301.1058077733564,4
0.05751201,0.0244407518819328,775.4075362712061,4
0.1323068,0.05981814074211,1218.4702499897212,4
0.17083545,-0.0156553215046411,4354.738250443974,4
0.08949519,0.0257301719164692,1344.8842115669686,4
0.11660007,0.0245284378681725,2015.629836272893,4
0.10135473,-0.0231628802560121,1172.3863403957885,4
0.05262231,0.0684255077453418,1670.818660007565,4
0.058848724,-0.0197022847265395,1136.3221859864664,4
0.123027876,-0.0407409765896179,2364.0979827516144,4
0.06135946,0.0248492538856976,1802.2779816529776,4
0.079567894,0.0124723845398833,1844.7474542150776,4
0.06781813,-0.0216055267065242,1499.0529988690198,4
0.083084196,0.0095101657113513,1149.8699501702426,4
0.05855065,-0.0045476146338356,3540.3762708012596,4
0.13000722,-0.0084684829082235,1862.3209916570177,4
0.10740856,0.0423080411351859,2073.932633899289,4
0.11114761,0.0278368571289226,1125.051720489409,4
0.13859545,0.0215939008408372,1928.7157609057488,4
0.1073949,0.0145235128171734,665.0531596590117,4
0.10737492,0.0664978675812491,1495.4318363056616,4
0.07183267,-0.0372501115006467,3516.164051015537,4
0.057472885,0.0027647008228359,1868.6949825887489,4
0.061905324,0.0121887718152523,922.050033311296,4
0.09568884,-0.0181567310117047,1213.6625540113384,4
0.08809811,-0.0252128005831292,1996.387526416776,4
0.077761866,0.0206038483058134,1360.1755927841507,4
0.08066739,-0.0246492045759691,617.8540074460363,4
0.078571685,0.0186365386360275,1005.2748239596938,4
0.06766044,0.0244014306538342,1441.5162046338444,4
0.10428131,-0.0337207521553962,1552.0853705210702,4
0.059236355,0.006113617618362,1201.1131302136723,4
0.046202045,-0.0098712443542819,1187.348734112983,4
0.048602436,0.0109194910908017,2331.771851235404,4
0.08514169,-0.0117308974551329,2004.592540115157,4
0.074952066,-0.0142508130970263,1275.6741525838663,4
0.07533745,0.0160091468422307,1351.8570625561645,4
0.09647149,0.0154538206767663,1907.5653920437576,4
0.11520841,-0.0287750997303143,2659.107761315876,4
0.07630184,0.0043522370698245,1357.6041562325784,4
0.10138015,0.0328429864258964,2156.4247688766854,4
0.052251644,0.0118593328599638,1120.8492879319567,4
0.09343603,0.0305049702180331,1165.3787318346408,4
0.1593201,0.0414252760877594,1504.3518853139717,4
0.074506484,0.0311672675098526,1628.7303612679325,4
0.08172297,0.0413421746987416,1452.2414358951214,4
0.07059585,0.0079322883468888,1145.0465739850015,4
0.048733104,0.0218255832082183,1898.0049999284256,4
0.04610017,0.0234608606856443,1908.5538493675724,4
0.04738333,-0.0291044041286197,1194.2795592235168,4
0.053666983,0.0089582381834677,1091.7354847535244,4
0.066484064,-0.0059991622482288,1285.4311003064577,4
0.071174055,0.0492156408130393,1460.132923825802,4
0.07676774,-0.0242731912228269,1626.5054600959886,4
0.10209191,-0.0196964246850705,1411.4887381103422,4
0.08095859,-0.0181851619491924,1987.7020312961288,4
0.080681525,-0.0026073233579197,2408.5253047507676,4
0.13000722,-0.0084684829082235,1862.3209916570177,4
0.099890284,0.0343841038310755,1909.7110687172617,4
0.07741901,0.0033318824178212,1415.84535963704,4
0.03597782,-0.0056015184376274,1173.270906957834,4
0.08086804,-0.0309375431692498,1050.4397011996246,4
0.07355771,0.0053313207341813,1509.3447706369668,4
0.07273792,0.0391894314867143,1953.0011072527757,4
0.13969511,-0.0016768344306277,1702.9525494614315,4
0.14502482,-0.0048058237445936,1572.381317668884,4
0.15922788,-0.0444560301075778,1396.7767588304669,4
0.14243026,-0.0103020659434231,1896.2490261346784,4
0.040262047,0.001634049110997,1253.5130691346917,4
0.056871843,0.0338992494600405,1311.2906646845358,4
0.10003888,0.0003357057179745,1517.4933037807791,4
0.055612493,-0.0182739387312503,1228.9058080020343,4
0.11131475,0.0160109195030062,1324.6119131727842,4
0.08614548,0.0137815107987399,1365.1564063893866,4
0.09050732,-0.0022707764885099,1405.2095643573198,4
0.08495811,-0.0345207570788029,1321.521833766698,4
0.043377113,0.0324932082134473,1832.6771119608884,4
0.09044357,0.0704305425108697,1146.6554196813115,4
0.03412178,0.0549966238583911,1373.7132634137697,5
0.011839706,-0.0172146587453509,899.0051486463061,5
0.030727042,-0.0068783737075814,928.790909803916,5
0.029714333,-0.0095194540737544,1313.0205704687914,5
0.007325325,-0.0711614662526703,1036.3558525501114,5
0.018502086,-0.0390329643320088,1264.7767522484564,5
0.020558137,0.0836187802799276,862.4822085621865,5
0.052679826,0.0336992631051379,1075.7030182277117,5
0.03315481,-0.0060939467447908,1179.0500637802209,5
0.019845732,0.0672852204299735,822.2297676535885,5
0.13960296,0.028779539339248,1447.2041617867003,5
0.0380574,0.0386247023007514,1286.5961893557933,5
0.07286354,0.0459621822589556,1539.4560179188911,5
0.020455271,0.0281910660324329,688.8172887842427,5
0.054829195,0.0477169572883829,1561.0485638721475,5
0.030091591,0.0305106082177526,1190.883480683931,5
0.038756426,-0.0269975903680764,1205.3814905151448,5
0.040084288,0.0938120972325202,811.9190056391501,5
0.011100251,0.0381907163709582,1241.1827893447098,5
0.017080102,0.0335031633194789,1080.9672749123574,5
0.012845602,-0.0307905389732262,972.7244870290516,5
0.04033737,0.0525124726395777,1605.3403736117982,5
0.08211576,0.0786458693713772,1719.1076603560327,5
0.026676068,0.0028712207204773,1114.4723078194968,5
0.041631397,0.115620215308676,1144.5848689672175,5
0.049320582,0.0438299048075389,1255.1125412078482,5
0.03401461,-0.0138434402966283,1086.2663457935532,5
0.03917788,0.0237059488792458,1328.3644095127904,5
0.02894092,0.0663379346409661,1132.5415372922375,5
0.12500316,0.0475470794965402,1060.9973688221878,5
0.0491537,1.7777565259221994e-05,1692.756456558696,5
0.027069319,-0.0242801941652223,727.9706457656472,5
0.0366253,0.0573185643905596,1211.9622541602955,5
0.032433543,-0.0216281764996899,1428.4393379736111,5
0.062923215,0.010626114602537,1233.320970155959,5
0.020405896,0.0293871017977961,1233.7598139107554,5
0.027085865,0.0042624627972977,1379.7041448051862,5
0.059391703,0.0115747144489562,1122.2543214214336,5
0.015960108,0.0431095071133162,1052.0292718603214,5
0.02393318,-0.005184032050854,1188.1717241062106,5
0.009414296,0.0285961000641629,1468.9429928719064,5
0.03259973,0.0324671421343387,2236.873487873442,5
0.0265432,0.0091971595476469,1793.3168609782542,5
0.023152636,-0.0029843804566285,1179.243156055889,5
0.054355647,0.054893382647971,1373.60261739845,5
0.011151308,-0.0111921893723556,1501.6495458748038,5
0.036861707,0.0582165348344922,1387.6002817233632,5
0.0062498334,0.0340650064345351,638.603340019856,5
0.02904369,0.1048745385304078,1049.1768276986222,5
0.022863775,0.0623688914586766,1134.4960039291643,5
0.0073710294,0.0290842822074507,1033.510805901658,5
0.14104748,-0.0174641349441328,1366.6757275832724,5
0.056603074,0.0326081920597801,1391.395027909622,5
0.031586602,0.0632592633463661,1365.6655155558271,5
0.017456455,-0.0005432949344758,1079.2028002317854,5
0.1044873,0.082673341660792,1984.5426178319344,5
0.02824121,0.0583238775461598,1256.2522852608208,5
0.038454976,0.0371801389181779,1196.2135907494787,5
0.055783488,0.0855854969083266,1184.313228872791,5
0.017133718,-0.0303678112648945,748.1103630587945,5
0.03737278,-0.0151086955265638,1239.6003554193464,5
0.1742509,0.1083746326717634,1459.2489588470337,5
0.030818624,-0.0052567936333192,1225.8708184688624,5
0.0116058905,-0.0146130216679077,1000.8608758725272,5
0.041461192,0.0064468492089702,1995.2462638546776,5
0.015371691,-0.0287242750111449,1071.2518100723405,5
0.016401162,0.0074660891507168,865.3237309968445,5
0.019089855,-0.0136343407244152,1127.4646652035517,5
0.09431245,-0.0132150656193413,1743.7487455650607,5
0.032394662,0.0402985193566525,1212.1232286592142,5
0.035374552,0.0202212591996901,1427.260374063215,5
0.029437894,0.0360327601265189,705.7973208214208,5
0.012692246,-0.0046033969519583,1694.3992202943068,5
0.040076658,-0.0043372398033977,2056.8838591178705,5
0.028598052,0.073683231794301,1484.13909508215,5
0.028839545,0.0876877377675229,1234.4476898740604,5
0.12540679,0.0952078270194525,1242.5496865965113,5
0.030550066,0.0416013348524828,1351.0959116979068,5
0.05293388,0.0277852906177651,1189.94935327507,5
0.027029729,0.0813457789906245,818.0767711318449,5
0.015266817,-0.0013508697367317,1143.2197332857336,5
0.02914249,0.0644743346305529,944.9179512899432,5
0.01292718,0.0444299592089374,1297.4040345143396,5
0.12337786,0.044882183346926,1323.9443350854297,5
0.038507797,-0.0076502806378757,1385.1101315768196,5
0.03029965,0.088629693582409,1060.6293753961452,5
0.110164136,-0.0043630050793065,922.177943925292,5
0.019085618,0.0556531006692469,923.9500404732396,5
0.01563925,0.0069596381156031,745.6561415521626,5
0.03531858,0.0977243807447196,1145.157587286242,5
0.031503092,0.0602130722698039,1297.9749104220264,5
0.014701519,0.0381047267638227,1494.893449757025,5
0.01906625,-0.0450829458958199,592.1256154282934,5
0.007569313,-0.1423341197720914,680.1070430996921,5
0.023149509,-0.0134728560028136,2020.8627221187096,5
0.004779648,0.0291656819094362,805.9549601017414,5
0.0430016,0.0076326367751686,1089.1116189024235,5
0.04072271,0.0218996822296503,1089.2582409920865,5
0.00905768,0.0406511155422775,1053.1722202462172,5
0.007655528,0.0388552997448398,893.999131470701,5
0.10742709,0.0235868041737792,2288.119897300091,6
0.06589685,0.0200349505684471,2106.473186037319,6
0.11154987,0.0637794041924088,1322.751840613962,6
0.13532159,0.0301075865058545,1915.449676833569,6
0.107861556,-0.012130060471561,759.4752214376775,6
0.07228454,0.0728355626996708,1715.5105084347426,6
0.11595516,-0.0137602696783609,1320.1261055898613,6
0.07592449,0.0053294841803653,2012.9087726419848,6
0.19828884,0.0131402305990518,1512.3561616457737,6
0.04201273,0.0697987715538493,1620.9377305686332,6
0.0771996,-0.0581852286725611,1705.1819129918078,6
0.085339814,0.0258192348719386,1913.8106172437624,6
0.15754865,-0.0189673874355008,2459.263084317831,6
0.035482027,0.0531809782437772,2073.039002123643,6
0.08323617,0.0566327966771079,1761.9088139833234,6
0.10316872,-0.0451471898361429,1648.1810622548858,6
0.07979912,-0.0028068001902759,2049.9306307063543,6
0.105160154,-0.067223017009462,1254.7624673694008,6
0.04288597,-0.0544680378720529,2501.8147330017932,6
0.114929415,0.0180623629512984,2802.5495741753016,6
0.1220005,0.018553774820807,956.053618017164,6
0.11686013,0.0038167545597634,2025.582722779928,6
0.089344315,0.0383936183441759,2004.4367917616512,6
0.12386806,0.0278226184171301,1469.032099416616,6
0.111780696,-0.0032374095554055,1954.8290614509217,6
0.06555383,0.0156469064813927,2142.672497821438,6
0.1156139,-0.0164197637055145,948.5400117677908,6
0.08556666,-0.0046508456281399,1379.9511772286185,6
0.06618302,0.0215517724813131,1585.986613481144,6
0.030129652,0.0448994030313483,1765.61220650704,6
0.07098678,0.0702310645580275,2243.7829744524406,6
0.061551698,-0.0477485013681068,2161.6750445428265,6
0.11308358,0.0030873189170105,1225.687952358766,6
0.051930733,0.0471636622614859,1844.5595236940576,6
0.07090272,0.023112212046185,2299.0527001354067,6
0.09761627,0.0248097205918628,1060.480416880665,6
0.09088889,0.0147000196719457,1377.9309359922445,6
0.12898342,0.06743124671383,2928.522353635378,6
0.08553204,-0.0796757818420582,2257.2895949767685,6
0.06360176,-0.0158219141882274,2044.7919999519777,6
0.15916637,0.0320167677465038,2379.8809060016674,6
0.11089085,0.0158723619768801,1914.4121143749107,6
0.08767545,-0.0308647999025663,1819.9800691964467,6
0.07824248,0.049062432905634,2142.925569224008,6
0.08641817,0.0313060171305887,2374.214208272756,6
0.045227334,-0.0269215607785144,1308.2976402080485,6
0.12734188,0.0400735003290988,2077.4332483297485,6
0.16155685,0.0324102332158434,2023.0205541405296,6
0.04790609,0.0544746362651382,967.2676900557254,6
0.08441783,0.021207281340683,2829.8202700752468,6
0.14300214,-0.0255321122807371,1338.3438102145285,6
0.11711589,0.022528072475301,2241.9003123696784,6
0.094003856,0.017285482423391,2657.8641227843978,6
0.112919055,0.0234592738391394,1857.1439819245795,6
0.107165016,0.0046834196421846,2056.375566227113,6
0.072985835,-0.0010185644416642,2206.858433842392,6
0.09615478,-0.0520675048402047,1150.4389970736463,6
0.14716065,0.0253033919353297,1230.7583995349744,6
0.09918989,0.0276887038778323,1250.9432607388137,6
0.0747828,0.0362375846986413,1881.302444736329,6
0.06052916,0.0294779598703509,1807.9890184798185,6
0.12547842,0.0613534044892646,2049.0925176254445,6
0.11531548,0.0866202761354937,1755.9580694092272,6
0.099652484,0.015980246511214,2317.0823834875114,6
0.100153595,-0.002971777846478,1084.496207536601,6
0.09642604,0.0242497378354977,2598.503441950014,6
0.06929636,0.0419824196269808,2259.376649190761,6
0.07818205,0.031614173588103,2143.474023054945,6
0.08860504,-0.0914422049414536,1630.757700065736,6
0.15847151,0.0487530810577523,1335.1296127178516,6
0.05451739,0.0654463401326912,2161.8071780797227,6
0.12553968,0.1028393819945767,1233.635436004586,6
0.055753987,-0.0182178294148096,1721.6683413965957,6
0.077965386,0.0122846951434766,1685.9251852237633,6
0.10765735,-0.0454191921711714,1853.8073029157847,6
0.039295536,0.0199223954502552,2078.5629632124246,6
0.07193948,0.05088755735197,1506.3822660039273,6
0.07227566,-0.0133824315862481,2192.1935724020004,6
0.07629549,-0.0012098229666751,2214.235345503328,6
0.17330582,0.0433240413874773,880.8906354499703,6
0.10414709,0.0572473051555966,1323.0090462595742,6
0.0819979,0.0582120363462845,1315.9922953371845,6
0.03570254,0.0065698092457061,1418.5449552560272,6
0.062036444,0.0426116865510092,2591.6390966196063,6
0.10418331,0.0075025378925392,1799.1990206118064,6
0.098161474,-0.009587868523942,1708.550722833951,6
0.12265409,-0.0391835155122678,2338.1902241593616,6
0.0966473,-0.0048193608059004,1711.5942075343503,6
0.15080814,0.0366760542064018,2305.3562846926843,6
0.081950516,-0.016959650101361,2022.466459729594,6
0.06071734,-0.0010288954519737,1685.269290300106,6
0.048306182,0.0019413144343293,2063.6004264537883,6
0.080176,0.0276163705027704,1911.0970293287128,6
0.11414143,-0.0033933511544618,2106.410622202935,6
0.10288971,0.0125727560397282,1467.4688899662494,6
0.110267,0.044615894834006,2485.2765268708004,6
0.04953869,0.0502415763417264,1339.64815842665,6
0.07958124,0.0516114744221541,1239.9902224029272,6
0.07170926,0.0733808534812715,1047.849975147583,6
0.05576459,0.0230775959420705,2287.627321767409,6
0.10847,0.0106325173598776,1886.34866035525,7
0.13089807,-0.0054887402121819,1741.64006849644,7
0.18768366,-0.0131922527055078,1160.0812181806637,7
0.12836877,0.0172631513767811,1886.419547708839,7
0.04297528,-0.0084859120709932,1160.452603964686,7
0.06955837,-0.0175938799393925,2363.0656504582134,7
0.14935522,0.0030226482576178,2760.1938028684694,7
0.10649426,-0.0023682993666245,1892.0497225418767,7
0.13597523,-0.0113820144517469,1762.0916081824687,7
0.16373321,0.0254293658724078,1607.4686919936055,7
0.09140024,0.0128867943644651,2126.615404038961,7
0.16091415,0.0085036816592674,1681.2190654874532,7
0.0675773,0.022756415981066,2449.5566221690992,7
0.20011328,-0.0042059806849786,2174.3123776443026,7
0.09645272,0.018552792732687,1606.251440009666,7
0.158659,-0.0095269734017998,2032.6753306063467,7
0.06988095,0.0069144643065363,1990.083532611912,7
0.05734627,0.0035893729292412,2472.227883421732,7
0.13376929,-0.0093356163921908,1542.3886162002998,7
0.055243306,0.0137684259343774,3642.5106178929464,7
0.090668276,0.0023977314384594,3252.4443600544614,7
0.12625232,0.0359938561028536,2572.862583170242,7
0.023943372,0.0012253820799208,2103.4231643595526,7
0.102920465,0.0133780847716364,1107.1277193978042,7
0.13044935,0.0134167851745536,1678.537280214351,7
0.05662204,-0.0326578872652379,1015.7094766850388,7
0.069304645,-0.0036361012137025,2532.6993212298457,7
0.09057618,-0.0049186759261125,1431.4899169416558,7
0.15226023,0.0083798661362538,2421.188168408097,7
0.0647141,3.9459083938682654e-05,2415.0299001777244,7
0.14004844,0.0305885453512126,1965.8938964804424,7
0.17898613,0.0113959983610568,2452.10332053412,7
0.21049671,0.0076028067408598,1832.261190614197,7
0.10591994,-0.0190058034060929,1568.2147401444288,7
0.09203292,-0.0075017571235034,2966.9469452182066,7
0.0665282,0.0097092822750522,2075.7232993704597,7
0.08710005,-0.0023973463318921,1608.594903662556,7
0.0749323,-0.0146056153876944,2194.0172983761745,7
0.18644041,0.0313832242050249,1263.11262178598,7
0.16526876,-0.0011109591024179,2349.1528305655975,7
0.16091415,0.0085036816592674,1681.2190654874532,7
0.12513117,-0.0066544306362778,2401.323277598005,7
0.1074179,0.0205889397391218,2219.59849167552,7
0.14461935,0.0067675283296496,1969.4086905426784,7
0.15560102,0.0188918741512765,1762.1283624605762,7
0.11996884,-0.0023813403518894,1853.244485246147,7
0.13711387,0.0232811455690557,1829.7090030250936,7
0.077718996,0.0089661494136666,2179.888960103679,7
0.22347973,0.0240803382067513,2498.117965062851,7
0.07687954,-0.0006503453240526,2436.5234559879805,7
0.09299421,0.010497560247336,2685.2002677513883,7
0.11725411,0.0003764948404814,1327.8652228248443,7
0.072964415,-0.015980070107926,2648.13621625464,7
0.105367094,0.0298294781193202,2213.860990670068,7
0.16773108,0.0143577930405067,1896.9697319652948,7
0.20814173,0.0169200369751144,2603.645482786054,7
0.086281,0.0176197057987457,2256.8316206651048,7
0.08654882,0.0253936948519507,1584.0678489162365,7
0.059746224,-0.0104382228780056,2501.72483934851,7
0.08559414,-0.0061801281426176,2108.898033185993,7
0.078151375,-0.0102265015238444,1991.1216738949288,7
0.14953388,0.014191300325414,2215.173956949776,7
0.16510333,0.0043796360984153,1919.3500020452536,7
0.12731473,-0.0041719104054946,1743.4377050994703,7
0.0831569,-0.0401239827912765,1850.2985296778452,7
0.20791896,-0.0187605057488981,1001.835391865095,7
0.23311993,-0.0324248551181622,1936.766172027737,7
0.14765657,0.0048038990093005,2284.5288902486045,7
0.13064192,-0.0027313441699329,1929.2627556365132,7
0.0826354,0.0308732177516364,2306.452001353166,7
0.02845431,0.0283994763508027,2085.5358567841777,7
0.080602646,0.0335869333386261,2171.77473126125,7
0.073564164,-0.0093255140777917,2038.637983054759,7
0.1504239,0.0121921066742055,2059.590719449281,7
0.21697412,-0.0164801606330247,1613.0265302939313,7
0.1544926,-0.0403951347970357,1182.6298384035013,7
0.1432748,-0.0145475063299769,2716.109592511134,7
0.041212667,0.0103453110937674,2792.4029816356015,7
0.1691623,0.0109852507406503,2431.0553510435157,7
0.0716181,0.0128857012222448,2955.3907269085053,7
0.1074179,0.0205889397391218,2219.59849167552,7
0.11762802,0.0155751065675194,2098.6173736948226,7
0.07155602,-0.0109364001545516,1984.7132362943,7
0.14240055,0.0054232080339447,2135.8652595466656,7
0.18781303,-0.00452479016919,2653.538298023161,7
0.10767432,0.011738482764048,1437.6325800109785,7
0.13862047,0.0062118074995889,3405.1844375456194,7
0.09518275,0.0066348884706623,1868.3641994378695,7
0.14324453,0.0028640878195163,1664.222758294792,7
0.094470166,-0.0095126717504723,1347.494725075458,7
0.059364278,-0.0111517816485182,1578.921303966681,7
0.106576316,0.02109288492839,2640.3264008847173,7
0.07966618,-0.0121882489401074,2250.181507581045,7
0.09191514,2.9178183185700466e-05,2183.2992033120063,7
0.1256567,-0.0074046693027012,2263.945405704221,7
0.17375006,0.0210730164077885,1704.201853342356,7
0.062886335,0.0256728117915506,2400.299329549102,7
0.13619427,-0.0030384661650936,2980.5565239719363,7
0.12632018,-0.0081820405219664,1606.0552794983578,7
0.061823532,0.0154866971397441,1500.1624346903843,7
0.12507184,-0.006649551910079,1360.8584046235403,8
0.18099707,0.0232901336752635,2799.015599112731,8
0.07078361,0.0267089446033728,888.7503846258916,8
0.086737104,-0.0137067073755052,1515.165505854506,8
0.065414615,-0.0292057061650557,852.4640429837401,8
0.061222807,-0.0078627769118498,3172.6703103139207,8
0.09164017,-0.0436603032748128,956.4994621379228,8
0.03750784,-0.014282814828787,863.3504493718945,8
0.06982942,0.0307108446314411,1147.166718925179,8
0.06502164,0.0582853235522674,2245.2268420063883,8
0.07806114,0.0007366973251399,1194.9854758376664,8
0.09978986,0.1200571803285715,742.672776960691,8
0.12968504,0.0304357634214172,1047.57390551513,8
0.24669756,0.0305577561653847,2017.7901320781616,8
0.07595538,0.0580938164307842,1662.515737914949,8
0.111917615,0.0477408909319808,1221.9609489603306,8
0.14461657,0.0239695767643698,1170.5707005583456,8
0.05603852,-0.0464805902177731,1527.190606120682,8
0.1038821,0.030937227720127,1434.2556536237412,8
0.063207336,0.0217477758535526,837.9794674374108,8
0.16801946,0.0628836983173365,1652.4524317730595,8
0.055396162,-0.0008990018555579,2368.28177477425,8
0.08704637,0.0320661428981902,1869.7308112018045,8
0.10286443,0.0051812997523307,953.9146393751564,8
0.08553927,0.0215645159252908,1612.7402770155363,8
0.11415127,0.0521703767868991,1169.901977222742,8
0.21660061,-0.0369666740386788,2361.0923652556276,8
0.1219001,-0.0083635927327725,1162.7106174660062,8
0.0732382,-0.0025646658881203,1184.5182294782658,8
0.08936418,0.014117480939412,1734.976222691884,8
0.076838575,-0.015158922686598,1963.814607264992,8
0.036102325,-0.0200131217124395,940.039513993762,8
0.1221536,-0.0256180011793177,1383.4220920655332,8
0.10941085,0.0267157698561391,1724.352673286733,8
0.07116036,-0.0039763724458867,1678.0367329538306,8
0.0690964,0.0141826781367605,1267.0099870788697,8
0.171392,0.002863027544828,2316.3953317653745,8
0.109113626,-0.066653361083323,1360.9114241626285,8
0.105306275,-0.010318619404684,1569.0702158255633,8
0.10386731,0.007476743097508,1120.6118557900015,8
0.053221006,0.0219074372438432,1349.7447272690383,8
0.05725315,-0.0183939885754126,1357.6177336308203,8
0.07307932,-0.00965905282421,1209.983074916075,8
0.10876643,0.0188636229513447,1451.0887336244346,8
0.07498948,0.0678205187725035,1487.1681444719786,8
0.06507509,-0.0111851198222198,964.0600282023933,8
0.16794729,0.1016412330042384,1065.9957306819113,8
0.019025397,-0.1109647133367771,1436.487614166896,8
0.046148542,-0.0548027044691484,596.4953929169004,8
0.094331704,0.0440117521931285,1924.1049632922425,8
0.119967274,0.0135550269373598,1793.4033285983055,8
0.10094847,0.0828207400677574,1188.5632595454947,8
0.06346719,0.0138583067936355,2041.3960547219351,8
0.102878414,0.0753689216622292,1316.4028523417385,8
0.08284778,0.0330544982367316,896.6121212278798,8
0.13380814,0.0680424692725319,1569.507549495888,8
0.09038589,-0.0288809905987421,1243.8305492307325,8
0.1641024,0.0196081258935805,2431.0184649992298,8
0.08581287,0.0901226889467909,1616.7025217375694,8
0.12461772,0.0743230590616413,953.1779037344804,8
0.08100418,0.0418707431813801,1208.9461522195013,8
0.10555143,-0.0224022775171571,1074.1439719912644,8
0.108593404,0.0186039005812248,1541.9704410239112,8
0.09001161,0.0265219990023394,816.3338558819129,8
0.07922005,-0.0036372229346269,1663.6753981418192,8
0.09766143,-0.0174945262840339,1292.9579222808595,8
0.07714114,0.0323816023368701,1189.462236088112,8
0.06742696,0.02857755732377,1855.287396621992,8
0.13161977,0.0409754383256018,1110.0681894818215,8
0.19241594,-0.004109217771769,2511.656478111087,8
0.088057466,0.0675361658338796,1341.0527573124473,8
0.071929485,0.0304660238774977,1973.407226073658,8
0.06855463,0.0258596256781959,2062.6998642744657,8
0.088361375,0.1123881754166155,1238.22740180573,8
0.06766049,0.055604955322529,1154.7176600590608,8
0.064703226,0.1076009946352512,1216.5559219348322,8
0.10028761,-0.0054651813031426,687.4751335746562,8
0.045305833,0.0077771905993556,2004.223002916243,8
0.17797673,0.0917749303088281,1380.9762444493788,8
0.2181155,-0.0324885257912417,2188.152777641992,8
0.082462765,0.0343592418946546,1208.6352893917983,8
0.08601187,0.0561465364276091,1822.8102954950568,8
0.06416957,0.0817852296964388,1329.3441921915648,8
0.09178077,0.0068933514587195,1446.6078660640032,8
0.08051354,0.0956610259341685,1354.757534720988,8
0.13458242,0.0413574770618571,1842.7402088172653,8
0.11604426,-0.008080458876807,1537.377954652034,8
0.17741688,0.0175046317096091,2438.057155060814,8
0.07371339,0.0402415014530767,944.1571094232768,8
0.09406777,0.0612976021376157,1016.9487388807202,8
0.12337171,0.0448052730554301,2039.075230903644,8
0.10119894,0.0556235892660004,1933.637278379304,8
0.10043331,0.0115930910350684,1044.755063405556,8
0.08923386,-0.0259651875933901,1609.079117721064,8
0.06332342,0.0016486990811024,2281.1739189239343,8
0.10340004,0.0029407954174301,2250.3474979382395,8
0.1580096,-0.0468803952294378,1792.1347629036577,8
0.088970825,0.035255454845272,920.2207824635376,8
0.1547881,0.0981990133470281,1145.5164990736007,8
0.120016396,-0.0104788375888336,1216.8083709102357,8
0.19112298,0.0108590321596041,2083.6660403765486,9
0.027682783,-0.0181642879102888,1509.481689404601,9
0.0512561,0.1099320000814093,1807.6094147271272,9
0.104722746,0.0402360571635145,860.5485093270456,9
0.0806503,0.050620706780236,752.3024082652668,9
0.08788355,0.0494815249215701,806.4240611733936,9
0.037502654,0.0693630776380462,1038.943582167694,9
0.032560043,0.0238136432470286,3451.084827788379,9
0.023993328,0.0242883474256657,885.2250825070527,9
0.08788392,0.0494883169944896,828.3353425480594,9
0.05756318,-0.0081287309333938,904.6883788864884,9
0.03353561,0.0407998890844701,1269.3095558977968,9
0.10024208,0.014425137026678,1464.877092951049,9
0.06690853,-0.0053925323353013,1082.2014400140836,9
0.039688066,-0.0111766936047968,1460.3998934736032,9
0.042931948,0.0680756083301701,3759.975259825048,9
0.12241757,0.0329996669395179,2574.42864598207,9
0.043843683,0.0109287189286227,1852.6419544629157,9
0.05907902,0.0542620469099108,711.5608950873948,9
0.056242317,0.0097157088698637,1411.376377544046,9
0.15220399,0.0267287437051868,2140.024517621194,9
0.0178757,-0.0081838863431902,1066.370547489419,9
0.08065083,0.0506271733916211,734.4083169358724,9
0.16867611,0.0282441001928122,1362.892175082255,9
0.02042612,0.0093669685265434,864.375573980663,9
0.04109324,0.013436431658341,1355.9327089447554,9
0.09550526,0.0502415637767351,2007.4837436424475,9
0.054508388,-0.0027469069613122,1532.196508826877,9
0.05860337,0.0393866284862321,1604.3972592436671,9
0.11667139,0.0081012252391448,1024.4101367214205,9
0.0951574,-0.0213835600619106,1048.8050231784523,9
0.033307116,-0.0062298170777577,1551.7193318210468,9
0.039036684,0.0373205787004463,1769.6078408781852,9
0.093158685,-0.025504437475993,1076.92100048286,9
0.14596732,-0.0316851086538903,1384.5800368960834,9
0.07453674,0.016540190147227,800.7102473306085,9
0.046831407,0.0234537628296654,1586.2659273953736,9
0.05755083,0.0107109070534479,2982.5525643272963,9
0.033537764,7.730327955025178e-05,2849.796795603241,9
0.07453595,0.0165395732230497,862.5527493774752,9
0.052221227,0.0189022130094629,1511.30112494958,9
0.085035734,0.0002926209145566,1760.6376043254777,9
0.0352734,0.0419907791281382,1163.4130153393085,9
0.043528996,0.0234298904976647,1436.460580386705,9
0.10324556,0.0113480161466132,1025.6864621698603,9
0.16758281,0.0288162541190235,932.7144233161468,9
0.1650915,-0.003844531376367,1532.083584930018,9
0.042749126,0.0486350291602883,1805.9058558634208,9
0.08387715,0.0188721944095487,1287.5049148012429,9
0.09380655,0.027416699280269,1642.8535647598176,9
0.056598436,0.0030524383206967,2178.5990926450763,9
0.03882805,0.0106940948863636,1659.5431158022593,9
0.06690921,-0.0053964718935051,1061.749988521107,9
0.08016311,0.0110413242592636,1141.8476630125892,9
0.100049175,0.0389540837995452,2070.482107592733,9
0.024878016,-0.0306318124087625,2076.2114378386505,9
0.08073906,-0.0148852114492974,621.4192780142777,9
0.05180615,-0.0270345095618099,1329.5240371180373,9
0.048915315,0.0338366702978363,1464.2586779891485,9
0.046057597,0.0168442078095931,1169.6174823009385,9
0.0742126,-0.044927849166986,984.2515730809888,9
0.10024826,0.0144252202463122,1498.9617360365107,9
0.037316784,0.0708244419883011,752.0152177934661,9
0.116668865,0.0080972876178628,1049.8231776641985,9
0.051809277,-0.0270255877582458,1275.267825429138,9
0.031495012,-0.0412096404848548,1162.4872229153325,9
0.11823411,-0.0011835389510384,2494.0139001747275,9
0.04288282,0.0362079566264442,2412.4170857360823,9
0.093800195,0.0274184367239416,1472.0985147999843,9
0.028368702,0.0215934011157122,1425.391261881944,9
0.05562256,0.0038349002305059,1344.067920793476,9
0.03038019,0.0129581740276078,1212.4429004314547,9
0.120017566,0.0068401735876698,2189.8254428659416,9
0.07309412,0.0153826458407175,1154.6319573132407,9
0.086023726,-0.031139461730242,986.4979205877096,9
0.05617216,0.0074151582056818,1294.9715407162294,9
0.042316046,0.0077750155566533,1749.6363610669878,9
0.10307233,0.0606740701697165,2693.532753332976,9
0.048273005,-0.002485250898674,1206.242100958613,9
0.056128234,0.0201985667414097,2591.0680286670745,9
0.038861685,-0.0142675484095182,2609.02057717809,9
0.05756477,-0.0122919808267978,885.9362780007286,9
0.083882906,0.0188706221952939,1399.5930967936265,9
0.16182214,-0.0181296780756415,2615.10790518412,9
0.08704326,-0.0341176370781811,1015.546988027124,9
0.035021134,-0.006372615079624,1739.0023889716992,9
0.079292424,-0.0049682878406758,1106.3203790142986,9
0.079293445,-0.0047187377888364,1141.0755930264763,9
0.07777182,-0.0149915671427648,1789.4129874994262,9
0.0325886,-0.0167603103095027,2420.608013736633,9
0.052196763,-0.0197876202476808,767.6830607653022,9
0.16905169,0.0416502326935621,1874.4931683345912,9
0.061277095,0.0433900004599816,1521.2845095332502,9
0.15615952,0.037487621657022,1358.710763499036,9
0.095156394,-0.0213846324574223,967.5962359203794,9
0.032935917,0.0232547758148106,1512.625159338825,9
0.11082357,0.0892656565522049,1410.3377115451026,9
0.057871293,-0.0070405530196645,2488.437372403409,9
0.08016374,0.0109045554254548,1115.0290369963036,9
0.042103242,0.0218743240308069,1592.515239133077,9
