mfcc2,mfcc13,mfcc11,tonnetz_dim2,mfcc15,genre
78.5074462890625,2.695709466934204,5.4248199462890625,0.109638457165312,0.6323146820068359,0
75.37725830078125,6.827752113342285,3.959301471710205,0.0680809653542173,3.3669042587280273,0
67.9673080444336,-2.048577070236206,-2.6024224758148193,-0.0689520420258271,-3.732609510421753,0
78.42552947998047,2.670470952987671,5.402005195617676,0.1090856176140523,0.6992071270942688,0
61.27546691894531,-1.6425796747207642,-2.5350918769836426,-0.100274122249167,-3.302546977996826,0
103.95875549316406,-4.831257343292236,1.0293447971343994,0.3159550931672134,-0.0578818619251251,0
39.58726119995117,-0.875014066696167,3.5437440872192383,-0.0063967670435463,11.527839660644531,0
131.55389404296875,-2.806340456008911,0.673514187335968,0.1528103152746136,-7.742081642150879,0
51.87004470825195,4.6154866218566895,1.9731603860855105,-0.1013849767494942,0.8215588927268982,0
68.05484771728516,-11.564757347106934,-1.2076133489608765,0.124151106052067,-10.632492065429688,0
93.07272338867188,-0.1325694024562835,-6.056920528411865,0.1615910657672616,-4.374845027923584,0
86.7217025756836,3.02916955947876,6.1228485107421875,-0.1167357545763511,3.09876012802124,0
78.02589416503906,2.722022294998169,0.6729726791381836,0.0306380671928504,-2.957986831665039,0
45.35409164428711,3.495664119720459,-1.6730209589004517,0.0496237888700327,-0.8310009837150574,0
113.783447265625,-0.332826554775238,-8.48238468170166,0.1158653056748443,0.0814327001571655,0
88.08646392822266,5.753628253936768,1.311009168624878,0.0723638357322007,2.9456887245178223,0
42.375877380371094,0.51677405834198,-5.39216423034668,-0.0072602173100097,-0.8653841018676758,0
96.07987213134766,-4.358489036560059,-5.360051155090332,0.1146696425747811,-0.5244904160499573,0
67.86026763916016,-20.25338554382324,-27.266660690307617,0.0329400889027848,-9.962228775024414,0
74.03608703613281,5.966612815856934,3.521840810775757,0.074952368453331,8.482194900512695,0
105.6601791381836,5.206007480621338,0.4026639759540558,0.3176458611546076,5.114542007446289,0
74.37347412109375,-1.618404984474182,-2.3181023597717285,-0.1613832026989317,-0.3236571550369262,0
91.9800262451172,5.255246162414551,1.9148391485214231,0.1017190791905619,2.654853582382202,0
53.5013542175293,1.8308171033859253,6.161752700805664,-0.0727428201015931,7.251523971557617,0
98.37559509277344,-2.6343331336975098,-3.1786112785339355,-0.0534836678774314,-1.2940901517868042,0
69.97100830078125,5.785012722015381,4.443474769592285,0.0465918393147426,2.7882773876190186,0
93.8602066040039,5.164100646972656,0.9411758780479432,0.0797453030384507,1.2370643615722656,0
85.36107635498047,-8.270472526550293,-5.924676895141602,0.104876660274737,-10.903358459472656,0
41.483116149902344,-1.2292704582214355,2.856473445892334,-0.0083911295030687,12.355456352233888,0
137.74253845214844,-9.524494171142578,-6.663299560546875,0.2793919081717736,-1.911901354789734,0
112.7324676513672,-3.1496741771698,3.899900436401367,0.1854925132927542,-7.667551994323731,0
64.50414276123047,-0.8836414813995361,-3.4021620750427246,0.0580794100452121,1.241702675819397,0
94.74552917480467,-1.1458464860916138,-5.8252997398376465,-0.0385581558740214,-0.5778253674507141,0
91.85148620605467,-0.8395305275917053,-2.9857513904571533,0.0391535907563036,-1.1168609857559204,0
85.2919921875,1.1555958986282349,-4.749878406524658,-0.2359511521798406,-2.655642509460449,0
113.2565460205078,7.555466175079346,-7.413885116577148,-0.0042183979095523,9.323981285095217,0
39.46720504760742,6.835720539093018,6.57076358795166,-0.0126551572315526,0.9855884313583374,0
68.14521789550781,-7.810277938842773,-7.76889705657959,-0.0101246621034762,4.3988847732543945,0
80.60738372802734,2.18115234375,-2.160499095916748,0.0987195694010412,1.7460979223251345,0
47.07638931274414,-2.3672425746917725,-0.9937538504600524,-0.1119914788504993,-3.2652945518493652,0
85.46507263183594,-2.616811513900757,1.3437503576278689,0.1064573729513394,-2.451017379760742,0
115.83917999267578,-2.770857810974121,-6.051506519317627,-0.1122224744926418,-3.60691499710083,0
94.38429260253906,3.1762092113494873,2.8840255737304688,-0.0276367621974826,4.281094074249268,0
69.55142211914062,3.3619930744171143,3.7177376747131343,-0.0603854912337771,0.3338927626609802,0
71.96088409423828,-0.7778578400611877,-4.259494304656982,0.0375906838567629,1.5606985092163086,0
121.61192321777344,1.96651291847229,-12.84282398223877,-0.2640476903151812,-3.802584171295166,0
35.754947662353516,7.262788772583008,6.562233924865723,-0.0121290406202131,1.3540133237838743,0
83.51346588134766,-2.952699661254883,-1.6375516653060913,-0.0486503250124857,-0.6319296360015869,0
82.04497528076172,-1.1413105726242063,-8.051937103271484,0.1253490743075748,-3.885230779647827,0
49.16141128540039,12.099145889282228,0.3175317049026489,0.0547156671143479,7.081029891967773,0
71.40068054199219,-5.147802829742432,-7.003169059753418,-0.1489767197174125,-5.334455966949463,0
65.9682388305664,0.7158389091491699,-9.625948905944824,-0.099565789667362,0.2981420457363128,0
85.77926635742188,3.6254842281341553,-3.540506601333618,-0.0751819774334136,6.72919225692749,0
71.02371215820312,-2.0841150283813477,-5.053457260131836,-0.0391369839587052,-1.2579630613327026,0
55.28077697753906,-4.312983512878418,-9.421295166015623,-0.0439746236583406,-7.8296942710876465,0
62.33071517944336,-0.6538071036338806,0.9030978679656982,-0.142633182996146,-2.090405225753784,0
61.891578674316406,-6.785200119018555,-5.520377159118652,0.0282777159456841,-4.832834243774414,0
54.14738464355469,5.3605828285217285,-2.59063982963562,0.0208434803871196,3.327699899673462,0
63.40958023071289,-5.6635541915893555,-3.1640946865081787,0.02933285252468,-1.3063957691192627,0
99.43537139892578,-3.6092276573181152,-7.806056976318359,-0.194166284042404,0.2527427971363067,0
115.8606948852539,-3.5513408184051514,7.238680839538574,0.2456169272348087,-12.923880577087402,0
121.5239715576172,1.96043860912323,0.6669122576713562,-0.1334396210629251,1.715108871459961,0
69.72706604003906,1.2699670791625977,0.9497100710868835,-0.136268966918546,3.7896690368652344,0
50.4129753112793,-3.0517091751098633,-2.9445366859436035,-0.0687830143375366,-2.801518440246582,0
68.54158782958984,-4.448268890380859,-1.9870563745498655,-0.0120424689522482,-1.1628960371017456,0
77.34674835205078,-5.364474773406982,-1.161490797996521,0.196301028201801,3.546184778213501,0
95.31314849853516,-1.5384736061096191,-7.836413383483887,0.176820708358625,-1.595531344413757,0
91.02222442626952,-2.569645881652832,-6.3058695793151855,0.2351184792114642,0.8819651007652283,0
65.48838806152344,-5.508585453033447,-5.622402667999268,0.1134768685194923,-1.156656265258789,0
52.05254364013672,4.765323638916016,6.793793678283691,0.1212415107038687,2.5364606380462646,0
42.375877380371094,0.51677405834198,-5.39216423034668,-0.0072602173100097,-0.8653841018676758,0
65.75382232666016,4.00648307800293,0.2057249695062637,0.0862007390239425,3.677323579788208,0
72.62531280517578,4.083337306976318,2.2253189086914062,-0.0994932237134926,0.1987325400114059,0
117.1406478881836,4.7679762840271,-6.582452774047852,0.0198474139996955,-1.7601912021636963,0
91.75914764404295,-1.0402884483337402,-2.9573957920074463,0.0384195424817906,-0.7374157309532166,0
39.499359130859375,3.074284791946411,3.4689033031463623,-0.0348534023576005,0.3855504393577575,0
92.00621032714844,-3.103412628173828,-3.4513678550720215,0.0225139213076661,-0.1637233346700668,0
68.8236083984375,8.788867950439453,1.3476130962371826,0.0722459900817917,-1.869605541229248,0
81.85713195800781,3.4185450077056885,-1.6153827905654907,-0.0343838664823927,2.016947031021118,0
75.23768615722656,-4.717614650726318,-9.369595527648926,0.0508427127578696,3.947105407714844,0
61.06854248046875,3.1522016525268555,-4.276851177215576,0.0924112080754749,3.1381304264068604,0
60.93227767944336,7.065167427062988,3.7099616527557377,0.0682967034387894,3.931500196456909,0
98.9134521484375,0.7003954648971558,-0.0412146374583244,0.0716889840243082,2.5241942405700684,0
75.30455780029297,6.8399977684021,3.942925930023194,0.0673982262817645,3.3572194576263428,0
60.64063262939453,4.2152862548828125,3.298816680908203,0.0166681073378777,1.278011679649353,0
67.55864715576172,-2.2524521350860596,0.2589952647686004,0.029307037363706,-5.14906644821167,0
99.16535949707033,-7.91828727722168,-8.90615463256836,-0.2170981273345253,-5.858208179473877,0
65.54070281982422,-3.1813178062438965,-5.805436134338379,0.0815063573745577,0.4216745793819427,0
80.34304809570312,3.4008538722991943,-1.952581524848938,-0.0364468298029726,1.042927384376526,0
67.55864715576172,-2.2524521350860596,0.2589952647686004,0.029307037363706,-5.14906644821167,0
126.70345306396484,1.857275128364563,-3.5106194019317627,0.1761522165565934,5.308337211608887,0
108.65233612060548,-11.062505722045898,-16.490188598632812,0.3184967127891625,-4.069131374359131,0
101.73528289794922,-5.628952980041504,-7.37066650390625,0.0569075081325864,-6.511919021606445,0
70.134521484375,-3.745694875717163,-2.315786123275757,-0.0417842840369707,-1.5898760557174685,0
68.53068542480469,-11.194083213806152,-1.1922590732574463,0.1228040290803901,-10.710725784301758,0
59.899017333984375,0.9943699240684508,-3.1856071949005127,0.0568373007631826,2.2759673595428467,0
39.48473358154297,-4.010120391845703,-9.649251937866213,0.0432379171654281,4.476160526275635,0
77.1072769165039,3.127269983291626,0.8714368343353271,-0.0986549097278533,7.175651550292969,0
50.31285095214844,0.3655441701412201,-1.272213339805603,0.0860889172508748,1.841092824935913,0
79.5019760131836,2.8331761360168457,4.2550201416015625,-0.0979140248245821,-2.266087532043457,0
130.7530517578125,-5.482179641723633,7.376291275024414,-0.1042199964653326,2.0625197887420654,1
90.5497589111328,-6.2332587242126465,-4.485869884490967,0.0769953548883491,-4.593929290771484,1
115.38661193847656,0.5106319189071655,0.5631402134895325,0.0046004506739448,-5.362498760223389,1
95.08162689208984,-7.7806925773620605,-5.532546043395996,-0.0655951373362222,-3.0624959468841553,1
66.69451141357422,-18.028728485107425,-14.132866859436035,-0.053612517737703,-13.761690139770508,1
81.42874908447266,-19.71920585632324,-16.859556198120117,0.0389343831312374,-7.541908264160156,1
73.91350555419922,-8.170337677001953,-13.725541114807127,-0.0625457125789126,-2.869347095489502,1
66.35020446777344,-9.448338508605955,-4.849058151245117,-0.0087108481576681,-10.944396018981934,1
110.57620239257812,-13.591424942016602,-4.300631523132324,-0.0348442680479376,-11.6085205078125,1
79.03971099853516,-16.07426643371582,-14.188925743103027,0.0197130839871544,-16.144962310791016,1
95.93350982666016,-16.167325973510742,-16.965303421020508,-0.0450075919979342,-9.50029468536377,1
109.9084243774414,-15.670843124389648,-14.962499618530272,-0.0749719587181095,-5.280351161956787,1
69.37544250488281,-9.54808235168457,-11.532203674316406,-0.0587095034212108,-8.875951766967773,1
96.79288482666016,-16.874502182006836,-7.436656475067139,0.0397029347073142,-17.21310806274414,1
97.34010314941406,-6.215904712677002,-5.07013463973999,-0.0770279604564569,-11.606115341186523,1
79.52862548828125,-9.224185943603516,-8.364611625671387,-0.1130634773046897,-0.6879973411560059,1
63.55396270751953,-8.280477523803711,-9.427419662475586,0.0013801337474686,-10.869625091552734,1
82.83473205566406,-15.648442268371582,-9.113656044006348,-0.00700205016996,-10.100580215454102,1
82.27364349365234,-11.433743476867676,-9.444486618041992,-0.0053877633263867,-13.114665031433104,1
68.94037628173828,-10.273405075073242,-2.5654239654541016,-0.0504975126037556,-6.49809455871582,1
74.08204650878906,-11.589432716369627,-13.48879337310791,0.0132897482820407,-8.036128997802734,1
99.66753387451172,-7.528265953063965,-6.574982166290283,0.0774227203521322,-5.886932849884033,1
86.3514175415039,-16.275314331054688,-16.26105499267578,-0.1386099597699235,-4.956869125366211,1
77.65213012695312,-5.568489074707031,-6.8035736083984375,-0.0897668333929342,-12.224603652954102,1
99.57926940917967,-4.538662433624268,-4.883890151977539,-0.0931129615547539,-4.039701461791992,1
112.3530044555664,-7.978888511657715,-4.409761428833008,-0.0979599038251366,-1.9578138589859009,1
95.36461639404295,-8.110394477844238,-4.436470031738281,0.1565514326534515,-9.12172031402588,1
112.8028335571289,-13.971321105957031,-11.31081199645996,0.057084060731251,-5.412874698638916,1
69.1589584350586,-17.816286087036133,-13.161479949951172,-0.0469739288778574,-14.65658950805664,1
56.91666030883789,-4.478748798370361,-5.660367488861084,0.1372770817686982,-9.28615951538086,1
58.3252067565918,-10.54134750366211,-11.342147827148438,0.0050733395031013,-8.518019676208496,1
88.31189727783203,-9.903942108154297,-7.981060981750488,0.0393668305353865,-6.282473564147949,1
81.42874908447266,-19.71920585632324,-16.859556198120117,0.0389343831312374,-7.541908264160156,1
94.8972625732422,-12.027956008911133,-12.131711959838867,0.0046380319240974,-1.5293761491775513,1
64.67906188964844,-13.561530113220217,-5.216585636138916,-0.0455546956011823,-13.332962989807127,1
99.5141372680664,-19.21667861938477,-14.713733673095703,0.0598698799486244,-3.72127103805542,1
84.49449920654297,-6.555410861968994,-7.389570713043213,-0.0669924048914419,-6.698545932769775,1
78.69892883300781,-16.073822021484375,-9.08030891418457,-0.0531144076004445,-11.03670883178711,1
101.97715759277344,-11.72047233581543,-8.951123237609863,-0.0244360092339045,-12.858065605163574,1
112.32221221923828,-14.892851829528809,-13.370640754699709,0.0568660109830408,-17.12596321105957,1
148.02838134765625,-6.534695625305176,2.84973406791687,-0.0011805107950962,-4.643688201904297,1
82.83473205566406,-15.648442268371582,-9.113656044006348,-0.00700205016996,-10.100580215454102,1
66.14044189453125,-10.083089828491213,-11.98880386352539,-0.0594762799569426,-4.857384204864502,1
48.36882400512695,-2.318875789642334,2.5983572006225586,0.048373006029943,-4.526456356048584,1
89.00879669189453,-12.352767944335938,-17.9434871673584,-0.1571117951004378,-11.069287300109863,1
78.79579162597656,-24.248716354370117,-11.781683921813965,-0.0239973314813939,-11.299678802490234,1
93.88536834716795,-10.571781158447266,-13.635522842407228,0.0208790204521926,-11.634410858154297,1
61.964229583740234,-7.956535816192627,-5.54907751083374,0.0481052418311038,-7.961309909820557,1
89.8987808227539,-21.15943145751953,-9.915143966674805,-0.0846876612166984,-7.806894302368164,1
92.19703674316406,-6.7804975509643555,-9.8025484085083,0.0050286946002542,-4.065876007080078,1
79.6615219116211,-11.760037422180176,-4.835660934448242,0.0115441966783313,-10.01003646850586,1
111.77420806884766,0.2479725331068039,-12.407054901123049,-0.0957221930604852,-19.59137535095215,1
99.5141372680664,-19.21667861938477,-14.713733673095703,0.0598698799486244,-3.72127103805542,1
99.45539855957033,-6.847837448120117,-7.857983112335205,-0.0923201629542449,-4.500633716583252,1
79.7957763671875,-8.519577026367188,-10.868644714355469,0.0149939106127595,-8.05814266204834,1
79.7038345336914,-14.216798782348633,-9.906282424926758,-0.0102680899353359,-10.361809730529783,1
125.13189697265624,-2.3561761379241943,-8.065342903137207,-0.2185223574775562,-3.2253096103668213,1
88.7020263671875,-5.474367618560791,-4.682075500488281,0.0489439283689334,-14.473481178283691,1
96.06129455566406,-10.730430603027344,-10.346518516540527,0.0778383939526734,-11.65787410736084,1
112.8028335571289,-13.971321105957031,-11.31081199645996,0.057084060731251,-5.412874698638916,1
118.6466064453125,-11.598488807678224,-9.696566581726074,-0.0359243425664093,-0.6882206797599792,1
106.65372467041016,-14.611475944519045,-11.800765991210938,-0.1179713784541722,-13.83368968963623,1
65.620849609375,-8.889830589294434,-7.499940872192383,-0.0233977816721447,-9.007548332214355,1
71.6558609008789,-10.676745414733888,-12.150983810424805,-0.0855544125961706,-8.642964363098145,1
73.82110595703125,-11.493220329284668,-12.7086820602417,0.0765961455648115,-11.5088529586792,1
79.79862976074219,-12.06762981414795,-11.219541549682615,-0.0201973506632394,-5.814314842224121,1
78.54327392578125,-3.9227991104125977,-7.9412522315979,-0.0659680138544479,-3.751356363296509,1
112.55022430419922,-13.374090194702148,-11.93082046508789,-0.0834172116047013,-6.115657329559326,1
81.60420989990234,-7.660547256469727,-5.8855814933776855,-0.0018849148507986,-8.064468383789062,1
89.8987808227539,-21.15943145751953,-9.915143966674805,-0.0846876612166984,-7.806894302368164,1
100.59052276611328,-10.84085464477539,-9.856769561767578,0.0214013585031222,-9.898344993591309,1
101.9948501586914,-5.8773884773254395,-5.998216152191162,0.00759669118557,-13.136049270629885,1
59.12066650390625,-7.818667411804199,-1.6885086297988892,-0.0211563906636586,-13.22837257385254,1
88.89556884765625,-3.675812244415283,-12.928117752075195,-0.1837024434050565,-6.434769630432129,1
102.31069946289062,-8.452973365783691,-12.657112121582031,0.0455159724538481,-8.29603099822998,1
90.89736938476562,-9.77040195465088,-7.052933692932129,-0.0541670840830889,-4.332525730133057,1
73.70623016357422,-14.180412292480469,0.0565484836697578,-0.0165937143647412,-16.336368560791016,1
73.77861785888672,-8.410052299499512,-5.571408271789551,0.0354344029516401,-9.924586296081545,1
86.3514175415039,-16.275314331054688,-16.26105499267578,-0.1386099597699235,-4.956869125366211,1
77.23601531982422,-8.577582359313965,-11.62753200531006,-0.0032485927196101,-6.056977272033691,1
121.09204864501952,-12.9747953414917,-6.261751174926758,-0.075893344321544,-5.303430080413818,1
80.64139556884766,-14.026833534240724,-10.890390396118164,0.0163250957580434,-9.7152681350708,1
102.93679809570312,-13.43441104888916,-6.512125015258789,-0.0531528490321521,-5.6996378898620605,1
94.8972625732422,-12.027956008911133,-12.131711959838867,0.0046380319240974,-1.5293761491775513,1
81.9469223022461,-15.46031093597412,-12.21229362487793,-0.0250261074721402,-10.999943733215332,1
76.47908020019531,-12.646843910217283,-15.524171829223633,-0.1206618630170029,-12.48610782623291,1
102.3849105834961,-14.593985557556152,-11.10004711151123,0.0103952666777855,-6.342041492462158,1
105.939697265625,-9.92070770263672,-11.744876861572266,-0.0402369730276061,-4.338927268981934,1
78.20529174804688,-17.14344596862793,-11.361315727233888,0.076116629015296,-12.358997344970703,1
79.90641784667969,-9.424239158630373,-8.23043441772461,-0.0023793451991763,-6.648636341094971,1
110.89066314697266,-9.846031188964844,-10.89173698425293,-0.0115095826907302,-7.956023693084717,1
104.18141174316406,-2.8184196949005127,-6.907861709594727,-0.1139593104172616,-6.707056999206543,1
87.56397247314453,-14.098166465759276,-14.023519515991213,-0.024739760262072,-8.731077194213867,1
85.81021118164062,-8.196279525756836,-7.635046482086182,-0.0803642496998481,-3.921953439712525,1
114.18844604492188,-8.209589004516602,-2.8029353618621826,0.0111672488773145,-1.7313388586044312,1
64.39219665527344,-15.201125144958496,-5.441944599151611,0.0236813242729339,-12.569215774536133,1
125.028564453125,0.5023033618927002,-0.3283434510231018,-0.0408483331835803,-1.0462744235992432,1
76.20011138916016,-11.158238410949709,-13.687179565429688,0.0200851997978613,-8.420061111450195,1
100.47610473632812,-15.27837085723877,-13.831881523132324,0.0296252943045465,-1.8413060903549192,1
78.73480987548828,-0.804060697555542,2.1356160640716553,-0.0610954996986673,-10.870299339294434,1
77.04859924316406,-2.415421724319458,-3.362671375274658,-0.0849100491718041,-6.390693664550781,2
114.04492950439452,-9.592588424682615,-12.307501792907717,0.1150979706358609,-6.33512020111084,2
90.0312271118164,-16.13128662109375,-13.516404151916504,-0.1567883043676323,-13.942687034606934,2
106.1397933959961,-3.1855809688568115,-0.2201030701398849,0.056049140097498,9.14645004272461,2
133.67466735839844,0.7249829769134521,1.4536772966384888,0.0353786278302957,0.6557924151420593,2
86.59286499023438,-5.489843368530273,-5.362916469573975,-0.0700945160195154,-8.982815742492676,2
112.27978515625,-6.937586307525635,-9.844476699829102,0.0629681260712454,-7.759809970855713,2
75.16651153564453,-1.5907506942749023,-6.371766090393066,0.1667983181458684,-7.258294582366943,2
79.2061996459961,1.678017258644104,-1.422131896018982,-0.0936716374932972,1.6401137113571167,2
108.11941528320312,-9.959199905395508,-12.533944129943848,-0.1705084133225279,-6.072976112365723,2
120.86103057861328,-1.166123867034912,-5.338301658630371,-0.0836829346848352,1.0384544134140017,2
71.35408020019531,-0.7381705641746521,-5.690016269683838,-0.0554298757784925,-3.787173986434937,2
62.24241256713867,-6.568750381469727,4.828557014465332,0.0801823413362647,1.7151809930801392,2
107.59515380859376,-7.372371673583984,-3.996848344802856,-0.0016602079970454,-7.9951677322387695,2
118.71022033691406,-0.9932337403297424,-0.8353219628334045,0.0962994510558754,-7.594010353088379,2
58.79659652709961,-3.5104997158050537,1.9713349342346191,0.1084168572758856,-2.6830849647521973,2
93.33191680908205,-9.794536590576172,-14.480332374572754,0.031602811641294,-5.683039665222168,2
65.37085723876953,-2.4702887535095215,-7.066956996917725,0.0496270237680457,-3.63826060295105,2
75.47183990478516,-8.06473159790039,-13.319931983947754,-0.0074899955706156,-8.086335182189941,2
108.8519058227539,-12.794451713562012,-12.971982955932615,0.1162233567582626,-4.292319297790527,2
107.39987182617188,-5.053215503692627,-7.563539028167725,0.2156040700247843,-1.8819187879562376,2
72.21194458007812,0.3464557230472564,-2.7924797534942627,-0.0451292854825871,-2.168987512588501,2
133.7689666748047,-7.250436782836914,-7.670828342437744,-0.0468685493209234,-3.4782092571258545,2
84.53901672363281,-3.9891512393951416,-2.8564157485961914,0.1140348144091719,-3.1084096431732178,2
100.59083557128906,3.969436645507813,4.674221038818359,0.1444827628107755,1.341256618499756,2
117.65999603271484,-1.4826786518096924,-9.401145935058594,0.1351265179241121,-0.111021488904953,2
61.16257095336914,-2.3098185062408447,0.8406975865364075,-0.0764480751864772,-4.250094413757324,2
104.87907409667967,1.8852713108062744,-0.6849872469902039,0.0385245379341202,-2.143037796020508,2
62.994258880615234,-2.82552719116211,-5.061063289642334,0.0062623313698385,-3.991089820861816,2
104.81438446044922,-15.056095123291016,-18.242008209228516,0.1613393420021185,-10.873441696166992,2
67.5937271118164,9.949743270874023,7.15497350692749,-0.0269719707976542,6.816839694976807,2
57.46951675415039,-2.8194005489349365,5.514041900634766,-0.0664704205313269,-2.0437188148498535,2
105.2740249633789,-8.472476959228516,-14.630096435546877,-0.0177363647662134,-7.186779499053955,2
92.4449462890625,-12.078410148620604,-11.692500114440918,0.0704260477610428,-2.8867812156677246,2
91.22506713867188,-12.48697280883789,-19.18168830871582,0.0893272636742799,-10.373794555664062,2
63.911643981933594,2.1291098594665527,-0.593431830406189,0.0750478855722897,-1.2309091091156006,2
75.48958587646484,0.1428999006748199,0.3894247114658355,0.0368245000448856,1.6370246410369873,2
95.09681701660156,6.232520580291748,3.836273908615112,0.0872998905531678,0.6708415746688843,2
76.8397445678711,2.5082764625549316,-10.696718215942385,-0.0047684342491993,7.812807559967041,2
103.5956802368164,-6.463558197021484,-12.226847648620604,0.1099456553838359,-7.242782592773437,2
74.24120330810547,-1.115106225013733,-4.350178241729736,0.094881806445364,-0.9788538217544556,2
65.86711120605469,-1.9937607049942017,3.413904190063477,0.1004701260032453,0.0975115671753883,2
98.82282257080078,-13.091571807861328,-11.9898042678833,-0.0999430127606342,-11.281487464904783,2
110.69073486328124,-7.32335090637207,-12.308182716369627,0.1473163204383412,-9.03838062286377,2
71.46919250488281,-5.3556084632873535,-9.219733238220217,-0.028495481094054,-2.235614061355591,2
64.58452606201172,-2.7299022674560547,4.581975936889648,-0.0252832175405343,-1.946500301361084,2
101.58377075195312,-16.402233123779297,-16.27202033996582,-0.0173910472861957,-9.076112747192385,2
54.72182083129883,-4.0138750076293945,-0.1002989560365676,-0.0813562826425287,-7.606300354003906,2
88.72907257080078,-10.034697532653809,-13.999852180480955,0.1336117126416549,-10.99301528930664,2
126.69773864746094,-6.308144569396973,-19.46491813659668,0.0679956785751406,-1.6549983024597168,2
96.65562438964844,6.481149196624756,2.064554452896118,-0.1528389001802449,-2.408339023590088,2
68.04056549072266,-4.697789192199707,-3.942639112472534,-0.0243449981005714,-0.7375516891479492,2
129.0196533203125,-10.783207893371582,-11.964117050170898,0.0634336493770322,-6.232825756072998,2
77.30435180664062,0.9952956438064576,-2.5397753715515137,0.0248127114646173,1.2559425830841064,2
97.43450927734376,-5.099734783172607,-1.606612205505371,0.1179064151726274,-2.0765254497528076,2
91.93109130859376,-7.467432975769043,-7.955147743225098,0.0934466490974083,-9.295205116271973,2
91.00310516357422,1.4655004739761353,1.7908107042312622,0.0574673523981359,-0.9796716570854188,2
67.41375732421875,-4.043015003204346,-2.8161520957946777,0.0544573785630412,1.5033377408981323,2
96.76978302001952,-7.258100986480713,-8.202685356140137,0.0977250628133441,-8.25013256072998,2
89.84333038330078,-13.21338176727295,-15.67838191986084,0.1668204748712238,-15.533313751220703,2
115.78784942626952,-12.351178169250488,-13.620933532714844,0.0663687933909228,-8.518301963806152,2
84.15267181396484,-10.016510009765623,-13.659123420715332,0.0836537495573301,-13.307416915893556,2
102.47483825683594,1.9937384128570557,-2.198838949203491,0.1731011496349665,-9.684510231018066,2
61.76020050048828,-6.286778926849365,4.375941753387451,-0.0143518505079098,-9.201433181762695,2
60.702415466308594,-3.1575427055358887,-1.750532865524292,0.0257046445230674,-4.143141269683838,2
107.4396514892578,-6.718811988830566,-9.370162010192873,0.1530663249957657,-5.8641157150268555,2
103.34522247314452,-7.70982551574707,-10.018355369567873,0.1631607959540788,-7.039956569671631,2
84.62954711914062,-0.0980360582470893,-0.1999120861291885,0.1569631147758332,-2.4051711559295654,2
111.65257263183594,-10.43130111694336,-11.202954292297363,-0.081299432326796,-7.27409553527832,2
117.62245178222656,-1.9170246124267576,0.1226507350802421,-0.0398334785280811,-5.397678852081299,2
112.67848205566406,-6.616115570068359,-1.0139282941818235,0.0886060469606906,-6.609267234802246,2
86.35939025878906,-8.41352367401123,-17.854450225830078,0.0037325985786746,-9.387003898620604,2
82.47488403320312,1.3307042121887207,3.921268939971924,0.0626875475918527,-3.214015245437622,2
98.54634857177734,-13.621323585510254,-19.02678871154785,0.0519570784157557,-12.909098625183104,2
64.69373321533203,-4.654330253601074,-7.427978992462158,-0.073421507228292,-4.557455062866211,2
129.25807189941406,-6.936084747314453,-7.391403675079346,0.1333771006121989,-6.605048179626465,2
83.3908920288086,-9.221442222595217,-10.132908821105955,0.0538054256268748,-12.760420799255373,2
122.46649932861328,-0.8815749883651733,-11.289067268371582,-0.0775856625147085,-0.2341522872447967,2
107.64254760742188,-3.824341773986816,-9.537522315979004,0.1133050755318734,-2.275914430618286,2
69.23580169677734,-2.71032977104187,-5.849469184875488,0.0763641814731418,-1.2673439979553225,2
123.56554412841795,-1.16363525390625,-3.268076658248902,0.1577653715567533,-0.1360541433095932,2
117.11641693115234,-2.747591018676758,-4.264986991882324,0.1078147496436458,-3.6261775493621826,2
68.18421173095703,3.0659115314483643,0.7505635023117065,-0.1434005367509823,-1.6878466606140137,2
95.86444854736328,-6.206605434417725,-12.100116729736328,-0.1693150409928193,-6.246639728546143,2
69.34518432617188,-2.4518520832061768,2.852308750152588,-0.0249750142321576,-8.827351570129395,2
96.56320190429688,-10.176021575927734,-13.658404350280762,0.154111842342775,-13.414074897766112,2
138.1953125,-2.673667907714844,0.6107945442199707,-0.0601609419159833,-0.0108876004815101,2
67.05546569824219,-1.282324194908142,5.409677982330322,0.0277870123604712,1.6692427396774292,2
95.39669036865234,-7.5638957023620605,-3.977570772171021,-0.0516563000427543,-3.544323682785034,2
91.81781768798828,-12.0874605178833,-13.281745910644531,0.0437221229080966,-9.23613739013672,2
135.4661102294922,-11.279257774353027,-18.345808029174805,0.1357080552964531,-4.79277229309082,2
103.27194213867188,-3.123090982437134,-5.047097206115723,0.0429045736998198,2.6119987964630127,2
118.48102569580078,3.2672030925750732,-0.1192848309874534,-0.0782432283543739,1.1800012588500977,2
58.52848434448242,-8.834868431091309,-9.198232650756836,-0.0081564295555853,-4.391664505004883,2
105.47806549072266,-4.8851752281188965,-4.564109802246094,-0.0678587846188352,-2.325380325317383,2
95.0632781982422,-7.510236263275147,-9.655295372009276,0.1625937333653752,-6.838893413543701,2
124.27245330810548,-8.648240089416504,-9.671077728271484,0.1377434370614994,-8.667186737060547,2
107.1493148803711,-14.629531860351562,-10.591330528259276,-0.0791848791164456,-9.553937911987305,2
109.21771240234376,-2.71042537689209,-3.285490036010742,0.1226891661019926,-4.055147647857666,2
107.1493148803711,-14.629531860351562,-10.591330528259276,-0.0791848791164456,-9.553937911987305,2
106.1056671142578,-8.350789070129395,-25.314544677734375,-0.1209173135040106,-17.381410598754883,3
131.13931274414062,3.1832711696624756,0.0630473792552948,-0.151468594883641,-5.897402763366699,3
92.85961151123048,2.34521222114563,4.261688709259033,-0.0415235269246357,4.352872848510742,3
108.4124526977539,-8.682985305786133,-8.754495620727539,0.1233227122031472,-8.745185852050781,3
113.51380157470705,-7.454192161560059,-11.725465774536133,0.1168314533188276,-1.660575032234192,3
128.6479949951172,-0.7264274954795837,-1.5642443895339966,-0.0588802756451573,-6.1593403816223145,3
100.47454833984376,-19.435768127441406,-11.622520446777344,0.1278636231600982,-8.812784194946289,3
118.99816131591795,-15.833992004394531,-21.734886169433594,0.2468341827539347,-10.757868766784668,3
146.03880310058594,-7.9256768226623535,-10.923114776611328,-0.1041443733504581,-8.68956470489502,3
109.01720428466795,-6.950275897979736,-2.8500828742980957,-0.0379858977865131,-0.8676028251647949,3
106.34394073486328,-6.313840389251709,-10.099567413330078,0.0503248517001587,-0.2278958261013031,3
135.466064453125,6.091019630432129,8.8650541305542,0.0909977319624022,3.0456855297088623,3
121.43667602539062,-4.246362686157227,-10.009538650512695,0.1156060009530444,-5.264151573181152,3
118.3660125732422,1.6818543672561646,6.076056480407715,-0.0604959900418036,1.9167414903640747,3
95.33905792236328,-6.048741340637207,-22.841381072998047,-0.2495408804501702,-12.295544624328612,3
122.2692642211914,-9.129286766052246,-3.3333303928375244,-0.1296026733876627,-2.7608728408813477,3
136.3055419921875,-8.578489303588867,-7.243827819824219,0.1448951436980517,-10.086502075195312,3
126.15010833740234,-1.6000266075134275,-1.35906982421875,-0.1317187383482214,2.425196409225464,3
109.13819885253906,-8.305240631103516,-11.892614364624023,0.3010684170217829,-5.341235160827637,3
68.41597747802734,-17.60078239440918,-15.247950553894045,0.1998550622532037,-14.860551834106444,3
84.99029541015625,-29.26346778869629,-15.376976013183594,0.077611374593902,-15.674092292785645,3
140.33978271484375,-12.042943000793455,-2.7659614086151123,-0.0941301459631138,5.8365278244018555,3
105.0961685180664,-13.038392066955566,-14.212166786193848,0.0456738555867127,-5.503848075866699,3
135.71006774902344,3.8289949893951416,9.73412036895752,-0.0533060412061602,-3.3366663455963135,3
97.6658172607422,-4.380967140197754,-16.51978874206543,-0.0018747989883957,-16.177230834960938,3
107.49407958984376,-10.051032066345217,-5.958550453186035,-0.0907767826463531,-7.286623001098633,3
135.971435546875,-3.977612257003784,-7.569679737091064,0.1080693977633802,-11.305286407470703,3
173.52471923828125,0.6611380577087402,0.5639290809631348,-0.1124790299224055,-3.4594881534576416,3
116.0912857055664,-14.964460372924805,-26.06717300415039,0.244544223776012,-11.893980979919434,3
93.71905517578124,-21.093841552734375,-6.883255958557129,0.1820681755797638,-8.3134183883667,3
68.6659164428711,-1.4821962118148804,-23.93651580810547,-0.1350529494672475,-15.679235458374023,3
123.05633544921876,-0.5005852580070496,-3.5536913871765137,-0.1116261543474735,3.633294343948364,3
127.8315200805664,0.3776406943798065,-2.318044900894165,-0.1369377516509981,-2.154759407043457,3
80.65474700927734,-9.115971565246582,-6.2407941818237305,0.1683542216551335,-6.04544734954834,3
135.0832061767578,3.821488380432129,-6.269382953643799,0.1081654873590882,-5.552548408508301,3
146.44119262695312,-2.8697192668914795,3.90968918800354,-0.111115660667344,0.0029645243193954,3
100.0268783569336,-11.27630615234375,-15.363329887390137,0.0427359677530616,-3.096714735031128,3
95.54387664794922,-10.045883178710938,-10.256037712097168,0.25473954388489,-8.58626651763916,3
154.52244567871094,0.4374102056026459,2.305736303329468,-0.0701189437890187,0.1928581595420837,3
127.92996215820312,-6.327476978302002,4.909361839294434,0.2178379196908353,-4.132717132568359,3
114.96847534179688,-5.941744804382324,-21.226255416870117,0.0331210775619896,-12.739768981933594,3
99.79125213623048,2.5012576580047607,2.331542491912842,-0.0542414197348047,5.222558975219727,3
124.61164855957033,-11.746360778808594,-2.5688846111297607,-0.0167579990225202,-2.9370458126068115,3
92.820068359375,-13.158321380615234,-6.921560764312744,0.0827628173676599,-6.879207611083984,3
94.9691162109375,-14.588666915893556,-13.661863327026367,0.0149388993227988,-15.66078281402588,3
138.30604553222656,0.0145375076681375,-1.4686771631240845,0.0132944722820832,2.256547689437866,3
116.2718734741211,-14.281283378601074,-22.34723472595215,0.0241167799249894,-15.407061576843262,3
92.40716552734376,-19.74571990966797,-20.322032928466797,0.1715079250509728,-14.432615280151367,3
102.90403747558594,-12.124521255493164,-12.317978858947754,-0.0062349529521358,-8.143392562866211,3
104.00855255126952,0.2208603173494339,-17.23090171813965,0.0854699300602227,-1.7427462339401243,3
111.70114135742188,-14.342787742614746,-14.99631118774414,0.2719575879095066,-12.74195671081543,3
83.17158508300781,-17.706592559814453,-13.892727851867676,0.185312342294714,-7.629465103149414,3
106.30964660644533,-6.483396053314209,-17.6731014251709,0.0300482007179924,-11.99424934387207,3
139.9227752685547,4.600943088531494,2.887481689453125,-0.0385149426941639,0.3371109664440155,3
114.96012115478516,1.689101219177246,-2.634209394454956,0.1293818079902189,0.2363005578517913,3
110.35999298095705,-7.163066387176514,-2.3134074211120605,-0.1093927548953064,-10.493282318115234,3
157.29354858398438,2.5915491580963135,-0.7468746900558472,0.0629251252700825,-9.394371032714844,3
101.30941009521484,-10.170084953308104,-12.105485916137695,0.139537729265513,-11.718527793884276,3
129.67449951171875,3.908618450164795,1.524106740951538,0.0049294753717002,-3.879179000854492,3
142.66452026367188,-9.49762725830078,-4.333522319793701,0.108382509884865,-6.088896751403809,3
113.373779296875,-4.868646144866943,-10.840364456176758,-0.0584366912606003,-9.807255744934082,3
124.6853256225586,-1.4705431461334229,0.8845324516296387,-0.0987505868125026,-6.872950077056885,3
90.46519470214844,-16.821260452270508,-13.527737617492676,0.1951346263451783,-8.921161651611328,3
94.59784698486328,0.4728422462940216,-19.23101234436035,0.0119698373133846,-18.28226852416992,3
107.30838775634766,8.800439834594727,12.074066162109377,0.0337743237809256,2.4266774654388428,3
130.7533416748047,-6.828352451324463,-12.299699783325195,0.0885798874436242,-10.850261688232422,3
106.40174102783205,-9.015087127685549,-3.2760424613952637,0.0667872683303523,-3.2512831687927246,3
93.41944885253906,-4.283603191375732,-9.142729759216309,0.0550711619996152,-10.635153770446776,3
124.4507064819336,-14.32011890411377,-14.52918815612793,0.2415743436278108,-8.550097465515137,3
123.8773956298828,3.3262593746185303,-0.639931857585907,-0.2474877212505806,-1.1392008066177368,3
134.25254821777344,-1.6698335409164429,-0.1651154905557632,0.0991317919696105,-0.8645085692405701,3
91.7129364013672,-2.5496721267700195,-17.40455436706543,0.0591412646305848,-17.502685546875,3
148.7645263671875,2.316063642501831,4.746826171875,0.0748305493508239,-3.481390953063965,3
104.41719818115234,-2.732715129852295,-4.379633903503418,0.0519781721301749,-3.2020294666290283,3
122.90931701660156,-0.3744624257087707,4.4379801750183105,-1.534355781024699e-05,5.618338584899902,3
109.41079711914062,-11.228096961975098,-16.642141342163086,0.0994307514418119,0.1036315560340881,3
71.42207336425781,-24.49188232421875,-17.71919059753418,0.2184761758520102,-12.46692943572998,3
146.4491729736328,-9.86502170562744,-9.247703552246094,-0.3227756499797954,-18.919971466064453,3
115.21365356445312,-18.044904708862305,-2.921074867248535,-0.0818675052242277,-7.483419418334961,3
122.98251342773438,0.0992489606142044,-3.8276853561401367,0.0187186824554927,-1.812327265739441,3
127.64035034179688,-5.112959384918213,-1.7609425783157349,-0.1245426714152008,-2.9259164333343506,3
95.31233215332033,-6.676791667938232,-21.672962188720703,-0.0214466665717536,-16.98234748840332,3
134.6361846923828,-5.3872480392456055,-3.8443760871887207,-0.0784481750839281,-6.226245880126953,3
92.13150024414062,-0.3261195123195648,-11.235877990722656,0.0379893285519635,-0.9986087083816528,3
131.20547485351562,-2.855447292327881,-2.5185391902923584,0.0581389279367389,9.017816543579102,3
127.76473236083984,-13.140239715576172,-18.40294075012207,0.1038959421155456,-13.533117294311523,3
86.4460220336914,-19.55121612548828,-12.863495826721191,0.1435408515635406,-13.815107345581056,3
153.6345672607422,3.981283664703369,-4.178685188293457,-0.0377674149670409,-6.640188217163086,3
108.1688995361328,-8.00916576385498,-8.049039840698242,-0.1110316627844573,-5.219230651855469,3
129.44305419921875,0.8265272974967957,-0.3431480526924133,0.1313526298432272,-4.974545001983643,3
103.75414276123048,-9.447625160217283,-7.270609855651856,0.1184660633015045,-3.8539133071899414,3
138.9476318359375,4.793723106384277,8.022207260131836,-0.1280540878994711,0.4091087877750397,3
109.39691162109376,-7.65531587600708,-6.596027851104736,0.0637292781798217,-2.4545130729675293,3
87.86522674560547,-2.4817092418670654,-20.720787048339844,0.0248286248789089,-11.22439670562744,3
118.59757995605467,1.938368558883667,6.908665180206299,-0.0750377751491869,-4.6652021408081055,3
122.12352752685548,-12.423284530639648,-11.451563835144045,0.0933378427838693,-5.563042640686035,3
112.83454132080078,-10.64841651916504,-2.862694501876831,-0.0135274032383278,-6.2001824378967285,3
114.89714050292967,-11.607569694519045,-3.203216314315796,0.0025890843290915,-3.9760420322418217,3
111.89989471435548,-10.881874084472656,-23.338703155517575,0.0494069172105672,-3.513887405395508,3
166.20326232910156,-5.997434139251709,4.8177642822265625,-0.3031539688971045,0.3939768970012665,3
117.04582214355467,6.536222457885742,2.312570333480835,0.0612010036658643,-4.2276105880737305,4
83.72866821289062,-4.057362079620361,-8.884969711303711,0.0743791160129887,-3.041680335998535,4
128.4454345703125,3.246417760848999,-4.244466781616211,0.0695862608038724,-0.0536150187253952,4
101.30046081542967,2.638622522354126,-1.8856257200241089,-0.0762451701525788,3.922406673431397,4
127.351318359375,2.4545395374298096,-6.681842803955078,0.1095493970457811,0.8987367749214172,4
122.11752319335938,-7.049737453460693,-6.841061115264893,0.0950217811829309,0.3528629541397095,4
100.79611206054688,3.066502094268799,3.3514370918273926,0.0586501014468979,-2.968493700027466,4
147.52825927734375,-6.5074968338012695,2.849452257156372,0.2212176690954938,-4.576635837554932,4
81.65629577636719,6.359795570373535,7.427765369415283,0.1500831504258887,2.761931896209717,4
114.9141616821289,-12.18027114868164,-4.301560878753662,0.0861109157571419,-10.766579627990724,4
141.612060546875,-13.76581573486328,-3.6626346111297607,-0.0421182981816509,-11.060711860656738,4
97.91654205322266,2.8307301998138428,4.01639986038208,-0.1045066114441969,-0.23337322473526,4
62.50189208984375,2.576612949371338,4.72634744644165,-0.1358247933108024,1.7833220958709717,4
132.43690490722656,-2.434469223022461,2.7159523963928223,0.0766797634229445,-4.427346706390381,4
110.43817901611328,-5.239681720733643,-11.05760097503662,0.192128878467106,-3.81003475189209,4
62.89168930053711,2.30519700050354,-1.4976199865341189,-0.0224273031780102,2.4291505813598633,4
119.77818298339844,-1.7503153085708618,3.223188638687134,0.0566273764677538,-3.7273108959198,4
100.28443145751952,9.049822807312012,8.194147109985352,-0.1502172537877218,9.152178764343262,4
92.62950897216795,-10.16491413116455,-13.749992370605469,-0.0177215926660306,-11.49720859527588,4
104.88776397705078,1.737612247467041,-1.950976014137268,0.0049877675297389,1.0617388486862185,4
109.2937469482422,-7.011787414550781,-3.1549975872039795,-0.1190924770688999,-4.273672580718994,4
-11.89925765991211,5.4855427742004395,14.069762229919434,-0.0151999621386774,10.55545139312744,4
123.1295166015625,4.873036861419678,13.651192665100098,0.1180407314807575,2.1083130836486816,4
151.03353881835938,7.025160789489746,4.106744766235352,0.0524660069552532,-6.685130596160889,4
116.37847900390624,4.7764458656311035,10.921354293823242,0.1005414332323259,0.9855031967163086,4
36.005062103271484,4.781270980834961,2.244255542755127,0.054069316900892,0.4531401991844177,4
119.73838806152344,-6.091691017150879,-3.693037748336792,0.2138980961966033,-6.218985080718994,4
98.45003509521484,12.491673469543455,5.260331153869629,0.0694211884438159,9.022284507751465,4
109.90326690673828,4.184873580932617,1.8645821809768677,0.0761412068373509,1.3373558521270752,4
89.72681427001953,-9.87423610687256,-15.337647438049316,0.0821675017148496,-7.660030841827393,4
112.03319549560548,8.16215705871582,8.074590682983398,-0.0606843554190837,-5.816145896911621,4
66.5274658203125,1.4073923826217651,2.8358750343322754,-0.0709866910639089,-6.323939323425293,4
110.54122924804688,11.37582015991211,5.733978748321533,0.0745405372981885,9.075401306152344,4
95.11517333984376,6.1643171310424805,4.835417747497559,-0.0464559056859726,5.090625762939453,4
119.71790313720705,-3.629815101623535,-4.375672340393066,-0.0701132270169772,5.321168422698975,4
109.49422454833984,2.2682230472564697,5.870725631713867,-0.0058878411436607,3.7232468128204346,4
27.33805274963379,2.927663803100586,2.656435489654541,0.0806519721636168,2.4112467765808105,4
77.73316955566406,12.074338912963867,10.045151710510254,-0.042013106948218,12.512215614318848,4
65.1599349975586,6.032115459442139,10.70673656463623,0.1239147278096233,7.140186786651611,4
123.2232437133789,-2.9786298274993896,5.342553615570068,0.0362559753266843,4.463969707489014,4
98.7537841796875,-9.240578651428224,-1.235665798187256,0.1107962849656607,-4.239060878753662,4
168.75405883789062,0.2978658080101013,3.708498001098633,0.0439345851723442,0.1472950428724289,4
103.87358856201172,5.734372615814209,8.962835311889648,0.1294340283367627,2.47157621383667,4
48.40955352783203,0.3367772102355957,-1.915499210357666,-0.0251618977299792,-0.8808093667030334,4
97.68888092041016,-3.904349803924561,0.5676699876785278,-0.0678576237849784,-2.861771821975708,4
150.38853454589844,0.4959989190101623,-0.9640477895736694,0.0144494934148684,3.255626678466797,4
114.348876953125,4.363636016845703,-0.8536546230316162,0.0069253233068573,1.024769306182861,4
79.922119140625,0.0052857780829072,-2.4512438774108887,0.0533678082038901,6.463281631469727,4
100.97048950195312,2.2229199409484863,8.6102294921875,0.0207514252721264,4.564701557159424,4
112.07076263427734,7.752233982086182,16.342138290405273,-0.0728302446165862,5.724039554595947,4
124.79767608642578,1.5801522731781006,1.169258713722229,-0.0791353977778567,-2.641831636428833,4
104.32278442382812,4.413395404815674,-1.5644291639328003,0.0517775104356153,1.5578746795654297,4
104.98797607421876,12.34950065612793,16.954036712646484,0.0961691929713961,2.915112257003784,4
115.86272430419922,-0.0667472556233406,0.5619908571243286,-0.0810470925097055,-6.203619003295898,4
114.73673248291016,2.7613632678985596,2.543900489807129,-0.0698240569640965,-1.7160075902938845,4
77.36790466308594,4.172927379608154,5.452297210693359,-0.0326645143268682,-3.606687068939209,4
95.44084167480467,5.00650691986084,-1.8836952447891235,0.05244240223033,0.9636481404304504,4
126.85974884033205,-2.546201705932617,0.4489814043045044,-0.0119140329797454,1.024538516998291,4
117.88758087158205,-2.681601047515869,-2.1056084632873535,0.0283399691766763,0.5309712886810303,4
89.73168182373047,-8.188627243041992,-1.5962499380111694,0.0357038204422288,-4.239778995513916,4
65.63215637207031,9.593972206115724,7.258953094482422,-0.0315539460550821,0.4228712320327759,4
113.56867218017578,-1.772299885749817,-7.848851203918457,-0.0769010005736892,0.9385958909988404,4
83.14595794677734,-2.9202353954315186,-3.162790298461914,0.0574305726970809,-7.897241115570068,4
110.39344024658205,9.448418617248535,6.570369720458984,0.0087717737869486,0.2654167413711548,4
138.6546630859375,7.607438564300537,0.5265501737594604,-0.0254703539346531,5.860995769500732,4
95.77650451660156,-3.1186001300811768,-1.5929203033447266,0.0140094375729829,4.146083354949951,4
96.38764190673828,-8.026946067810059,-1.643604755401611,0.0537927184501171,-6.24025821685791,4
117.16976928710938,3.820542812347412,0.6133555769920349,-0.0011877311867995,-0.7578609585762024,4
130.71279907226562,-6.497903347015381,-2.2751200199127197,-0.0575383095425129,-4.716590881347656,4
92.96986389160156,-2.334495782852173,5.2972822189331055,0.0349917823939874,-5.906703472137451,4
102.06765747070312,10.766953468322754,4.8874735832214355,0.083578617344541,9.945579528808594,4
102.30841827392578,6.157277584075928,11.45113754272461,-0.1831546998664272,2.4937264919281006,4
121.50894165039062,2.7881898880004883,2.6303164958953857,0.0590160925986185,-2.8759164810180664,4
124.42034149169922,2.985886573791504,-2.3952600955963135,0.1132815399655521,1.7246309518814087,4
115.93822479248048,6.077770233154297,-0.678197979927063,0.109852845625729,2.9256274700164795,4
92.21705627441406,-4.053034782409668,1.381891131401062,-0.1588817019188904,-6.929495811462402,4
115.73323059082033,-3.3484561443328857,-1.092576265335083,-0.1113867252429577,-0.3801985681056976,4
78.90726470947266,-3.8292198181152344,-9.853922843933104,0.0253862480450995,2.3446238040924072,4
80.08837127685547,-1.8159096240997312,0.9761631488800048,-0.0084321405991736,-3.339937448501587,4
77.73316955566406,12.074338912963867,10.045151710510254,-0.042013106948218,12.512215614318848,4
87.4363021850586,5.47685432434082,6.921431541442871,0.067855312012485,-0.7454583048820496,4
124.11104583740234,6.3582539558410645,0.2431153953075409,0.060204915644995,4.076615333557129,4
137.7248992919922,-1.4050668478012085,0.1293899118900299,0.0526264744971291,-1.4458118677139282,4
141.98858642578125,-3.187269687652588,0.0412455350160598,-0.1124136760483902,0.8792833089828491,4
113.75067901611328,1.242118239402771,5.680065631866455,0.0806759203466419,3.097445011138916,4
82.53533172607422,-7.757411479949951,-2.720954656600952,0.1274012007289639,3.0874171257019043,4
107.4354476928711,-4.468060493469238,-6.172513961791992,-0.1010550351522338,-4.028240203857422,4
102.84466552734376,-1.8676457405090332,-3.783428192138672,-0.0629120413374668,7.520479679107666,4
100.13744354248048,9.029651641845703,8.236015319824219,-0.1954632100472879,9.175945281982422,4
75.95341491699219,12.31887149810791,10.892733573913574,-0.0335832330085648,12.76007843017578,4
121.75521850585938,1.2289024591445925,3.8681976795196538,0.0052878853731399,3.877839326858521,4
122.9690399169922,-8.884676933288574,-5.2068891525268555,0.0599493562986015,-2.820197582244873,4
122.37443542480467,2.737736225128174,-9.113761901855469,-0.0136516578143119,-3.082418918609619,4
104.641845703125,3.1859982013702393,-1.083293318748474,-0.1252919135086273,1.278222918510437,4
124.98824310302734,-0.386978805065155,0.4884148836135864,0.0703748373562338,3.5423383712768555,4
115.435302734375,-0.2857785820960998,-0.8958460092544556,-0.0253980410577475,-2.035384178161621,4
107.56578826904295,-1.4752235412597656,-2.149055004119873,-0.132604471745894,-6.254959583282471,4
124.7740249633789,-0.2485176920890808,0.0407312661409378,-0.001482615872545,-5.909135341644287,4
104.31494140625,-5.517746448516846,-4.5238823890686035,0.0149237479683233,1.9334324598312376,4
158.3636932373047,-2.8698577880859375,-4.09832763671875,0.1204278446429937,-0.0866322517395019,4
116.00977325439452,2.001204252243042,0.8519075512886047,0.0493978384737853,1.866766571998596,5
148.18807983398438,0.1796512007713318,3.0798590183258057,-0.1686730658580046,-1.1563451290130615,5
159.34613037109375,-5.304971218109131,-10.58112335205078,-0.0821455831720286,-7.266852855682373,5
125.52845001220705,6.353415012359619,-8.31539535522461,-0.1616738913529889,3.1265623569488525,5
156.86322021484375,0.0395808033645153,-10.681524276733398,-0.0410765417947868,5.61356782913208,5
124.1634521484375,-8.966791152954102,-8.769442558288574,-0.1079130513205827,1.2443348169326782,5
175.9048614501953,-3.5275778770446777,0.8059337139129639,0.2529140570816365,2.3032703399658203,5
174.86724853515625,-2.8951807022094727,-6.2726898193359375,0.1833841167003539,0.054443996399641,5
145.65158081054688,3.365813732147217,-8.389772415161133,0.2772570793672115,3.66725492477417,5
188.4090118408203,-6.39472770690918,-5.332235336303711,0.0409362538763821,-5.721497058868408,5
133.3848876953125,-2.5269718170166016,5.390631198883057,0.0967046433161029,2.3069002628326416,5
135.497802734375,-4.343748569488525,-8.423186302185059,0.171237205164234,-1.5680599212646484,5
108.24666595458984,-6.95298433303833,1.1766382455825806,0.1411593640045537,-7.893367290496826,5
165.4541015625,-9.990617752075195,-5.995293617248535,0.086977141074969,-8.846745491027832,5
131.71023559570312,-5.952117919921875,-6.559589385986328,0.0960438451450305,-2.7713208198547363,5
133.28367614746094,2.345552444458008,-2.855775833129883,0.1407772809058676,1.9025241136550903,5
148.0212860107422,-1.648473620414734,-12.218300819396973,0.0883624160126691,3.021601915359497,5
183.4989776611328,-5.952816009521484,-9.702072143554688,0.4133730651357231,-6.5750203132629395,5
121.2196044921875,6.727869033813477,4.3127031326293945,-0.0737416142349578,8.179150581359863,5
153.43936157226562,0.5189803838729858,-8.140386581420898,0.1754919251891349,-2.1715707778930664,5
133.01014709472656,-8.71384048461914,-8.36320972442627,-0.3003553721382937,0.223857507109642,5
112.1167984008789,-5.900371551513672,-18.304914474487305,0.0762269517546126,-1.150307536125183,5
98.00006103515624,6.511415958404541,-11.975601196289062,-0.0729309610877119,-0.6372241973876953,5
145.1600341796875,-6.777806758880615,-11.43726921081543,0.1249148193833885,-6.852199077606201,5
150.2646026611328,-1.1412092447280884,-6.504977226257324,0.1852869595771448,-6.098519325256348,5
132.60377502441406,1.697832107543945,-10.446640014648438,0.2057830078328452,1.8038619756698608,5
163.04586791992188,-3.6313154697418217,-6.408329963684082,0.2098638444033849,-2.1075708866119385,5
142.68310546875,-8.44987964630127,-10.096678733825684,0.1008327958241599,-3.0321507453918457,5
146.29092407226562,1.736061930656433,-6.804688930511475,0.0923548475477841,8.105648040771484,5
161.5753173828125,-9.718554496765137,-10.151552200317385,0.0603771339696846,-4.612839698791504,5
111.5859832763672,-2.1391713619232178,-5.026303291320801,0.1162867240120665,8.147778511047363,5
152.7769012451172,-1.7722015380859375,-8.468541145324707,0.016618969748871,-11.427343368530272,5
138.38418579101562,-9.934051513671877,-13.682025909423828,0.2983704173372543,0.3574348986148834,5
130.92271423339844,0.5264023542404175,-1.9546321630477903,-0.1566741601733421,1.9348822832107544,5
126.05140686035156,-1.3568896055221558,0.4073680937290191,0.0170579151998541,-1.6340930461883545,5
112.59795379638672,3.8542158603668217,-8.187686920166016,0.0892767614842861,1.4044699668884275,5
123.36746215820312,6.3247971534729,-1.6321402788162231,0.2498807875781083,3.4629759788513184,5
166.49905395507812,-3.63232159614563,-7.992905139923096,0.1175229727573179,-2.2850708961486816,5
132.8792724609375,6.523071765899658,-4.429492473602295,0.2281354522681199,6.843593597412109,5
165.41928100585938,-4.8897528648376465,-2.8793749809265137,0.1667368550269649,-4.9639434814453125,5
120.80650329589844,-8.280797958374023,7.507896900177002,0.0574538006377845,2.573415517807007,5
50.34682083129883,-3.15032696723938,-15.970992088317873,-0.1493513039162911,16.371875762939453,5
95.8245086669922,-14.927064895629885,-8.965943336486816,0.198590279938643,11.160174369812012,5
157.6616668701172,-3.4133710861206055,-7.024949550628662,0.0912677960528568,2.603642225265503,5
134.9200439453125,-1.123727560043335,-10.111932754516602,0.3250535418702707,6.725637435913086,5
105.97481536865234,6.422523021697998,0.8783539533615112,-0.0166436593892617,-3.793332099914551,5
130.1985321044922,3.6183905601501465,-3.0194149017333984,0.1490437583199146,-0.7101051807403564,5
163.5911865234375,-5.30821418762207,-9.88468074798584,0.1508328779341083,-5.198240756988525,5
170.43612670898438,-8.226913452148438,4.0622382164001465,0.2629360925043488,-6.921897888183594,5
135.489013671875,-1.4171559810638428,-7.465896606445312,0.2629452380873336,-1.7200751304626465,5
139.9912567138672,1.4006694555282593,-7.092907905578613,0.1370952021314826,6.79594612121582,5
152.45729064941406,-0.6883571147918701,-5.919007301330566,-0.1258599512664191,-4.938427448272705,5
141.7339324951172,-3.4279980659484863,-4.181675910949707,0.1014334134986865,-1.7825524806976318,5
125.60305786132812,1.4916529655456543,-9.046008110046388,0.2929786426522321,4.949798107147217,5
141.6896514892578,6.28271484375,3.4339864253997803,0.1259054857907627,1.2722994089126587,5
104.18000030517578,-2.3167295455932617,-4.802372455596924,0.1737198576022028,-3.555588960647583,5
132.4308319091797,-1.4744477272033691,-7.357821941375732,0.3318378675346817,8.707000732421875,5
141.3388671875,-1.517199158668518,-11.753251075744627,0.0895262063566785,-3.533221960067749,5
151.7943115234375,-2.6172146797180176,-6.96222448348999,0.1701233231640619,-2.408078193664551,5
157.2481689453125,-10.460076332092283,-9.79448699951172,0.1350063640983513,-8.197114944458008,5
130.84408569335938,-4.411015033721924,-2.1370012760162354,0.195712186552742,0.3048690557479858,5
135.57638549804688,-11.623576164245604,2.108778953552246,0.2239224763358138,-5.09356689453125,5
141.11892700195312,-3.215002059936523,-3.1887831687927246,0.165878130594669,-5.484192848205566,5
112.0891342163086,-2.5190305709838867,-8.704339027404785,-0.0320814910329912,-5.36688756942749,5
85.65007781982422,-3.1274821758270264,-5.609185218811035,-0.2615118922550709,1.8241511583328247,5
157.63967895507812,-4.616269588470459,-6.2625226974487305,-0.128206964646365,-4.7648515701293945,5
167.6250762939453,-7.552360534667969,-8.28023624420166,0.1217797626460174,1.0093417167663574,5
140.07424926757812,3.86014461517334,0.51894211769104,0.1868985549342558,-2.3263514041900635,5
119.64273071289062,-4.3494720458984375,-4.5803985595703125,0.0217131827213133,-4.557493209838867,5
147.47853088378906,7.229185581207275,-3.5053646564483643,-0.0653724673543806,2.8693418502807617,5
119.74720001220705,-5.691967010498047,-11.70037841796875,0.0022669031954713,1.594186544418335,5
157.2257537841797,0.3946283161640167,-7.829020023345947,0.1476227853051469,-0.1383185982704162,5
81.33154296875,8.185036659240723,4.245729923248291,0.1953741826849736,14.420035362243652,5
91.12986755371094,-5.935187339782715,-9.028183937072754,0.0767002583656422,2.516895055770874,5
120.20236206054688,8.690580368041992,-0.3147469162940979,0.1791291924863225,-2.9426584243774414,5
140.20034790039062,-3.3334145545959473,-1.2272405624389648,0.2137064091611074,-1.14209246635437,5
170.38458251953125,-5.895466327667236,-6.323920249938965,0.0214215851197421,-2.6557552814483643,5
157.12489318847656,-2.3866164684295654,-3.694482564926147,0.2115071829958786,-8.130331039428711,5
151.20765686035156,2.7154667377471924,-5.9669270515441895,0.1388411454262995,0.2833560705184936,5
184.65036010742188,-3.113692045211792,-8.69600772857666,0.363583425169556,0.6826392412185669,5
118.1130599975586,-10.638280868530272,-7.039988994598389,-0.0484422494462153,-6.25484561920166,5
132.83566284179688,-2.146522283554077,-3.1359496116638184,0.1329317527916756,-5.21732234954834,5
125.5361328125,5.022366523742676,-6.168776035308838,0.192758960445889,14.893259048461914,5
153.7342987060547,-1.6731343269348145,-0.6763677597045898,0.1734998752382253,-1.5762428045272827,5
137.90591430664062,0.539466381072998,-10.534449577331545,-0.1253581570766397,4.421181678771973,5
141.8195037841797,5.427167892456055,-3.0478737354278564,0.3118559784240542,7.022876262664795,5
170.0526580810547,-8.932782173156738,-13.938536643981934,0.316282835469683,-2.8544504642486572,5
166.3046875,-6.649296760559082,-9.640020370483398,0.3359248999802359,-4.747339725494385,5
147.59075927734375,-8.917004585266113,-4.520554065704346,0.1419973326096512,-8.98254108428955,5
141.79318237304688,1.6202930212020874,-2.902587652206421,0.2206561291361219,-1.2491824626922607,5
128.8577880859375,2.6105566024780273,-8.56092643737793,0.21608292490518,6.764706611633301,5
113.65978240966795,1.1422454118728638,-11.130032539367676,0.2203342220189821,-3.427762031555176,5
169.20361328125,-3.1454038619995117,-9.277503967285156,0.1644377097071773,-5.508659839630127,5
181.8805999755859,-9.89681339263916,-9.406831741333008,-0.338573486167484,-12.96597957611084,5
79.60165405273438,7.7932634353637695,12.589743614196776,-0.1263019730700364,9.840925216674805,5
156.86871337890625,7.054211616516113,1.182721495628357,-0.0666413181378189,5.3730387687683105,5
159.16270446777344,-3.167410135269165,-2.7445921897888184,0.216849835499444,-0.5029393434524536,5
151.7041473388672,9.30998420715332,0.561365008354187,0.3474384243800002,3.3699374198913574,5
159.67715454101562,-6.10727596282959,-4.123929977416992,-0.1727493284374907,-8.63585376739502,5
157.6656036376953,-2.1053664684295654,-8.384296417236328,0.1395906203294699,3.261228561401367,5
87.57889556884766,-5.2595319747924805,-0.6303503513336182,-0.0034205718240469,-1.7857451438903809,6
95.7005844116211,-7.457729339599609,-15.34774398803711,-0.0099247272359896,-11.7085599899292,6
125.6991958618164,-2.6653480529785156,-2.196085214614868,0.1783654985749486,-9.097589492797852,6
99.4678955078125,0.5354334712028503,-3.374255657196045,0.0171440868751728,0.3678106367588043,6
172.98435974121094,-1.3913062810897827,2.10890531539917,0.0562628263419122,-5.518534183502197,6
112.58444213867188,-6.299068927764893,-2.6867151260375977,0.2352983770516586,-3.1284520626068115,6
149.0843505859375,-4.344289302825928,-3.7878148555755615,-0.0825642586127514,-10.075804710388184,6
107.61405181884766,-16.883150100708008,-18.709932327270508,-0.176067750549389,-9.671266555786133,6
140.53016662597656,-1.8269951343536377,-5.120842933654785,0.0125272512197227,-0.489149659872055,6
111.42961883544922,-1.365797996520996,-2.1837847232818604,0.0090619321100646,-6.80513334274292,6
126.396728515625,0.262809544801712,3.446491956710815,-0.3486752780918586,-5.55712366104126,6
113.56397247314452,-8.56391429901123,-8.285477638244629,-0.0178805386082175,-5.300447463989258,6
70.679443359375,-1.1344397068023682,1.2437809705734253,-0.0702523062104423,0.6582370400428772,6
92.999755859375,-1.065759539604187,-10.158610343933104,-0.0482312921159113,-5.125621795654297,6
119.39339447021484,-10.315101623535156,-12.05303955078125,0.0489884748070359,-9.932076454162598,6
115.87893676757812,-5.273644924163818,-10.538785934448242,-0.0080281855168863,-5.116501808166504,6
110.91075897216795,-9.24877643585205,-13.97256851196289,-0.0939346143355349,-13.382804870605469,6
147.6093292236328,-3.4693591594696045,-6.398792266845703,-0.2332614224326291,-2.7302663326263428,6
65.6030044555664,-6.518528938293457,-1.961076498031616,-0.1609599611803187,-6.4920878410339355,6
69.0461654663086,1.3977792263031006,5.216363906860352,-0.1017881038908457,-1.538671374320984,6
161.4948272705078,-6.905590057373047,-6.578338146209717,0.100885078878766,-5.840169429779053,6
110.04264831542967,-12.91977882385254,-12.151534080505373,-0.019564575769288,-7.929047107696533,6
101.08428192138672,-4.047734260559082,3.699776172637939,-0.0043460267393071,-5.202665328979492,6
123.28414916992188,-8.642401695251465,-4.539441108703613,-0.0229129569110302,-2.9601283073425293,6
109.8232879638672,-11.714076042175291,-12.69293212890625,0.1661463731156353,-9.615313529968262,6
96.7822494506836,-7.666343212127685,-14.30584716796875,0.0862871291497037,-7.270198345184326,6
142.2733154296875,1.2536756992340088,1.7672470808029177,0.0449361328000877,2.420937776565552,6
124.44251251220705,-6.354319095611572,-6.114478588104248,-0.0589424547552964,-0.7401695847511292,6
118.71208953857422,-10.867305755615234,-9.22006893157959,0.1071812892832033,-8.829224586486816,6
102.46959686279295,-13.15494155883789,-8.420086860656738,0.0850099005227379,-7.723827838897705,6
86.4825210571289,-2.1863837242126465,0.940345823764801,0.1300426219939663,-4.191435813903809,6
84.73084259033203,2.480067491531372,1.310432195663452,-0.0279764718927658,-1.1126912832260132,6
137.53550720214844,-5.569531440734863,-2.6059393882751465,-0.1349464586211544,-1.6480491161346436,6
105.34429168701172,-10.562520027160645,-14.012741088867188,0.2883137791319436,-3.654522657394409,6
86.45629119873047,-1.3506438732147217,-2.2288615703582764,-0.0088398535298022,-1.5092777013778689,6
103.68170928955078,-9.157794952392578,-11.196478843688965,0.1568212321119602,-8.136916160583496,6
131.52853393554688,1.9275580644607544,-1.95462965965271,0.0067529554749892,0.0375094301998615,6
58.274898529052734,1.3351686000823977,4.087235927581787,0.1653477984623043,0.8965385556221008,6
86.8580093383789,-19.60345458984375,-15.04214096069336,-0.2686007432098025,-13.815873146057127,6
100.01203155517578,-11.01667594909668,-11.49876308441162,-0.0989839640619661,-5.000542163848877,6
81.26817321777344,-4.158809185028076,1.4752366542816162,0.1584876440371898,-0.7175357341766357,6
113.85796356201172,-9.751230239868164,-12.10849380493164,0.2198783868864148,-8.409921646118164,6
106.02806091308594,-11.883360862731934,-8.382527351379395,-0.1408536072794922,-4.006839275360107,6
99.81570434570312,-13.044052124023438,-15.590296745300291,0.0397953151488228,-10.470077514648438,6
82.82012176513672,-1.318691372871399,1.280040979385376,0.0427722625279556,3.1422903537750244,6
120.7693099975586,-6.803374290466309,-9.628290176391602,-0.0981195481467673,-9.096153259277344,6
87.96660614013672,-11.32167625427246,-11.42257022857666,0.0694147645962928,-5.571535587310791,6
90.75912475585938,-0.9797480702400208,1.4732142686843872,0.0732538371030252,-1.606181263923645,6
136.0579376220703,1.6951045989990234,1.4647831916809082,0.1716889375604027,-1.6240721940994265,6
77.0689697265625,0.6233997941017151,2.8321175575256348,0.0434504642822686,5.5506672859191895,6
145.25497436523438,-10.466060638427734,-10.60664176940918,-0.0590927862654442,1.3172216415405271,6
102.3849105834961,-14.593985557556152,-11.10004711151123,0.0103952666777855,-6.342041492462158,6
64.50006103515625,2.158595561981201,-0.1994252204895019,0.0669333663668796,0.9440272450447084,6
110.88311767578124,-6.733238220214844,-8.593679428100586,0.1346216386721471,-7.205392360687256,6
111.19071197509766,-14.05756664276123,-17.44216537475586,0.0291728798394047,-10.262588500976562,6
101.38896942138672,-9.76944637298584,-18.902055740356445,0.1433798068258897,-5.106446266174316,6
141.6661376953125,6.4334397315979,2.956324338912964,-0.1014298616365454,2.908644914627075,6
138.9348907470703,-0.0896587595343589,0.8782619833946228,-0.0214012333880456,-3.1089298725128174,6
126.83751678466795,5.011610984802246,12.631573677062988,-0.1359521181983983,2.420698642730713,6
105.68875885009766,-12.44175624847412,-14.730509757995604,0.1401417906231244,-11.794480323791504,6
119.69171905517578,-16.93704605102539,-14.254638671875,-0.0150632326204437,-11.60123062133789,6
105.72684478759766,-10.47624969482422,-13.071422576904297,0.038574377336418,-12.722488403320312,6
111.60494995117188,-6.754713535308838,-9.732940673828123,0.0828694265892492,-0.6592444777488708,6
94.98462677001952,-11.804439544677734,-16.76288414001465,0.0251271727590148,-7.168947696685791,6
127.3357162475586,-12.05454444885254,-11.102519035339355,0.0637095381969535,-9.64957332611084,6
64.30879974365234,-7.224425315856934,3.580669403076172,0.0590643799754806,-4.5295562744140625,6
93.7634048461914,-1.3408756256103516,-0.8736876249313354,0.0512029887724287,2.9568684101104736,6
93.19635772705078,-6.819378852844238,-6.239211082458496,0.0784597166793616,-4.377640724182129,6
126.18106079101562,-14.316309928894045,-9.364181518554688,-0.2888913791766357,-5.241997718811035,6
158.447509765625,0.5734971165657043,-3.777143716812134,0.098532269204184,-5.040643692016602,6
81.13147735595703,-2.9354074001312256,-5.061722755432129,0.2129325898885131,-6.969609260559082,6
147.1724395751953,-1.5298235416412354,-2.408808469772339,0.3748125282622712,0.3315264582633972,6
100.56233978271484,-9.542028427124023,-10.11526870727539,0.0249798069048596,-4.719722270965576,6
118.05836486816406,-9.93708610534668,-15.265008926391602,-0.0927321162508456,-4.229217052459717,6
120.8192901611328,-7.393795490264893,-12.655673027038574,-0.0904465120141512,-12.51203727722168,6
79.99491119384766,-3.207124948501587,-22.29694366455078,-0.0693474441179847,-9.436285972595217,6
107.02832794189452,-2.498905658721924,-6.641286849975586,-0.0101611177724764,4.463532447814941,6
82.11751556396484,-6.344108581542969,-4.302756309509277,-0.056304021635162,-1.5124517679214478,6
96.98648071289062,-13.030696868896484,-19.943452835083008,0.0671547639223356,-13.29038143157959,6
145.12413024902344,-4.046552658081055,-2.1790735721588135,0.1090819985780162,-4.4024200439453125,6
143.6321563720703,2.5957581996917725,-1.474626064300537,0.0831537296819895,-4.050350189208984,6
151.02511596679688,-6.855186462402344,-9.336071014404297,-0.0807355315719194,-8.640953063964844,6
107.0626220703125,-5.060551643371582,-8.97387981414795,-0.0798921367574433,-2.571739435195923,6
83.72803497314453,-9.595623016357422,-16.231903076171875,0.1748635899985859,-4.776933670043945,6
124.84367370605467,-9.900925636291504,-15.986845970153809,0.0525401857116482,-9.6964111328125,6
115.61692810058594,-8.993560791015625,-2.9098541736602783,0.0932561138100899,-3.8631880283355713,6
79.59642028808594,-0.8027153015136719,4.990266799926758,-0.0873954377820353,0.9775732159614564,6
110.84452056884766,-11.271568298339844,-9.053210258483888,0.0513519331331915,-6.620132923126221,6
72.69249725341797,-1.4813239574432373,-3.0955755710601807,0.0689439475564337,-1.8604841232299805,6
108.028564453125,-8.088037490844727,-6.88610315322876,0.0193943164583527,-3.1449055671691895,6
122.03483581542967,-15.721837997436523,-10.79306983947754,-0.1507398921643165,-1.629927158355713,6
96.65129852294922,-6.328076362609863,-7.695252895355225,-0.046707221560174,-8.437487602233887,6
99.90188598632812,-12.796820640563965,-7.013119220733643,-0.0252704666012569,-5.954172611236572,6
100.9030303955078,-12.078286170959473,-17.3536376953125,-0.0159355874806932,-13.583759307861328,6
123.24014282226562,-10.707388877868652,-18.525312423706055,-0.034710299255777,-11.14686679840088,6
76.0106430053711,-0.7711588740348816,0.765328586101532,0.0754770450067194,5.7646379470825195,6
129.38287353515625,-14.013165473937988,0.955684781074524,-0.271687245993946,-6.421418190002441,6
142.52053833007812,-4.388312339782715,-5.233442783355713,0.0473548237225244,-5.6548662185668945,6
127.6146469116211,-8.873290061950684,-5.815432548522949,0.1972937806815582,-4.520081996917725,6
88.06936645507812,-10.02767276763916,-9.532276153564451,0.0888360683288974,-11.499235153198242,6
99.40154266357422,-10.179697036743164,-10.14779567718506,0.0300366044187395,-7.205917835235596,7
100.67188262939452,2.980158805847168,3.2352778911590576,-0.0011826394538995,0.6401174664497375,7
115.72742462158205,-4.903367042541504,11.661192893981934,-0.0149714274626252,2.771615505218506,7
108.43914031982422,-16.466928482055664,-9.468365669250488,0.0864499160007288,-9.82168674468994,7
129.46633911132812,-4.281505107879639,-1.7604660987854004,-0.0142511024550651,1.8106868267059328,7
76.43885040283203,-2.4158146381378174,-3.711567878723145,-0.0037371917914651,-1.391089916229248,7
58.91294479370117,2.659172534942627,2.855332136154175,-0.0444539865343967,-0.814314067363739,7
82.68553924560547,-0.5104743838310242,2.210822582244873,-0.0369813966618975,-5.6467509269714355,7
78.41690826416016,3.5221853256225586,7.737438201904297,0.0092899352059047,-1.3051934242248535,7
111.04224395751952,3.83365249633789,-0.0895274728536605,-0.0344853916674104,-4.829120635986328,7
82.10650634765625,5.766558647155762,0.9630143046379088,-0.0469617724365794,-3.510728597640991,7
104.2259521484375,4.041326999664307,-1.01332426071167,-0.0680946348905931,0.5992904901504517,7
76.65637969970703,0.9469113349914552,-8.950799942016602,0.054074281551937,0.0144085921347141,7
57.01033401489258,6.486671447753906,12.842548370361328,0.1170962103326378,4.237399578094482,7
134.86427307128906,-4.824136257171631,-6.504203796386719,-0.0109036778773536,-2.4065804481506348,7
86.32295227050781,-4.704370975494385,-2.22176194190979,-0.0255335352003826,2.3374669551849365,7
86.02806091308594,7.187401294708252,4.242190361022949,0.0571608943141555,2.7908875942230225,7
81.98117065429688,-5.357045650482178,-4.248517990112305,0.000793766411226,-3.4822163581848145,7
107.48119354248048,-1.794214129447937,1.4722779989242554,-0.0657576962226272,-0.1979046761989593,7
28.585094451904297,-8.052481651306152,-7.038834095001221,0.0591807138789439,-6.97952127456665,7
28.583518981933594,0.1115880385041236,-1.7272534370422363,0.0199437852089427,2.575273036956787,7
77.63404083251953,-2.8816230297088623,-2.632964849472046,0.0548504150356103,-2.39737606048584,7
94.70550537109376,1.9692848920822144,-8.267923355102539,0.0031629755563775,3.1649844646453857,7
130.9424591064453,12.24468994140625,9.866891860961914,-0.0546088876355276,4.7777934074401855,7
112.5323257446289,-4.584580898284912,-2.0690693855285645,0.0107588660756583,-5.438433647155762,7
140.04647827148438,-0.1235258132219314,-6.942002773284912,0.0838406714930512,-2.8536829948425293,7
69.90007781982422,6.753051280975342,5.548010349273682,-0.0020193630569379,10.194774627685549,7
97.46807098388672,14.068964004516602,3.3630738258361816,-0.0354048981215747,6.0677490234375,7
64.35384368896484,6.144221782684326,5.37182092666626,0.0320656299148462,4.828065872192383,7
41.20108795166016,10.017355918884276,9.131999015808104,-0.0271171840286742,4.96132230758667,7
80.7862548828125,-9.796399116516112,1.6185246706008911,0.0982170105220277,-13.584436416625977,7
57.84036636352539,3.066956043243408,6.216152667999268,0.0214704147217309,7.2739176750183105,7
80.36548614501953,-0.350886732339859,2.358048677444458,-0.0687429102334829,-5.688921928405762,7
119.75200653076172,-7.763436317443848,-6.621291637420654,0.0429033807400172,-5.976399898529053,7
52.94930648803711,3.1306025981903076,1.0431946516036987,-0.0043018492535085,5.711887836456299,7
95.72943878173828,0.3741698265075683,-7.164186954498291,0.0193772089427045,-6.428445816040039,7
97.61514282226562,2.82472562789917,14.443771362304688,-0.0017608643543422,-3.68967080116272,7
84.17979431152344,-1.69051992893219,-3.90131950378418,-0.0077703184900162,-3.446579933166504,7
93.1443099975586,1.13017475605011,11.486927032470703,0.0139593441619724,0.1319853961467743,7
66.33836364746094,-3.0945072174072266,-4.622339725494385,-0.023684563825054,-5.927377700805664,7
104.2259521484375,4.041326999664307,-1.01332426071167,-0.0680946348905931,0.5992904901504517,7
69.7649917602539,0.5535316467285156,-0.1175209507346153,-0.0674224257727071,-0.0450066626071929,7
84.5877456665039,-0.1249105855822563,4.8222174644470215,0.0615270171873058,1.008898138999939,7
82.09571075439453,-2.5324602127075195,-1.1041011810302734,0.0137228011112867,-5.6757330894470215,7
84.29037475585938,-2.854702949523926,-1.698305606842041,0.0214605135175238,-6.1794328689575195,7
97.15262603759766,-10.554755210876465,-5.937981605529785,-0.0219075092526068,-6.356223106384277,7
97.71717834472656,-0.3531356751918793,-2.22794246673584,-0.0235256080886139,-1.472112059593201,7
70.22856140136719,-1.1255923509597778,0.5434455275535583,0.00363838748065,-6.237900733947754,7
40.3177375793457,8.24813461303711,3.61102032661438,0.0051316391115149,4.483481407165527,7
63.5144157409668,-9.386899948120115,-6.7283244132995605,0.0063081973030904,-12.462533950805664,7
56.210018157958984,-8.856120109558105,-7.833064556121826,0.0291890765926865,2.1978116035461426,7
103.26808166503906,2.437424898147583,3.5157175064086914,0.0034861316626747,-1.0142407417297363,7
70.99249267578125,4.261048793792725,-4.738417625427246,-0.00961413981761,2.862516164779663,7
72.64322662353516,3.2998104095458984,0.0140658421441912,0.0671978315467994,4.199982166290283,7
75.25504302978516,-1.8685325384140017,2.132448196411133,0.1127043303660817,0.2200378477573394,7
36.018699645996094,6.346052646636963,4.523475646972656,0.0084398139896899,6.287204742431641,7
75.3103256225586,6.670596122741699,-2.100661039352417,0.0010861492092189,0.4771949052810669,7
103.79857635498048,-3.8230631351470943,0.0301359314471483,0.0393048964662951,0.9628946185112,7
81.32938385009766,-8.719819068908691,-13.81637477874756,-0.0047432969922723,-7.756582260131836,7
73.66831970214844,3.1728365421295166,-0.5133048892021179,-0.0228616563344487,-1.1918423175811768,7
73.48503112792969,1.4653973579406738,-0.0989513248205185,-0.0083030331101355,0.7613505721092224,7
68.10246276855469,3.2755627632141113,1.2984988689422607,0.0324048735262991,-2.4958767890930176,7
99.05650329589844,-8.19092845916748,-0.5211349725723267,0.0662773015320351,0.2305685430765152,7
104.32454681396484,-14.936348915100098,-12.0957670211792,0.062147841015738,-9.404956817626951,7
109.43346405029295,8.452402114868164,0.2528727352619171,-0.1009315615482489,1.7678776979446411,7
123.89720916748048,2.437579393386841,9.487908363342283,-0.0212455413386868,-1.7502949237823486,7
58.81529235839844,9.623854637145996,3.251105785369873,0.0789954449753104,1.3259319067001345,7
68.97418212890625,6.635130882263184,-0.4563687145709991,0.0053065976763475,3.326538562774658,7
76.88123321533203,-3.414540529251098,-4.590943336486816,0.0064609842579884,-2.8284740447998047,7
79.10688018798828,-7.166879653930664,-7.872063636779785,0.0436900822292366,-8.304661750793457,7
89.68338775634766,2.178283452987671,-2.403627634048462,0.0714082351325909,0.1642422825098037,7
95.5737533569336,-5.233670711517334,-3.468092918395996,0.0359274753668976,-2.5062336921691895,7
91.40576171875,-3.913356304168701,-3.193347215652466,0.0229611018505782,-0.6002416014671326,7
96.8481216430664,-7.333858966827393,-6.984090805053711,0.0179441613519452,-9.004591941833496,7
92.6855697631836,0.1610868424177169,2.248243570327759,0.0476197924459517,1.4344110488891602,7
98.36119842529295,4.36458158493042,8.518012046813965,-0.125677084091625,1.2850544452667236,7
65.59136199951172,2.0711798667907715,2.034717559814453,0.0150779781739641,1.3041549921035769,7
42.530155181884766,-7.544595718383789,-1.6533708572387695,-0.0273490513360775,-1.8174290657043457,7
82.42097473144531,-6.0173821449279785,-5.874570369720459,-0.0214936987042431,-1.9325075149536133,7
62.934574127197266,6.285885334014893,7.781792163848877,0.0133378763467942,1.6067136526107788,7
84.5877456665039,-0.1249105855822563,4.8222174644470215,0.0615270171873058,1.008898138999939,7
98.46563720703124,-15.603753089904783,-12.830872535705566,-0.0109894664836848,-6.3211259841918945,7
97.34440612792967,-3.418276071548462,-1.2512422800064087,-0.0353926376041697,4.41694974899292,7
46.83335494995117,2.5811402797698975,0.4872850477695465,-0.0195751790162442,0.8770829439163208,7
48.71672439575195,7.4277496337890625,6.422337055206299,0.0245394146699732,-13.96372890472412,7
97.98778533935548,4.6722731590271,10.797401428222656,-0.0065354136554145,1.8372684717178345,7
41.68002700805664,-4.348116397857666,1.5370138883590698,0.0057361586029722,-4.032140254974365,7
83.92440032958984,0.7360104322433472,-3.3876311779022217,-0.0303885114994759,-5.076447010040283,7
79.27571868896484,3.87831711769104,1.7642409801483154,0.0120199814102467,8.030421257019043,7
114.0986099243164,-3.594656229019165,2.77135968208313,-0.0344102033429067,-0.1087708324193954,7
95.94608306884766,2.963843822479248,2.970954418182373,-0.0213721172060708,6.236431121826172,7
55.94354248046875,6.076385021209717,-0.3585096597671509,0.0220360777454565,0.9994231462478638,7
91.24076080322266,-6.087418556213379,-2.0256106853485107,0.0026794174384723,-6.651778697967529,7
89.27043914794922,-7.225458145141602,-4.114077091217041,-0.0001474730943614,-6.8230509757995605,7
71.76240539550781,4.956015586853027,6.437580108642578,-0.0532562627605459,-2.946619033813477,7
87.22498321533203,-2.6193041801452637,-0.5520829558372498,-0.0263374125385713,-1.7900433540344238,7
86.24029541015625,-8.50524616241455,-10.850507736206056,-0.0102159268717444,-5.728538513183594,7
52.98271179199219,3.1055026054382324,6.59098482131958,-0.0334213356702932,3.012528896331787,7
88.2310791015625,-1.4059139490127563,5.70297908782959,0.0008445284406941,-2.412711381912231,7
128.70115661621094,-2.887465715408325,-3.2890102863311768,-0.0516163784497054,-1.1011296510696411,7
132.81980895996094,-6.369884014129639,-1.210017204284668,0.1355922936095377,-5.69366455078125,8
63.38703155517578,1.492674708366394,-1.4179280996322632,0.0955799252442093,1.1874237060546875,8
167.45562744140625,-4.667788982391357,-3.210158109664917,0.0874884853836673,-4.012027740478516,8
115.28443145751952,-1.0951591730117798,-8.497542381286621,0.0865615963290449,-7.933669090270996,8
164.35000610351562,-3.7084572315216064,-0.621764063835144,-0.0691512897210293,-5.213134765625,8
44.130340576171875,-4.7366862297058105,1.4012646675109863,-0.0979316018082803,2.5471904277801514,8
169.91355895996094,-7.157404899597168,-0.5380844473838806,-0.0343803234461455,-5.956627368927002,8
163.22848510742188,2.4950437545776367,1.1281864643096924,-0.212172762342432,0.2130208164453506,8
134.97215270996094,-2.015766143798828,-2.2143449783325195,0.0709270269207924,1.5455375909805298,8
85.86012268066406,1.6099202632904053,6.027985095977783,0.0360989044779605,-6.613580226898193,8
141.7065887451172,-3.3251357078552246,-7.934474468231201,-0.0235490003511583,-7.213801383972168,8
188.5084686279297,-13.497116088867188,-11.865873336791992,0.2077497729242886,-8.945972442626953,8
134.17422485351562,-5.341135501861572,-2.315852165222168,0.2203740863414413,-7.358310699462891,8
83.74302673339844,1.7998878955841064,-2.011026382446289,-0.1525860068937528,3.6462416648864746,8
110.6853256225586,-10.098997116088867,-8.711934089660645,0.2735819857053756,-6.819063186645508,8
151.4508819580078,0.3923721611499786,2.858149290084839,0.0363894704955182,-3.3785300254821777,8
137.0337371826172,0.1168337017297744,-6.324363708496094,0.2447493539936807,-1.9124401807785032,8
118.5214385986328,-2.274374008178711,-5.397330284118652,-0.0292943229943765,-6.013617992401123,8
143.7723388671875,-6.223525047302246,-3.225773334503174,-0.0433755935539183,-0.8086791038513184,8
144.76730346679688,2.9160733222961426,1.8877547979354856,0.3899113043674197,-2.3999130725860596,8
108.48110961914062,2.9584155082702637,-2.4675495624542236,0.1577735431360966,1.5572471618652344,8
85.06582641601562,-7.333858013153076,-3.793516397476196,-0.1050911379025911,-1.630707025527954,8
91.87689971923828,-0.2247024327516555,-10.117450714111328,-0.0344714567771645,-7.777165412902832,8
177.95132446289062,-4.535818099975586,-12.239439010620115,-0.0479314854518486,-1.4910328388214111,8
115.4518585205078,-9.77158546447754,-6.426477432250977,-0.1110415831867063,-7.831946849822998,8
135.18923950195312,0.0518493428826332,-3.2099668979644775,-0.1766061077226585,-2.257344961166382,8
71.65337371826172,4.716230392456055,1.011910915374756,-0.0686339991673127,1.491958498954773,8
127.87345123291016,-3.6888017654418945,-6.56533670425415,0.4147419879933534,-8.089224815368652,8
135.22366333007812,-1.7043194770812988,-7.709673881530762,0.1511676296001168,-8.26593017578125,8
117.84559631347656,-5.645425319671631,-5.487974643707275,0.0605139667778601,-14.239575386047363,8
90.56903839111328,-5.592193603515625,-7.120823383331299,-0.2542246539976194,-5.5541534423828125,8
125.26839447021484,-7.053011417388916,-3.864310979843139,0.3483729168527368,-5.358949661254883,8
141.13153076171875,-12.597525596618652,-10.259188652038574,-0.1622447109860081,-3.671020030975342,8
115.16140747070312,-7.7082319259643555,-10.94130039215088,-0.0952574002815824,-6.620879173278809,8
116.9856948852539,2.358209133148194,6.4504828453063965,0.0199264942624334,-12.401737213134766,8
146.75363159179688,-6.385909080505371,-7.315403461456299,-0.016929089026591,-1.2892707586288452,8
77.73548889160156,-1.5814253091812134,3.51183557510376,0.0994480940044133,-4.778890609741211,8
130.16017150878906,-11.525545120239258,-18.132051467895508,-0.0540107895693209,-8.560827255249023,8
128.2353057861328,-9.839469909667969,-11.267205238342283,-0.2150513862669615,-6.355278491973877,8
134.76589965820312,0.1916267424821853,-2.8232171535491943,-0.0721515189299285,-4.56757926940918,8
106.90047454833984,-0.744560182094574,-0.2487846761941909,-0.3238550692641146,-3.5837888717651367,8
124.35006713867188,-1.0049904584884644,-7.019305229187012,-0.0792597804915877,-11.63938331604004,8
141.07901000976562,-10.001221656799316,-15.487078666687012,-0.3307908274871475,-4.790131092071533,8
126.26144409179688,-11.357220649719238,-16.902645111083984,0.0786317436922879,-8.330188751220703,8
127.33582305908205,-13.312665939331056,-12.305567741394045,0.0513600806526646,-8.832265853881836,8
159.3645782470703,-7.875700950622559,1.751737117767334,0.1937991042014906,-12.92257022857666,8
147.95750427246094,-3.917217969894409,-9.082117080688477,0.1971154822858739,1.027338981628418,8
107.5812530517578,-6.5326714515686035,-5.2387471199035645,-0.2067109864498464,-6.225954055786133,8
169.79922485351562,-6.338005542755127,-6.3184638023376465,0.0194160580434097,-8.973630905151367,8
108.00747680664062,-14.28615951538086,-16.479833602905273,-0.0424192198502329,-9.29445457458496,8
85.5751724243164,-7.675728797912598,-6.620038032531738,-0.0979720614487307,-0.770759642124176,8
138.35069274902344,-5.526396751403809,-5.808432579040527,0.1814856723914983,-0.7892672419548035,8
99.87397003173828,2.4797346591949463,-1.1120012998580933,0.0211668992645461,-0.4372714459896087,8
159.64266967773438,-10.100652694702148,-10.791252136230469,0.2828189658209903,-6.129249572753906,8
175.3033905029297,0.7744433283805847,-2.95186710357666,0.0624532211436331,4.870021820068359,8
117.0031280517578,-8.831985473632812,-13.340837478637695,0.1202686320792106,-1.952510952949524,8
125.7346649169922,-5.032205104827881,-4.754443645477295,0.2123416342803346,-10.705373764038086,8
71.34754180908203,-0.6115986108779907,2.1487765312194824,-0.0219831358080801,2.061178684234619,8
117.72167205810548,3.249868869781494,-3.900960922241211,0.3263547214122468,1.4809306859970093,8
139.45994567871094,-3.5010695457458496,-2.0907912254333496,0.492666089843858,-1.9026700258255005,8
119.66349029541016,-9.440549850463867,-11.91455364227295,0.0112398529324647,-6.938043594360352,8
151.25526428222656,-1.8272086381912231,-6.252204418182373,-0.329351046608218,2.5706112384796143,8
127.7283706665039,-4.080165863037109,-4.943245887756348,-0.1340550651156732,-3.268540382385254,8
176.2852783203125,-7.60085391998291,-5.879096508026123,0.0910163693965371,-5.146095275878906,8
119.4675750732422,-1.6802271604537964,-14.041616439819336,0.0046159463841539,-9.525052070617676,8
132.85568237304688,2.250488758087158,4.630374431610107,-0.3075752331599403,-2.093677043914795,8
136.20315551757812,-9.86252212524414,-3.699035882949829,0.3031727928473245,-10.849161148071287,8
106.00922393798828,-0.9465184807777404,-5.304196357727051,0.1934158371395913,-9.102587699890137,8
137.3802490234375,0.8761400580406189,-7.479393482208252,0.4111831035358713,0.266443520784378,8
67.65841674804688,0.8993109464645386,1.3108891248703003,-0.1094226559541596,1.2326552867889404,8
133.47386169433594,-2.8963847160339355,-8.19805908203125,0.1531601033625034,-6.488081932067871,8
96.05432891845705,-5.534411430358887,-5.703856468200684,0.0103777849216381,-4.637955665588379,8
73.0926513671875,2.6666576862335205,-6.148735523223877,0.0985512551833329,5.126422882080078,8
132.00706481933594,-8.890992164611816,-12.777692794799805,0.1511585121405171,-4.534140586853027,8
132.60203552246094,-6.875848770141602,-6.2127156257629395,0.0404326071975889,-7.214537143707275,8
135.85731506347656,-11.01435089111328,-5.2170491218566895,0.2565384209890691,-4.269347190856934,8
165.06805419921875,-7.064844131469727,-6.58934211730957,-0.2795841752671209,-5.079115867614746,8
100.52389526367188,-4.609851837158203,2.926424264907837,-0.0110908693901697,-6.952272891998291,8
133.30162048339844,-7.869019985198975,-9.776058197021484,0.1881044547585683,0.008411050774157,8
81.23318481445312,-3.438783645629883,-1.2910950183868408,-0.1449902358905563,0.0045465538278222,8
126.75640106201172,-5.735817909240723,-12.665596961975098,-0.2841713990307141,-9.29802703857422,8
98.77188110351562,1.474511981010437,1.8332659006118777,0.0040928925359917,-1.285356879234314,8
122.27396392822266,-0.7595851421356201,-4.817432880401611,0.1469722489096449,-2.415163516998291,8
121.39031219482422,-10.13774585723877,-12.638985633850098,0.1252329507691593,-8.431853294372559,8
119.06004333496094,-4.212499618530273,-12.880352973937988,0.190153683578263,-1.9817700386047363,8
111.05144500732422,-10.628856658935549,-6.964902877807617,-0.0395326231216014,-11.048009872436523,8
131.2343292236328,-6.1920366287231445,-14.737686157226562,-0.2049051350803499,-2.2604286670684814,8
70.84528350830078,-1.0595513582229614,0.7363791465759277,-0.0937153762964578,-0.6971313953399658,8
130.5070343017578,-8.805259704589844,-7.572406768798828,0.0342591785495487,-2.7519094944000244,8
146.3026123046875,-6.330002784729004,-3.8788092136383057,0.0770629033645911,-4.259675979614258,8
103.38737487792967,-12.005975723266602,-12.880248069763184,0.0141944559936215,-8.275113105773926,8
106.0504379272461,-11.526116371154783,-15.777437210083008,0.1164577758312855,-7.2896623611450195,8
155.72645568847656,-17.793546676635742,-15.95847511291504,-0.0866099018998122,-9.64936637878418,8
93.03555297851562,-6.4338507652282715,-0.5977007746696472,0.2105537588298273,-5.09437894821167,8
83.1065444946289,-5.740318775177002,-6.16859245300293,-0.0887065279217347,-4.523148059844971,8
82.03907775878906,1.14375901222229,-0.6224908828735352,-0.0303229411932644,-0.6908282041549683,8
111.41219329833984,-8.389037132263184,-13.400392532348633,-0.1573304778346692,-6.9813079833984375,8
148.8272247314453,1.6596585512161257,-3.3697237968444824,-0.165844622970412,-3.2884421348571777,8
134.0076141357422,-5.908066749572754,-10.30323314666748,0.2495133171732446,-2.5685720443725586,8
130.7498779296875,-5.539425849914551,-2.411731481552124,-0.2707417099021717,-3.5149271488189697,8
87.81472778320312,0.701621413230896,0.3389535844326019,0.0411433761214845,-1.9047439098358152,9
113.43614959716795,-2.228071451187134,-7.473482608795166,0.0343552056240708,-3.1433658599853516,9
93.37396240234376,4.531620025634766,2.477024793624878,0.2172672089214364,0.078997902572155,9
140.0237579345703,-5.341888904571533,-2.486518144607544,-0.1256090629321348,-0.4008163213729858,9
182.5706024169922,-4.96843147277832,-6.60897159576416,0.0812842690381236,-1.2065095901489258,9
175.56300354003906,-2.6933693885803223,-5.504548072814941,0.1357171335591435,-3.1409504413604736,9
133.59327697753906,-6.2813897132873535,-7.365365028381348,0.1306381502542981,-2.0801546573638916,9
51.63784408569336,-2.669816493988037,2.1703295707702637,0.0530304053363933,-2.550924062728882,9
118.88884735107422,1.617567539215088,0.7503997087478638,0.0404870428869785,0.2311428338289261,9
174.8658905029297,-2.9827656745910645,-5.658877849578857,0.1357274544768917,-3.4384565353393555,9
139.5631103515625,5.67555046081543,-0.1230561286211013,0.0095679477335765,-0.1328035295009613,9
139.50894165039062,-2.5933640003204346,-4.222870349884033,0.0903799458895057,-3.4772000312805176,9
119.4006805419922,-2.9486262798309326,-8.112300872802734,0.0761476257355985,-0.7201951146125793,9
144.5479736328125,5.698904037475586,11.640451431274414,-0.0371844107078821,-0.31380096077919,9
95.47077941894533,-1.2315174341201782,-3.274721384048462,0.114433574773843,6.834714889526367,9
20.78952407836914,1.4861953258514404,3.174689769744873,0.1256646170067642,3.7858710289001465,9
62.10079574584961,1.9437651634216309,3.669246673583984,0.1680590918002573,-9.332928657531738,9
100.79399871826172,1.784987211227417,-5.350660800933838,0.0118139828263486,4.329163551330566,9
157.51800537109375,-2.8306031227111816,2.0176920890808105,0.1844501620276343,-1.9673393964767456,9
136.26300048828125,-1.9291599988937376,3.326683521270752,0.1433171264521849,-5.298146724700928,9
76.38492584228516,-0.5902242660522461,3.484649658203125,0.1034358956109847,-8.16511344909668,9
150.50149536132812,-1.7919210195541382,2.267796039581299,0.0595649582716285,-5.663522720336914,9
182.85243225097656,-4.883171081542969,-6.545547008514404,0.0812917378828661,-1.1110174655914309,9
128.18544006347656,-5.340997219085693,-8.908241271972656,0.0896775859873831,-5.938758850097656,9
121.35256958007812,-4.866179943084717,-4.707024574279785,0.0351300703730438,3.6087138652801514,9
97.13323211669922,12.116044998168944,5.112916469573975,0.0661577799335843,5.526809215545654,9
83.13882446289062,2.314018726348877,2.376566171646118,0.0874589216480379,-6.172582149505615,9
100.73912811279295,-5.976102352142334,-3.1206791400909424,-0.0105433575845504,-8.128632545471191,9
110.78750610351562,-4.2228593826293945,-8.740632057189941,0.152511821534488,-2.1240854263305664,9
150.17263793945312,-6.688891410827637,-6.064777374267578,0.0335838595928722,-1.4644936323165894,9
144.85638427734375,0.3094953000545501,-1.9597623348236084,0.1027330639976532,0.995501697063446,9
113.39114379882812,-4.625064373016357,-3.4552979469299316,0.0165617856625,-2.1600358486175537,9
106.35103607177734,-2.1025350093841553,-5.668694496154785,0.1404399003345361,-0.3117577731609344,9
116.61290740966795,2.182114601135254,-2.3647899627685547,0.0366908005041833,2.991516351699829,9
128.50485229492188,-5.449947834014893,-3.7291197776794434,-0.039082024255396,0.6642873883247375,9
174.43096923828125,2.347102403640747,1.2827141284942627,0.1602431000963767,5.440274238586426,9
115.21292877197266,-4.20132303237915,-7.373988628387451,0.0487249174557048,-8.184407234191895,9
57.0914192199707,1.3865612745285034,2.9176297187805176,-0.0463491967612481,4.383294105529785,9
66.77600860595703,-5.117493629455566,-11.369980812072754,0.0090764847978862,-3.2185778617858887,9
169.18600463867188,2.6835968494415283,1.8406437635421753,0.1602403268619021,5.315739631652832,9
102.49468231201172,-3.618468761444092,-5.126445770263672,0.0140955070858657,-0.1857777088880539,9
87.74369812011719,10.12939453125,3.699488401412964,0.0613482632213749,-0.7551823854446411,9
110.42133331298828,0.6449388265609741,-0.2319584190845489,0.1487018943966965,4.0827717781066895,9
97.2454071044922,15.135787963867188,0.8465579748153687,0.0684659935305418,-1.1584891080856323,9
136.23712158203125,-2.449525833129883,-4.6717529296875,0.099109600127848,-3.410447120666504,9
128.51954650878906,-4.206942081451416,1.830516576766968,0.1615596028590732,-0.9263233542442322,9
99.2303237915039,-9.481033325195312,-13.880924224853516,0.0769144647120969,-7.8189377784729,9
101.50550842285156,-3.610651016235352,-11.497353553771973,0.0835478159285485,-1.1791876554489136,9
126.6826629638672,-10.357687950134276,-10.725594520568848,0.1174007609148355,-9.793025970458984,9
98.26678466796876,-5.779507160186768,-0.979548454284668,0.0685013965136027,-4.394665718078613,9
68.20217895507812,6.151861667633057,11.285659790039062,-0.1562027695359148,8.374359130859375,9
103.85935974121094,-10.983335494995115,-9.145977020263672,0.0309107206228197,-4.101088047027588,9
144.73512268066406,5.766578197479248,11.727208137512209,-0.037195143550407,-0.2270863801240921,9
143.67092895507812,-10.694416046142578,-6.308652400970459,0.0807313563359806,-5.650399684906006,9
75.7636489868164,0.5985888838768005,5.427994728088379,0.0975631790793644,-7.052791118621826,9
91.12027740478516,-4.061849117279053,-12.065309524536133,-0.0369613833088406,-16.093900680541992,9
176.0056915283203,-6.967399597167969,-6.763741493225098,-0.1178312204971297,-8.025814056396484,9
153.440185546875,-6.659724235534668,-8.162471771240234,0.1748724987766685,-6.9217329025268555,9
121.20703125,-9.884339332580566,-9.91936492919922,0.0570677596756476,-2.0491750240325928,9
125.0792236328125,1.284885287284851,-2.901200771331787,-0.0147602721613226,-1.1289381980895996,9
170.9163055419922,-8.948887825012207,-24.42523765563965,0.0608080176450964,-9.785025596618652,9
116.35997009277344,-3.871987581253052,-8.42221450805664,0.0761550520195427,-1.9922322034835815,9
140.15359497070312,-1.772434115409851,-0.3875712454319,0.0961217681822092,-3.625025749206543,9
149.457763671875,-7.176031112670898,-6.468215465545654,0.0335628752759387,-1.9592608213424685,9
159.35496520996094,-6.560309886932373,-9.126105308532717,0.1748752593558444,-6.066534042358398,9
100.88443756103516,1.746741771697998,-2.546621322631836,0.0219017255007643,3.9605553150177,9
63.50086975097656,-1.7113089561462402,-3.6816165447235103,0.0602993274236211,-3.963232278823853,9
64.64012908935547,1.1885253190994265,5.760168075561523,0.0949775903657821,4.72122049331665,9
113.95462036132812,-10.404632568359377,-7.908573150634766,0.0685041035099037,-7.018208026885986,9
122.55731964111328,-4.445741653442383,-12.342942237854004,0.0972487939010225,-5.155172824859619,9
119.68230438232422,0.2635545134544372,-7.3241071701049805,0.1274859755942377,2.3152143955230713,9
126.3704833984375,-6.239850044250488,-11.36726188659668,0.0003582798485144,-6.6774396896362305,9
86.47888946533203,-1.17974054813385,1.4245375394821167,0.0366401761377123,-3.854258537292481,9
130.7862548828125,-4.046014308929443,-7.734923362731934,0.1498033100814792,1.1534448862075806,9
147.30247497558594,-1.7480106353759766,-0.8006071448326111,-0.0535520563528344,-7.886795997619629,9
124.9087905883789,-6.971911430358887,-8.15649127960205,-0.0287595656606082,1.6538797616958618,9
108.18963623046876,-9.774876594543455,-9.865483283996582,0.0203749097307771,-7.6467366218566895,9
59.94661331176758,2.7309319972991943,3.362265110015869,0.1451003766935162,-5.883123397827148,9
106.89958190917967,-3.651885986328125,-1.9794026613235471,0.0263004301225169,3.226414442062378,9
62.238731384277344,2.646808385848999,2.935340642929077,0.0307787627747843,3.764724731445313,9
65.8352279663086,1.2334989309310913,4.681260108947754,0.0754894415459706,8.944405555725098,9
139.76145935058594,5.818254470825195,0.0422509126365184,0.0280990792812263,-0.0454571731388568,9
114.70144653320312,-7.811774253845215,-6.263306140899658,0.1173913915653573,-8.875711441040039,9
63.08597183227539,1.9566631317138672,4.374135494232178,-0.0274521033081978,-0.3723769783973694,9
141.5211181640625,11.1937894821167,-0.0219733174890279,0.0811929208664084,1.3449735641479492,9
103.748779296875,-5.27601957321167,-9.492650032043455,0.0355396378375138,-7.612964153289795,9
147.08192443847656,1.3617979288101196,-1.7623645067214966,0.1044817491450103,-1.2822444438934326,9
146.7353973388672,1.168251395225525,-1.9308183193206787,0.1026331057331138,-1.4331433773040771,9
90.8787612915039,10.213829040527344,6.246361255645752,-0.0507877953522062,-2.953579902648926,9
68.16854095458984,0.4259140789508819,4.73553466796875,0.0593735476624899,-0.8029377460479736,9
184.173583984375,-5.80960750579834,-10.534299850463867,-0.1663268196985226,-4.84631872177124,9
87.53585052490234,2.422079086303711,3.410649299621582,0.063101320483249,1.8260362148284912,9
97.68106079101562,-4.495114326477051,-4.380669593811035,0.1039540516593809,-3.734742164611816,9
130.9769287109375,-6.080227375030518,-5.631317615509033,0.1688320346870639,-5.795138835906982,9
149.2379150390625,1.034217119216919,-1.7453601360321045,0.1027383269601733,2.060487747192383,9
105.74103546142578,-0.390570729970932,-7.32733964920044,0.0442186886705375,-7.318156242370605,9
119.0324249267578,1.1950407028198242,-4.759594917297363,0.1202836301380454,-5.199260234832764,9
64.87060546875,-2.2807748317718506,6.978527069091797,0.0591146097717039,-0.5123276114463806,9
144.74742126464844,-10.320292472839355,-6.141438961029053,0.0796049653387555,-5.214203357696533,9
109.70500946044922,-5.285458564758301,-9.914996147155762,0.0643844806772993,-4.61132287979126,9
