mfcc1_delta,mfcc5_delta,mfcc10_delta,mfcc15_delta,mfcc20_delta
0.105264700949192,0.0292956884950399,0.0144308665767312,-0.0295500084757804,0.0157841574400663
0.1041484698653221,0.0026475014165043,-0.0214546062052249,-0.0111716324463486,0.0004300687578506
0.0298826918005943,-0.0038516207132488,0.0083391377702355,0.0089626936241984,0.0134359393268823
-0.0187923926860094,0.0154453990980982,-0.0014589881757274,-0.0176865682005882,0.0019370479276403
0.0567768514156341,-0.0016267935279756,0.0040147630497813,-0.0062304981984198,0.0072061172686517
0.0949675738811492,0.0125518841668963,-0.0056306961923837,0.014227227307856,-0.0047934064641594
0.0573189333081245,0.0020623838063329,-0.0219148341566324,-0.0205699242651462,0.0087813111022114
-0.0301255118101835,0.0187053829431533,0.014459291473031,-0.0130074480548501,0.0004865870578214
-0.0462096184492111,-0.005033706780523,-0.0075042154639959,-0.0034152227453887,0.0022099709603935
0.0490981675684452,-0.0109177352860569,0.0070594511926174,3.0436445740633644e-05,0.0067794169299304
0.0525341741740703,-0.0107327364385128,-0.0149033535271883,0.0042773196473717,-0.0073961257003247
0.0002129385829903,0.0185961984097957,0.0058272746391594,0.0002416181523585,-0.0102681694552302
-0.1969824880361557,-0.0049999766051769,-0.0090221827849745,-0.0208107978105545,0.0143867693841457
0.1478602141141891,0.0103141656145453,0.0044549969024956,0.0172313153743743,0.0211580302566289
0.1256575137376785,-0.0153646357357501,0.0336086340248584,0.0206512995064258,-0.0033660966437309
0.0468311607837677,-0.0083118770271539,0.0027020086999982,0.0010570302838459,-0.0086383437737822
-0.0562650859355926,-0.027242662385106,0.0008040757966227,-0.0135959144681692,-0.0073904204182326
0.0670077353715896,-0.0046617030166089,0.0107666933909058,0.0219061430543661,-0.0043328264728188
-0.0991696342825889,0.01526290923357,-0.0165151190012693,0.0047950162552297,-0.0045958585105836
0.0269989315420389,-0.0269476231187582,-0.0043450277298688,0.0092240730300545,-0.0020647787023335
0.1008005067706108,-0.0232148524373769,-0.0087769320234656,-0.015033290721476,0.0102144004777073
0.0203260853886604,0.0021249772980809,0.018871285021305,0.0225081350654363,-0.005999210756272
0.0942763239145279,0.0345529690384864,-0.0082382829859852,0.0085632605478167,0.0023545089643448
-0.0287030562758445,-0.0133024249225854,-0.0005695906584151,-0.0041365278884768,0.003569483757019
0.1509350091218948,-0.0128899123519659,0.0221632905304431,-0.0076618106104433,0.0037500786129385
-0.0332416743040084,0.0197792723774909,-0.0030535086989402,0.0105509422719478,0.0039379121735692
0.118118830025196,-0.0140129523351788,-0.0172510687261819,-0.004864802584052,-0.0047391718253493
-0.0405352972447872,-0.0011156218824908,-0.0073024621233344,-0.0026604274753481,-0.0037298209499567
0.0566992424428463,0.0034884978085756,-0.0140580795705318,-0.0171644259244203,0.0154826566576957
0.0470564514398574,-0.0310267563909292,0.0119816958904266,-0.0002384888357482,0.0030461861751973
-0.0820463523268699,0.0062204231508076,-0.0072885011322796,0.0050397780723869,-0.0046813953667879
0.1111967787146568,-0.0231332704424858,-0.0148293627426028,0.004630705807358,0.0103564783930778
-0.1218877509236335,-0.0073573850095272,-0.0143384169787168,-0.0153891025111079,-0.0020051994360983
0.0985578075051307,0.0111376410350203,0.0153160775080323,0.005984719377011,0.0011601754231378
0.0041179610416293,8.885323768481612e-05,-0.0039341556839644,-0.0020356785971671,0.0007267787586897
0.046627789735794,-0.0030750753358006,0.0160315912216901,-0.0160093605518341,0.0056424182839691
0.0102370809763669,0.0050509613938629,-0.0108454683795571,-0.000805199088063,0.0099266059696674
-0.0327102355659008,-0.018474631011486,0.0143454642966389,0.0106744822114706,-0.0149108301848173
0.0225303247570991,0.0134167354553937,-0.003861978650093,0.0005362289957702,0.0206471066921949
0.0459119938313961,0.0005364561802707,0.0033167549408972,-0.0116355195641517,0.0055478559806942
0.0802616998553276,0.0292110722512006,-0.0136435581371188,-0.0030223783105611,-0.002432532608509
-0.0777043476700782,-0.0192051269114017,-0.0024433867074549,-0.0011691494146361,0.002330798888579
-0.0881077870726585,0.0083588967099785,0.0047091250307857,0.0033245687372982,0.0105211241170763
0.0794549658894538,-0.038332525640726,-0.0214386899024248,0.005794858559966,0.0044498974457383
0.1195976436138153,-0.0045982296578586,-0.0154481818899512,0.0102319056168198,-0.001028612605296
0.009897549636662,0.0009645622922107,0.0100809643045067,0.0012489357031881,0.0135382171720266
-0.0228197611868381,0.0089000910520553,-0.0066706552170217,-0.0044733048416674,0.0125266555696725
0.0874706804752349,0.0045587858185172,-0.0057495278306305,0.0111503368243575,-0.0045684673823416
0.023472910746932,-0.0205399841070175,0.0067196497693657,-0.0028646981809288,-0.0009137951419688
0.0528677627444267,0.0142300957813858,-0.016098229214549,-0.006884760223329,0.0001664292649365
0.1346977204084396,-0.0028743580915033,0.0092081138864159,0.0160093028098344,0.0103160599246621
0.1003343611955642,-0.0050167678855359,-0.0151257729157805,0.0081467078998684,-0.0057211127132177
0.1019788905978202,0.011733260937035,0.0050828079693019,0.0019101307261735,0.0065274955704808
0.0721863955259323,-0.0043392432853579,0.0060293362475931,0.0106007969006896,0.0039231213741004
-0.0247808340936899,-0.0111318090930581,-0.018574146553874,-0.0005432270700111,0.0042193131521344
0.0671261399984359,-0.0010291273938491,0.0226614326238632,-0.0018370002508163,-0.0033758864738047
-0.0155350053682923,-0.0085318917408585,-0.0123946918174624,-0.0143672283738851,0.0115417586639523
-0.0349771976470947,-0.0116121964529156,-0.0096896979957818,-0.0131761217489838,-0.0096572898328304
0.0156910736113786,-0.0025568488053977,0.0012184417573735,0.0123041598126292,0.00754728121683
-0.0347099006175994,0.002491433173418,0.0078754173591732,0.0046827597543597,0.0045434474013745
0.0779361054301261,0.0116959428414702,0.0208780206739902,0.0002927219611592,0.0007393225678242
-0.0389082171022892,-0.0134528279304504,-0.0112030729651451,-0.0107817947864532,-0.0017756447196006
-0.1440220773220062,-0.010509829968214,0.0138857206329703,0.0051653310656547,0.0088570555672049
0.0950685292482376,0.0076974215917289,-0.000192937979591,-0.0035927803255617,0.0091141583397984
0.0349436849355697,0.001382672926411,0.0087642008438706,-0.0102521032094955,0.0031745752785354
0.0446619763970375,0.0118782818317413,0.0127532323822379,0.0169469695538282,-0.0062490124255418
-0.0473545528948307,-0.0016092461301013,-0.0128753175958991,-0.0114960642531514,0.006989121902734
0.073973998427391,0.0069140829145908,-0.0159288253635168,-0.0030337173957377,0.0013867052039131
0.0868014544248581,-0.0148598570376634,-0.0142961619421839,-0.004066715016961,-0.00279973144643
0.0800305157899856,0.0034425060730427,0.0030496886465698,0.0071194591000676,0.0009616662282496
-0.0562650859355926,-0.027242662385106,0.0008040757966227,-0.0135959144681692,-0.0073904204182326
-0.0862021446228027,-0.0063389642164111,0.0108864326030015,0.0006996941519901,-0.0188697706907987
0.0434297956526279,0.0280176885426044,-0.006892186589539,-0.0132486866787076,-0.0021526617929339
0.0574627108871936,0.0024895370006561,0.0109204025939106,0.0064855879172682,-0.0019356103148311
0.0103577245026826,0.0041546896100044,-0.0035622487775981,-0.0067033777013421,0.0069228066131472
-0.0683439970016479,0.0072013121098279,0.0148385912179946,-0.0063621518202126,-0.0109172472730278
0.00055469176732,-0.0024964066687971,-0.0035201660357415,0.0038003588560968,-0.0148495379835367
0.069495290517807,-0.0301291402429342,0.0326914079487323,-0.0017697163857519,0.0087030883878469
0.008824011310935,-0.0184145048260688,-0.0073393527418375,-0.0071336771361529,-0.0028527555987238
0.1362080425024032,-0.0199754983186721,-0.014345078729093,-0.0002355118340346,-0.0077809053473174
0.2180556207895279,-0.0094055188819766,0.0064512230455875,-0.0101389503106474,-0.0190276205539703
0.3306410908699035,-0.0007400276954285,-0.0114866578951478,-0.0082537624984979,-0.0062054176814854
0.0457528494298458,-0.0058448510244488,-0.0001080443689716,0.0072769508697092,0.0114889554679393
0.0822529420256614,0.001493506366387,-0.0160744134336709,-0.0150304529815912,0.0006653969176113
-0.1265167295932769,0.0154013754799962,-0.0005250556278042,0.0105760563164949,0.0098816659301519
-0.1472594290971756,-0.007593008223921,-0.027954913675785,0.0225423332303762,-0.0011174289975315
0.1951740235090255,0.0023678222205489,-0.00120199250523,0.0109070651233196,0.001357777044177
0.0502336584031581,0.0086446329951286,0.0044175051152706,0.0039530736394226,0.0045860596001148
-0.0427068471908569,-0.0109573639929294,-0.0053430427797138,-0.0100827850401401,0.0032785062212496
-0.1472594290971756,-0.007593008223921,-0.027954913675785,0.0225423332303762,-0.0011174289975315
0.0435573533177375,0.0171227622777223,0.0007448594551533,0.0016503961523994,0.0031438865698873
-0.0240333136171102,-0.0034444311168044,0.0063598086126148,0.0168003048747777,-0.0505741462111473
0.0206856541335582,0.011377072893083,0.0065672071650624,-0.0109788440167903,0.0177590455859899
0.1046135276556015,0.0008538372348994,0.003669511526823,0.0022975536994636,-0.0198965240269899
0.0515179187059402,-0.0144521882757544,0.0031968159601092,-0.0023644864559173,0.0062004658393561
-0.1296102553606033,0.0314353108406066,0.0065340283326804,0.0157001335173845,-0.0053946855477988
-0.0279977191239595,0.0099568823352456,0.0080627743154764,9.564770880388096e-05,-0.0099952491000294
0.0389470495283603,0.0250162687152624,-0.0105680329725146,0.0076048248447477,0.0005407502758316
-0.0188804566860198,0.0016649368917569,-0.0062337256968021,-0.0019174271728843,-0.0093571254983544
0.0555458925664424,-0.0157165564596653,0.0026053909678012,0.0094579784199595,-0.00642448104918
-0.0077399765141308,0.0089843962341547,-0.0093798702582716,0.0015158413443714,-0.0023813312873244
-0.0049406141042709,0.009959153831005,0.0026394489686936,0.0036746058613061,-0.0087642325088381
0.1142482087016105,-0.0036456927191466,0.0190583299845457,0.0008553477819077,0.0020169760100543
-0.0642180666327476,0.0023568123579025,-0.0043311873450875,0.0005373219028115,-0.0108225494623184
-0.0326323695480823,-0.0075316955335438,0.0012230813736096,-0.0060855690389871,0.0020891446620225
0.0210400559008121,0.008876278065145,0.0014574002707377,-0.0004469538980629,-0.0027483673766255
0.0365727096796035,0.005074989516288,0.0070047620683908,0.0065402938053011,-0.0004435363807715
0.0318183526396751,0.0006348461611196,-0.0057211858220398,-0.0158162619918584,0.0105150043964385
0.0307415332645177,0.0117415655404329,0.0023105386644601,-0.0064948895014822,0.0035536589566618
-0.0185219030827283,-0.0018730764277279,0.0071958424523472,0.0026174481026828,0.009128269739449
0.0419161021709442,-0.0098481960594654,0.017271252349019,0.0185936540365219,-0.0072083342820405
-0.0209552273154258,0.0120402155444026,0.0084538757801055,-0.0046922471374273,-0.0027987302746623
-0.0098153678700327,-0.0100015681236982,0.0041268290951848,0.004608348943293,-0.0076352935284376
0.0349822528660297,-0.0087450006976723,0.0078262900933623,-0.0060665751807391,0.0005010503809899
-0.014431663788855,0.0054468624293804,-0.0024409980978816,-0.0021253761369735,-0.0090573979541659
-0.0165506396442651,0.0245884470641613,0.0004680003621615,-0.0064121144823729,0.0044547556899487
-0.0112140225246548,-0.0141912642866373,0.0018182925414294,-0.0047347298823297,-0.0051223426125943
0.0178384333848953,0.0103070773184299,0.0045682284981012,-0.0033644752111285,-0.0051659219898283
-0.00884860008955,0.0048946384340524,0.0081478133797645,-0.001297652721405,0.0044498466886579
-0.0582133084535598,0.0019209637539461,0.0101222675293684,-0.0145285977050662,0.0072899279184639
-0.0090982215479016,-0.0034306608140468,0.0090041235089302,-0.0019040509359911,0.0136979660019278
0.0716103836894035,-0.005422281101346,-0.0083654690533876,0.0072402940131723,0.0040456592105329
0.0116722416132688,-0.0173654481768608,0.0053093018941581,-0.0012021149741485,-0.0170751400291919
0.0203782431781291,-0.0108062578365206,0.0051119150593876,0.004441731609404,0.0063738259486854
0.0052056252025067,0.0090646771714091,-0.0130929257720708,-0.0152533371001482,-0.0045106029137969
-0.0518297590315341,0.0137724494561553,-0.0078715272247791,0.0034342468716204,-0.0010305672185495
-0.0055404938757419,0.0058503067120909,0.0037526919040828,-0.0040026269853115,0.0046882554888725
0.0482519604265689,-0.0219835434108972,-0.0173552446067333,-0.0091106928884983,-0.0028345570899546
-0.004001295659691,0.0180541276931762,-0.0032669445499777,-0.0037931178230792,0.0006782912532798
-0.0157326553016901,-0.0057618878781795,0.0102555816993117,0.003687116317451,-0.0055012041702866
-0.0053036580793559,-0.0160334948450326,0.0012113581178709,0.0029950654134154,-0.0035362369380891
0.0401877015829086,0.0106136035174131,0.0149882892146706,-0.0138323958963155,-0.0098148034885525
0.0210400559008121,0.008876278065145,0.0014574002707377,-0.0004469538980629,-0.0027483673766255
0.0048631844110786,0.0008863123366609,-0.0021192701533436,0.0087068369612097,0.0047585610300302
0.0405128933489322,0.0090820137411355,-0.0032835197634994,-0.0068747792392969,-0.0063345246016979
0.0509319603443145,-0.0154349543154239,-0.012391347438097,-0.0015148345846682,0.0053363176994025
0.1202621310949325,0.0018433122895658,-0.0019076993921771,-0.005508555099368,0.0099803945049643
0.0053600170649588,-0.0034554195590317,0.0052858986891806,0.0061212391592562,0.0010884676594287
0.0512812659144401,0.0158085450530052,0.0059191933833062,0.0148203643038868,0.0071888766251504
0.0300350859761238,0.0040904264897108,-0.0041836369782686,0.0019611408933997,0.0143746780231595
0.1206582933664321,-0.0390256308019161,0.0211437009274959,0.0006259111105464,0.0012945035705342
0.0178384333848953,0.0103070773184299,0.0045682284981012,-0.0033644752111285,-0.0051659219898283
0.0188225843012332,0.0092389918863773,0.0031592804007232,-0.0010460342746227,0.0034390196669846
-0.004332379437983,0.0109883183613419,-0.0002140508295269,-0.0053847772069275,-0.0010638823732733
0.0338893719017505,0.0090028345584869,-0.005113058257848,-0.004713503178209,0.0093430317938327
0.0959585085511207,-0.0031365905888378,0.0056602796539664,-0.0037657439243048,0.0149419615045189
0.0311634242534637,-0.0004318485152907,0.0145874144509434,0.0104425586760044,-0.003055335022509
0.0153646105900406,-0.0144654884934425,0.0063094142824411,0.00041567790322,0.0017522906418889
0.0251027904450893,-0.018741238862276,-0.0016661406261846,0.0096182813867926,0.0003205116372555
-0.0095915710553526,0.0055408254265785,0.0057832389138638,-0.0064346045255661,-0.0139975417405366
-0.0099282404407858,0.006369553040713,-0.0014360191999003,0.000893298885785,-4.724117388832383e-06
0.0080326469615101,-0.0017693829722702,0.0126519864425063,0.0034804111346602,0.0019705747254192
0.0509319603443145,-0.0154349543154239,-0.012391347438097,-0.0015148345846682,0.0053363176994025
-0.1181176751852035,-0.001047269324772,0.0085217859596014,-0.0118028176948428,-0.0046187113039195
-0.0085157705470919,-0.0031938338652253,0.0043436586856842,0.0098836179822683,-0.0016823327168822
0.0055569959804415,0.0006902655004523,-0.0012156954035162,-0.0014192031230777,-0.0023766853846609
0.1183763146400451,-0.0176612716168165,0.0161304660141468,-0.0058685531839728,0.0032428209669888
-0.0629409402608871,0.0201488975435495,-0.0140200350433588,-0.0036811588797718,-0.0122779188677668
-0.0040133683942258,0.0082179857417941,0.0086778532713651,-0.0004016643215436,0.0076273926533758
0.0482519604265689,-0.0219835434108972,-0.0173552446067333,-0.0091106928884983,-0.0028345570899546
0.1096289381384849,0.0083035621792078,-0.0066050509922206,-0.0020702879410237,0.0031428590882569
0.0193224865943193,0.0024603772908449,0.0049709575250744,-0.0107414098456501,0.0070711327716708
0.0121768852695822,0.0123521648347377,-0.0103998705744743,0.0046637458726763,0.0002223547344328
0.0152387730777263,-0.0015174385625869,-0.0020112756174057,0.0053450972773134,-0.0022167772985994
0.043844923377037,0.0093781957402825,0.016232332214713,-0.0129719739779829,0.0066135167144238
-0.0293912421911954,-0.0008978825062513,-0.003482831409201,0.006254369392991,0.000133076289785
0.003694184590131,-0.0046337875537574,0.0036026362795382,0.0098708625882864,-0.0162977650761604
0.0316864103078842,-0.0012498289579525,-3.2633659429848194e-05,-0.0087087359279394,0.0028434293344616
0.0765586569905281,-0.0036804378032684,-0.0110659943893551,-0.0025295461528003,0.0125777944922447
0.0251027904450893,-0.018741238862276,-0.0016661406261846,0.0096182813867926,0.0003205116372555
0.0385223925113678,-0.0110488720238208,0.007626514416188,0.005064005497843,-0.0165763646364212
-0.017816349864006,-0.0048465011641383,0.0044247871264815,0.0031308161560446,0.0014834033790975
0.0005594122339971,-0.0023923609405755,-0.0018936722772195,-0.001399440690875,0.0074985665269196
0.0318194031715393,-0.001069193589501,0.0111369360238313,-0.0044217887334525,0.0173280443996191
-0.0568285919725894,0.0085108214989304,-0.010281404480338,-0.0074604097753763,-0.0028756391257047
-0.0068350289948284,0.0222321562469005,-0.0070380289107561,0.0012597166933119,0.0111039616167545
-0.0769166424870491,0.0181631650775671,-0.0117628229781985,0.0015182608040049,-0.0139344250783324
-0.0393259823322296,0.0138359759002923,-0.0062768245115876,0.006114603485912,-0.0032853120937943
0.0116722416132688,-0.0173654481768608,0.0053093018941581,-0.0012021149741485,-0.0170751400291919
-0.0124336881563067,0.0029652956873178,0.0038661968428641,-0.0001746346970321,0.0084606679156422
0.0227025747299194,0.0078137582167983,-0.0012412532232701,0.000419787451392,0.0091577610000967
0.0295555610209703,0.0024033477529883,-0.0078518036752939,-0.002138334326446,0.0085481125861406
0.0323324166238307,-0.0050745247863233,0.0085688242688775,0.0007633477216586,0.0001641333947191
0.0048631844110786,0.0008863123366609,-0.0021192701533436,0.0087068369612097,0.0047585610300302
-0.0624331943690776,0.0231399722397327,0.0084659708663821,0.0193768739700317,-0.0099118640646338
0.0078153936192393,-0.0061920415610075,0.0104011427611112,-0.0052430806681513,0.000136897622724
0.0175703149288892,-0.0212199240922927,-0.0065099843777716,-0.0112919537350535,0.0016171101015061
0.055896196514368,-0.0028183090034872,0.0088297659531235,0.000337406003382,0.0104035874828696
0.1055716425180435,0.008744915947318,-0.0048798266798257,0.0026905497070401,0.0011654194677248
-0.0381686203181743,0.027764594182372,0.0050840023905038,0.0050402958877384,-0.0002613310934975
-0.0541497468948364,-0.0079164467751979,0.006174870301038,0.0063648000359535,0.0006676664343103
-0.1086451634764671,0.0345152392983436,-0.0037369222845882,0.0041546067222952,0.0138914845883846
0.0282984692603349,-0.0012291313614696,0.0015488371718674,0.0123807610943913,0.0115926507860422
0.0647027641534805,0.0031578778289258,-0.0019350125221535,-0.0098928520455956,-0.0044589922763407
-0.01424156781286,-0.0020011442247778,-0.0059794462285935,-0.0023483419790863,-0.0036739001516252
0.0530397407710552,-0.0019159722141921,0.0022187554277479,0.0023459258954972,-0.0038017311599105
0.0119614154100418,-0.0030639697797596,-0.0029046148993074,0.0057273358106613,0.0035979838576167
0.0115171475335955,0.010367901995778,-0.0040748035535216,0.0058413534425199,-0.0046371608041226
0.0445102900266647,0.0039327638223767,0.0133305275812745,0.003307782113552,-0.0104659497737884
-0.0026902083773165,0.0020242191385477,0.0073068104684352,-0.00409038644284,-0.0069780047051608
0.1146617978811264,-0.0094612827524542,0.0059522059746086,-0.0004134465707466,-0.010654080659151
0.149867296218872,-0.01201809104532,0.0099647594615817,-0.0011991381179541,-0.0086299562826752
-0.0235702916979789,0.0086898272857069,0.0020090108737349,-0.0014491166220977,-0.0103968596085906
0.1114520505070686,0.0084112510085105,0.0036438456736505,0.0086100809276103,0.0148951094597578
0.0063953916542232,-0.0038000019267201,0.006866636686027,0.0012480133445933,-0.0019841189496219
0.0012595817679539,-0.0025826680939644,-0.0018850110936909,0.0010918859625235,0.0100266244262456
-0.0107667539268732,-0.0059210606850683,-0.0270219556987285,-0.0001264584716409,-0.0032103834673762
-0.0535829626023769,-0.0052138427272439,-0.0079737929627299,-9.06169443624094e-05,-0.0133088529109954
0.1035739481449127,-0.002972601680085,0.0098436158150434,0.0086599774658679,0.0066291275434195
0.023955812677741,0.0079782176762819,-0.0072877490893006,0.0054470491595566,-0.0065909377299249
0.112024649977684,0.0074397665448486,-0.0116945682093501,-0.0049763373099267,-0.0051851049065589
0.0432400628924369,-0.0020382266957312,0.0030054550152271,-0.0050489818677306,0.0232399478554725
-0.0185055173933506,0.0163859203457832,0.0098905377089977,-0.0062555503100156,-0.0084730591624975
0.0243643745779991,-0.0058187860995531,0.0129576474428176,-0.0031219872180372,0.0014410628937184
-0.0618544816970825,-0.0144017385318875,-0.0132282003760337,0.0152392731979489,-0.0072460588999092
-0.0352202132344245,0.0100756594911217,0.020603023469448,-0.009168442338705,0.0068010799586772
0.0493401363492012,-0.004076206125319,-0.0105390604585409,0.0040066828951239,-0.0044019808992743
-0.0351922661066055,0.0361937321722507,0.0106239849701523,0.0093231992796063,-0.0118912169709801
0.0890759006142616,-0.0207311380654573,-0.0029273896943777,-0.0066236746497452,-0.0037106117233633
-0.0538110360503196,-0.0021313321776688,0.0075161070562899,0.0012268499704077,-0.0082092126831412
-0.0287043750286102,-0.0290985964238643,-0.0117583014070987,-0.0028483031783252,-0.0044962875545024
-0.013910923153162,0.0048348600976169,-0.0121994614601135,-0.0103409513831138,-0.0131466193124651
-0.0257641412317752,0.0171842854470014,-0.0018173949792981,-0.0010247698519378,-0.00114650093019
-0.0176166091114282,0.010210826061666,0.0109389089047908,-0.0081786457449197,-0.0113696185871958
0.0400407649576664,-0.0010864121140912,0.0113197499886155,0.015979666262865,-0.0136469155550003
0.0446562692523002,0.0115795535966753,-0.0112184872850775,-0.0036536464467644,-0.0203270055353641
0.0306055545806884,0.0087995892390608,-0.0048067197203636,0.00447962526232,0.0171422213315963
0.0158752240240573,-0.0276496093720197,-0.0060212821699678,0.0059188907034695,0.0133739123120903
-0.1212714165449142,0.0030092543456703,-0.010762495920062,-0.0074245352298021,-0.0068794190883636
0.0447544865310192,-0.0117327384650707,-0.0041871243156492,0.0034046969376504,0.0091952625662088
0.1763621866703033,-0.0254619382321834,-0.0148871773853898,-0.0080693811178207,-0.0001861206401372
-0.0340049006044864,0.007317648269236,0.0018475141841918,-0.0026839920319616,0.0073723657988011
-0.007557030301541,-0.0202319268137216,-0.0042920438572764,-9.879011486191304e-05,0.0244795605540275
0.0209738072007894,-0.0361280851066112,-0.0016649243189021,0.0127372648566961,0.0051360912621021
0.0553051903843879,-0.0219017695635557,0.0134412785992026,0.0075993733480572,-0.0083177611231803
0.0246234405785799,0.0021032453514635,0.0048174168914556,-0.0004773107066284,0.0143925519660115
-0.189490869641304,0.0073205274529755,-0.0198757536709308,0.0026197470724582,-0.0100257797166705
0.1915657520294189,0.0028926956001669,0.0121661061421036,-0.0084325121715664,0.0075698993168771
-0.006389420479536,0.0042342180386185,-0.0057599265128374,0.0048054861836135,-0.005846332758665
0.0200379844754934,-0.0044087930582463,-0.0133686223998665,-0.002079258672893,0.0008612545789219
0.0615495182573795,-0.0207582991570234,-0.009945610538125,-0.0129080712795257,0.0040200995281338
0.0693777278065681,0.007094710599631,-0.0025098870974034,0.0093516753986477,0.0084032192826271
-0.0583674572408199,0.0066983229480683,0.0076755634509027,-0.0055459877476096,-0.0156403481960296
-0.0552234463393688,0.0088496636599302,-0.0038985358551144,0.0013380253221839,-0.0039739706553518
-0.0576786287128925,0.0159557685256004,0.0063357865437865,0.0077552325092256,0.0021323135588318
0.0682781040668487,0.0001232839858857,-0.0084133930504322,-0.000429806561442,-0.0095940791070461
0.063426099717617,-0.020363625138998,-0.0065738703124225,-0.0151981813833117,-0.0108585553243756
0.0435971617698669,0.0092882569879293,0.0047568124718964,0.0003335474175401,-0.0131394639611244
-0.0258172806352376,-0.016212161630392,0.0125562986359,-0.0115731675177812,0.0080216331407427
0.0646172016859054,0.0184067171066999,0.0098791951313614,0.0042297071777284,-0.0273053310811519
0.0759213492274284,-0.0249479711055755,0.0092653036117553,-0.00024521452724,0.000224626113777
0.023088714107871,0.0097525361925363,0.001150231109932,-0.0016960740322247,-0.0043086544610559
0.0422780700027942,-0.000397660798626,0.0060910987667739,0.0047905459068715,5.572614827542566e-05
0.0343871489167213,-0.0064937518909573,0.0072345086373388,-0.015299660153687,0.0059673306532204
-0.0555177070200443,0.0316190384328365,0.0157897341996431,-0.0008276152657344,0.0081476671621203
0.0320459306240081,0.0078398846089839,0.0094744842499494,0.0050264503806829,-0.0104912212118506
0.1042377203702926,-0.0105711268261075,0.0104792341589927,0.000644881511107,0.006180512253195
0.0215669199824333,0.0083339167758822,-0.0161342043429613,-0.0050078993663191,-0.0098901661112904
0.0561467781662941,-0.0001277429400943,-0.0036284814123064,-0.0100377714261412,-0.0115853734314441
0.0656991600990295,0.0046641090884804,0.0197929628193378,-0.0113466354086995,-0.0116886738687753
0.0473979860544204,-0.0118692899122834,-0.0135217774659395,0.0036170699167996,0.0052811331115663
0.0227448586374521,0.0074190022423863,-0.0022335862740874,-0.0010582510149106,-0.0113159818574786
-0.0121823018416762,-0.0175151210278272,-0.0071265213191509,-0.0129301631823182,-0.0030310845468193
0.1552963852882385,0.0113420356065034,-0.0084648486226797,-0.0009053183021023,-0.000129983673105
-0.0563508532941341,-0.0066786631941795,-0.0121775101870298,0.0057634189724922,0.0001376825239276
0.0412203855812549,0.0174626111984252,-0.0050140181556344,-0.0022683085408061,-0.0006651371368207
0.0334099791944026,-0.0153717575594782,-0.004879564512521,-0.0018400814151391,-0.0017288255039602
0.092194452881813,0.0146579435095191,-0.0015459407586604,-0.0059615597128868,0.0194484293460845
-0.1123378872871398,0.0004631353658623,-0.0151781495660543,0.0221229530870914,-0.020118772983551
0.1088923588395118,0.002093800343573,0.0009428055491298,0.001149185700342,0.0072864713147282
-0.1108953803777694,0.0250225737690925,0.0014349413104355,7.325664046220481e-05,-0.0049585681408643
0.0529465712606906,0.0130394482985138,-0.0051563335582613,0.0040990668348968,0.0007441108464263
0.0070630335249006,-0.0217910576611757,-0.0035784682258963,-0.0142111619934439,-0.0048498180694878
0.0246684849262237,-0.008365849032998,0.0001018347902572,0.0079501317813992,0.005852258298546
0.0979928374290466,-0.0127109074965119,-0.005212971009314,-0.0097507368773221,0.0037588367704302
-0.0649786219000816,0.0201811417937278,-0.0054297889582812,0.0009577501332387,-0.0116952843964099
0.0754903107881546,-0.0044614472426474,-0.008352275006473,0.0036921114660799,-0.0070006935857236
-0.1976641118526458,0.0106645971536636,-0.0161401759833097,-0.0046457331627607,-0.0006858570268377
-0.0714232325553894,-0.0214018709957599,-0.0013938957126811,0.0006410690257325,-0.005073822569102
-0.0718817934393882,0.0035844689700752,-0.0032779551111161,-0.0006338083185255,-0.0073003279976546
-0.1020398065447807,-0.0091852266341447,-0.0025043340865522,0.0008597893756814,0.0012200813507661
0.0958813950419426,0.0080829178914427,0.0213399082422256,-0.0093366540968418,0.0081089735031127
0.0800565257668495,0.0234118476510047,0.0226314552128314,0.017170924693346,-0.0013080982025712
-0.0868711099028587,0.0005332345026545,-0.0193678326904773,-0.0084689045324921,-0.0052500288002192
-0.0459220074117183,0.0426227152347564,-0.0021598311141133,0.0186803005635738,0.0043600350618362
-0.1649245321750641,0.0166956912726163,-0.0107654649764299,0.0094668250530958,0.0131844449788331
0.0265429653227329,-0.0340817421674728,-0.0125278290361166,-0.0162093732506036,0.0036268425174057
0.1344983726739883,0.0042407987639307,0.0222878791391849,-0.0139144165441393,0.0063618561252951
-0.0162712037563323,-0.0012965869391337,-0.0020405524410307,-0.0058068069629371,0.0007618567324243
0.0298171546310186,0.0178394932299852,-5.364878961700015e-05,0.010753221809864,0.0061124255880713
0.1147148460149765,0.004430565983057,0.0070211798883974,-0.012260690331459,0.0021216797176748
0.0317427292466163,-0.0012577581219375,0.002007299568504,0.0121487947180867,0.0039133401587605
-0.0064208349213004,0.0027384788263589,0.0082452753558754,-0.0082506407052278,0.002319146413356
0.0222458746284246,-0.0038422187790274,-0.0144278667867183,0.0002959237317554,0.0020197797566652
-0.0238581392914056,-0.0155721027404069,0.0060231531970202,-0.0259591322392225,0.0023657758720219
-0.0901532918214798,0.0101622194051742,-0.0060667875222861,0.010134907439351,-0.0130649339407682
0.0608085170388221,0.0207624454051256,-0.0007239697151817,0.0103651937097311,-0.0074692703783512
-0.0065954993478953,0.0169976279139518,0.0011918200179934,-0.0061777224764227,0.0053774565458297
0.0789898335933685,0.0030925422906875,0.0053126546554267,-0.0014961268752813,0.0108460923656821
-0.0065954993478953,0.0169976279139518,0.0011918200179934,-0.0061777224764227,0.0053774565458297
0.1073311120271682,-0.0100749749690294,0.0199846345931291,0.014236357063055,-0.0007409968529827
-0.0767856165766716,0.0463874489068985,-0.0012848699698224,0.0086836628615856,-0.0289016887545585
0.1149935871362686,-0.0228631999343633,-0.0079458225518465,0.0210400503128767,-0.0111199552193284
0.0341667048633098,0.0072462651878595,-0.0035583861172199,0.0001234753726748,0.0105312643572688
0.0019431265536695,-0.0100728766992688,-0.0105293523520231,-0.0023105121217668,-0.0067344703711569
-0.084252044558525,0.0116956178098917,0.0043541379272937,0.0142144234851002,-0.007754580117762
-0.0164370909333229,0.0054755238816142,-0.0046435324475169,-0.0046526305377483,0.0006277625798247
0.0538770034909248,-0.0047263414599001,0.0167981944978237,-0.0074110273271799,0.0112699698656797
0.0375441908836364,-0.0029663799796253,0.0063356729224324,-0.010988637804985,-0.0002854558115359
0.1057586297392845,-0.016432711854577,0.0196884032338857,-0.0182447377592325,0.0084093334153294
0.0556061193346977,0.0224509444087743,0.007268632762134,-0.0033162722829729,0.0023398904595524
-0.1070646122097969,0.01652149297297,0.010401751846075,0.0049454793334007,0.0080610467121005
0.0990932658314704,0.0147288143634796,-0.0100030051544308,0.0042224945500493,0.0141507098451256
-0.0599269866943359,-0.0230682790279388,0.0082243150100111,0.0042987624183297,-0.0176204964518547
-0.0079116644337773,-0.0171341951936483,-0.0041090226732194,0.0032772007398307,-0.0065754884853959
0.0692521706223487,0.026709109544754,0.0081013543531298,-0.0050132358446717,0.0156991630792617
0.0871151089668273,-0.0102910911664366,0.0163626614958047,0.0001050243954523,0.0125931967049837
0.0206321123987436,0.0048273019492626,-0.0024380488321185,0.0056385407224297,-0.0166757497936487
0.0162817891687154,-0.0193297173827886,-0.0097291814163327,-0.0094144260510802,-0.007850719615817
-0.0551817528903484,-0.0254378765821456,-0.0069386423565447,0.004222865216434,-0.0058495076373219
0.0094254352152347,0.0163737833499908,-0.0005391316954046,-0.0085393041372299,0.0034461482428014
-0.0010371905518695,-0.0157491583377122,0.0049714450724422,4.347220965428278e-06,-0.0009780586697161
-0.0771239399909973,-0.0053788782097399,0.0005903465207666,0.0053581995889544,0.0014201012672856
0.0804916694760322,-0.0111422324553132,0.0172960869967937,-0.0045045539736747,0.0005431326571851
0.1294601708650589,-0.0154525348916649,-0.0047605452127754,-0.0065297069959342,-0.0047708549536764
0.0610341541469097,-0.0121175367385149,-0.0033833289053291,0.0103424154222011,-0.0056173810735344
0.02837635576725,0.0311492905020713,-0.0201441682875156,-0.001032602856867,-0.0007247866014949
0.0322381034493446,0.0129439495503902,-0.011562468484044,0.0012887746561318,0.0052602062933146
0.1690470725297927,-0.0579677857458591,-0.016481664031744,0.0158990174531936,-0.0005417250213213
0.0689800679683685,0.0250642597675323,0.0043802526779472,-0.0207144077867269,-0.0178079418838024
-0.0374006889760494,0.0030254067387431,-0.008407762274146,-0.0089903213083744,-0.0146890003234148
-0.06653843075037,0.0064895581454038,-0.0052547617815434,0.0084610972553491,0.0186310783028602
0.0647768899798393,-0.0107340151444077,0.0072912848554551,-0.0032285761553794,0.0101953875273466
-0.0431664250791072,0.0130628244951367,-0.0089098596945405,0.0176417678594589,-0.0093628596514463
-0.0872301682829856,0.0237294379621744,-0.0264898184686899,-0.0029144641011953,0.0079935584217309
0.0360493138432502,0.0195225663483142,0.0227623227983713,-0.0189211294054985,0.0041143163107335
-0.0524084046483039,-0.0033863603603094,0.0042389193549752,-0.0151697695255279,0.031303871423006
0.2103964686393737,-0.0031166991684585,0.0058429450727999,-0.0176538378000259,0.0112316068261861
-0.1199004501104354,0.0160883832722902,-0.0077578839845955,-0.0038993798661977,-0.0052138697355985
0.0641646981239318,-0.0309774950146675,0.0018114172853529,-0.0037506993394345,-0.0012423639418557
-0.0161003470420837,0.0087744761258363,0.0029463211540132,-0.0050370320677757,-0.0040100617334246
0.038930457085371,-0.0075201289728283,0.0252317301928997,-0.0053135589696466,0.0037516974844038
-0.0928468778729438,0.0038396955933421,-0.0294592306017875,-0.0051436219364404,-0.0156247727572917
0.0077131572179496,-0.007661108393222,-0.0047348947264254,-0.0042168726213276,-0.0029863591771572
-0.0634491890668869,0.001731404219754,-0.0017639213474467,-0.0009331057663075,0.0029186874162405
-0.123396597802639,0.0087861018255352,-0.0236189477145671,0.0096713919192552,-0.0010517449118196
0.0416120626032352,-0.0121181104332208,0.0080742137506604,-0.0131047656759619,0.0141661865636706
-0.0439908951520919,0.0080708237364888,0.0048408438451588,-0.0086874468252062,-0.0048949932679533
0.0190416611731052,-0.0248211193829774,0.0041422294452786,0.0068697743117809,-0.0055816518142819
0.0605998858809471,0.0038739121519029,-0.0001352875115117,-0.0056311134248971,-0.0096765495836734
-0.0449468269944191,0.0080333044752478,-0.0019787717610597,0.0038010375574231,-0.0151128005236387
-0.0122916055843234,0.0007454063743352,0.0050707934424281,-0.0020000773947685,0.0105580389499664
-0.0832593962550163,0.0137320412322878,-0.0131789306178689,0.0004728458006866,-0.006484696175903
0.0445010587573051,-0.0095836939290165,-0.0015072834212332,-0.0056585539132356,-0.0105920126661658
-0.1140886694192886,0.0155407590791583,-0.0118639869615435,0.0171380825340747,-0.0043677617795765
0.0556627176702022,-0.0098446793854236,0.0108559699729084,0.0126703046262264,0.0024822342675179
-0.0027339665684849,0.0133639527484774,-0.0148329837247729,0.00682621775195,-0.0055358256213366
0.0462586171925067,-0.0143640497699379,0.0011237189173698,-0.0053931721486151,-0.0161548648029565
-0.0536950305104255,0.0264957770705223,-0.0065206917934119,-0.0159486625343561,0.0065816831775009
0.0007432788843289,0.0018216094467788,0.0128424605354666,0.0057767746038734,-0.011168859899044
-0.0245949644595384,-0.0181101989001035,0.0067522651515901,-0.0008316239109262,0.0093952575698494
0.0396549478173255,-0.0217638649046421,-0.0020461264066398,-0.0077029019594192,0.0053365002386271
-0.0128958597779273,-0.0013867162633687,0.0116793140769004,-0.0039612469263374,-0.0046064853668212
0.0166048575192689,-0.0023385237436741,-0.0012862480944022,-0.0036609736271202,0.0015413818182423
0.0311648435890674,-0.0271775089204311,-0.0149140497669577,-0.0099539533257484,0.0004432140558492
0.0113066863268613,0.0113872326910495,0.0168995484709739,0.007754108402878,0.0054786293767392
-0.130316361784935,0.0111953662708401,-0.0088611207902431,-0.0087208040058612,-0.0024034355301409
-0.0303555410355329,0.006837791763246,0.0074094636365771,0.0144155118614435,0.0006071892566978
0.0802533328533172,-0.0157251507043838,0.0113466680049896,0.0084433574229478,-0.0130889257416129
0.0864477753639221,0.0105301095172762,0.012725880369544,0.0093285981565713,0.0067867417819797
-0.1423360854387283,0.0079597812145948,0.0054823579266667,-0.0005098008550703,-0.0036343636456876
0.0386579111218452,-0.0145672019571065,0.0042855916544795,0.0040864371694624,-0.0006421860889531
0.0650466829538345,-0.0243492890149354,-9.67673331615515e-05,-0.0123879592865705,0.002350669587031
-0.1996049582958221,0.0139346085488796,-0.011691334657371,0.020247396081686,-0.0132016995921731
-0.0783778876066207,0.0009697086643427,0.0070949452929198,0.0020568151958286,-0.0057151466608047
0.0025653853081166,0.0028232485055923,0.0188800748437643,-0.0096801910549402,-0.0035028450656682
0.0170590952038764,0.0059651038609445,-0.0141822313889861,0.0157617796212434,0.0195988677442073
0.0091630117967724,0.0061123925261199,-0.0124908853322267,0.0059721861034631,0.0045419689267873
0.0809865742921829,-0.0106893554329872,0.0026718715671449,-0.0171809289604425,-0.0052883233875036
0.0900569036602974,0.0044915555045008,-0.0140840588137507,-0.0073237447068095,-0.0073504177853465
0.0009340373217128,0.0171087905764579,0.0076716630719602,-0.0139684304594993,0.0025990409776568
-0.0453767664730548,-0.0004303453606553,-0.0271657370030879,-0.001223069964908,0.0061564869247376
-0.1279193758964538,0.0401267558336257,-0.0052794781513512,0.001202372717671,-0.0001168225207948
-0.0145645765587687,0.0123564638197422,-0.0088448775932192,0.0082482676953077,0.0016070695128291
-0.0544438958168029,0.0099964048713445,0.0022258169483393,0.0027274398598819,-0.0045286514796316
-0.0287624783813953,0.0265594441443681,0.0250834189355373,0.0036122680176049,0.0022393686231225
0.0821023657917976,0.012711108662188,-0.0007117391796782,0.0160839315503835,-0.0105074988678097
0.0941092669963836,-0.0033235128503292,-0.0034953381400555,-0.0063095926307141,0.0097193997353315
0.0219233091920614,-0.0039678853936493,-0.0076966863125562,0.0109624667093157,-0.0218734089285135
0.0455763638019561,-0.0124514643102884,-0.0037134601734578,0.0067826304584741,-0.0036637850571423
0.1238008663058281,-0.0145203955471515,-0.0070723630487918,-0.0073916665278375,0.0062171421013772
0.0401109345257282,0.0073450999334454,-0.0011373211164027,-0.0050579346716403,0.0046977023594081
0.0148960212245583,0.0040490627288818,-0.0080324169248342,0.0039394604973495,-0.0065892972052097
-0.0188156422227621,0.0094123678281903,0.0098449569195508,-0.0047312527894973,-0.0050946548581123
0.0799191743135452,0.010310273617506,0.0004722408193629,-0.0033481093123555,0.0038529327139258
0.1607673615217209,-0.0057167089544236,0.0028731853235512,0.0039794198237359,0.0029355410952121
0.1387303471565246,-0.0239587407559156,-0.008955112658441,-0.0034676936920732,-0.0059175575152039
0.0290193017572164,-0.0019884367939084,-0.0048515847884118,0.0049254992045462,-0.0007642971468158
-0.0462178252637386,-0.0157507937401533,0.0106723047792911,0.0140709830448031,0.0030360694508999
0.01869323477149,-0.0028401291929185,0.0014147699112072,-0.0129567505791783,0.0025490697007626
-0.1273392587900161,-0.0309759173542261,-0.0075199217535555,-0.0074247843585908,-0.0016192512121051
0.0279463604092597,-0.0042136590927839,-0.0106946323066949,0.0045033297501504,-0.0008552275248803
-0.0280470345169305,0.0415336415171623,-0.0257743541151285,-0.0021948569919914,0.0021017130929976
-0.1099860593676567,0.0032117692753672,-0.0052993847057223,-0.0018368922173976,0.0001361405156785
-0.0993748754262924,0.0188014674931764,0.0081896325573325,0.0053882063366472,-0.006874730810523
-0.1127267852425575,0.0305407997220754,-0.0271081142127513,0.01837744936347,0.0007355480338446
0.0036354714538902,-0.0011337085161358,-0.0078018414787948,-0.0033291559666395,0.0071634505875408
0.0335751287639141,-0.0229321680963039,-0.0077860685996711,-0.0116454558447003,0.0400908477604389
-0.0259816292673349,0.0224203392863273,0.0061122858896851,-0.0156422797590494,-0.0169932637363672
0.1000500172376632,-0.0010664867004379,-0.0027585451025515,-0.0226752758026123,-0.003030341817066
-0.0583557747304439,-0.0074392165988683,0.0065546263940632,0.0052070328965783,-0.0089219259098172
-0.0636828541755676,-0.0295318644493818,-0.0018286812119185,-0.0031067780219018,0.001351551967673
0.0233865585178136,0.0143532352522015,-0.0073439013212919,-0.0039770924486219,-0.0015579630853608
-0.0235890075564384,0.0178788751363754,-0.0207076016813516,-0.0038428141269832,-0.0024593395646661
-0.0185533091425895,-0.0244052167981863,-0.0121390242129564,0.0091556115075945,-0.0198394935578107
0.0961874648928642,0.0041668051853775,-0.0042241695336997,0.0007275026873685,0.0091791050508618
0.3090134561061859,-0.0214737970381975,0.0182629451155662,-0.0108997216448187,-0.0146225485950708
-0.0045240246690809,0.0109178870916366,-0.022268334403634,-0.0044979904778301,0.001813914743252
-0.0945449545979499,0.0031774216331541,0.0034066124353557,0.0016155412886291,0.0061944518238306
-0.2010739743709564,0.0249550826847553,0.0029384437948465,0.0035496924538165,-0.0102692460641264
-0.0569704249501228,0.007187589071691,-0.0026703958865255,0.0115092694759368,-0.0042507294565439
0.1816937178373336,-0.0158034563064575,-0.0099827917292714,-0.0142288533970713,-0.0112113645300269
0.1456609219312667,-0.0030649837572127,0.0067454939708113,0.0073232082650065,0.0079074325039982
0.0257823802530765,-0.0128633733838796,0.0070397951640188,0.0113412523642182,0.0048765903338789
0.0416239947080612,0.0093273743987083,-0.0166449323296546,-0.0086731165647506,0.0010094118770211
0.2035144567489624,-0.0220200289040803,-0.0196281597018241,-0.0059415027499198,0.0011040765093639
0.0568047724664211,-0.0012558453017845,-0.0090704588219523,0.0075228759087622,0.0111983604729175
0.033047892153263,-0.0186473708599805,0.0006014948594383,-0.0272929351776838,0.00339409802109
-0.1464423686265945,0.0133977541700005,0.0036492676008492,0.0068844016641378,0.006146288011223
0.1997924298048019,0.0001232120703207,0.0171960480511188,0.0045698629692196,0.0229863058775663
-0.1145107597112655,-0.0042140088044106,0.0035969675518572,0.0002771338331513,-0.0043970136903226
-0.105126567184925,-0.0095412246882915,0.0095064742490649,-0.0048484215512871,0.0135041819885373
-0.0082717295736074,-0.0143131604418158,-0.0092558469623327,0.0181073732674121,0.0045726294629275
-0.0098811164498329,-0.0168699882924556,-0.0146594475954771,0.0097230244427919,-0.0029166580643504
0.0835935398936271,-0.0170427337288856,0.0152562167495489,0.0020475196652114,-0.0135544836521148
0.1258392930030822,0.0567488595843315,0.0291683841496706,-0.0085513330996036,-0.0044661359861493
-0.111954741179943,0.0063658012077212,0.0069391098804771,0.0003291688335593,0.0035671435762196
0.0097738178446888,-0.0099090076982975,0.0127803822979331,-0.0043790484778583,0.0110980821773409
0.0526283085346221,-0.013319649733603,-0.0098816063255071,0.0033274996094405,0.0055285966955125
0.0275625325739383,0.0027686352841556,0.0208811331540346,-0.0012122417101636,0.001742323860526
0.0088336085900664,-0.0116538722068071,-8.738621545489877e-05,0.0029238569550216,-0.0042040892876684
0.2313898503780365,-0.009347571991384,0.0023470434825867,-0.0060725207440555,-0.0099316705018281
0.0389166511595249,0.0052653457969427,-0.015438956208527,0.006723700556904,0.0086538977921009
0.0487287938594818,0.0193691160529851,-0.0107795987278223,0.0159281957894563,0.0088380109518766
-0.0761469900608062,-0.0368104688823223,-0.0021784442942589,-0.0099174277856946,0.005511394701898
0.2105232179164886,-0.0137853631749749,0.00619274424389,0.0011078963289037,0.015374849550426
0.2610983848571777,-0.0362350866198539,-0.0026636528782546,0.0020676080603152,0.0062645957805216
0.150163471698761,0.0008328866097144,0.0361948050558567,0.007165556307882,0.0029340849723666
0.0023309157695621,-0.0124279828742146,-0.0081800362095236,-0.0036584266927093,-0.0099798366427421
-0.2196306884288787,0.0010343324393033,0.0167565308511257,-0.0017388919368386,0.0012000504648312
-0.0206589102745056,0.000222953633056,0.0122604444622993,0.0047152368351817,0.0037266793660819
0.0326709598302841,-0.0109415175393223,0.0048294127918779,-0.0019819033332169,0.002557153115049
-0.0897386819124221,-0.0054669231176376,-0.0245376322418451,0.0043106521479785,-0.0074969716370105
-0.0512591749429702,0.0002315746969543,-0.0156974606215953,0.0036315622273832,-0.0116343712434172
0.0243315137922763,0.0024110744707286,-0.0009575524600222,-0.0017233514226973,-0.0021844489965587
0.1610095202922821,-0.0063117034733295,-0.0059743174351751,0.0112396385520696,-0.0058149308897554
0.1217133179306984,-0.028739109635353,-0.0005227020592428,-0.0026804488152265,-0.0100254509598016
0.0184759031981229,-0.0118397064507007,-0.0065795672126114,0.0099703827872872,-0.0065286331810057
0.1051386594772338,0.0094271013513207,0.0180161036550998,0.0004003289504908,0.0076018124818801
-0.0744461119174957,0.0152286356315016,0.0114358337596058,0.003657529130578,-0.0002993104571942
0.1094355508685112,-0.007889493368566,-0.0044665453024208,-0.0023675020784139,-0.0366237685084342
-0.1299427449703216,0.0189388766884803,-0.0041716378182172,-0.0060405768454074,0.0019949027337133
0.0588288754224777,0.0012688662391155,-0.001390638644807,-0.0045369574800133,-0.0066097374074161
0.0107490671798586,-0.0086005311459302,-0.0002126170002156,0.0034622065722942,-0.0008684864151291
-0.01445590890944,0.0150414239615201,0.001371152116917,0.0011314811417832,-0.0014632819220423
-0.111573114991188,0.0484081581234931,-0.0084622362628579,0.0102326609194278,0.0140846604481339
0.2099720239639282,-0.0132210366427898,0.0298299472779035,-6.134640716481954e-05,0.0134404459968209
0.1324477940797805,0.0086157945916056,-0.0159828029572963,-0.0103402817621827,0.0002097250107908
0.0329707972705364,-0.0276559181511402,0.009805466979742,-0.0272645875811576,-0.0210682153701782
-0.1614252030849456,0.0128967985510826,0.0028650367166846,0.0045677409507334,0.0029976568184792
-0.0245462283492088,0.0053573586046695,-0.0134853441268205,0.0133043257519602,0.0166168864816427
0.0658685341477394,0.0049447701312601,-0.0003591380373109,0.0154324946925044,-0.0037642025854438
-0.1212451010942459,0.0072472235187888,0.0022896002046763,-0.0048921457491815,-0.0034677328076213
0.089121825993061,-0.0058758375234901,0.018228018656373,-0.0070382985286414,-0.0134266577661037
0.1418279111385345,-0.00628492096439,-0.0006108405650593,0.0133197903633117,-0.0048421672545373
0.0234108120203018,0.0138924764469265,-0.027559382840991,0.0051942197605967,-0.0113275004550814
0.1450433433055877,-0.0261982791125774,0.0073232944123446,-0.0014465468702837,0.0069050719030201
-0.0104645462706685,0.0087284343317151,0.0157574620097875,-0.0129161942750215,0.0008263333584181
-0.1404079496860504,0.04053271189332,0.0047344197519123,-0.0030612701084464,-0.002918794285506
0.0097738178446888,-0.0099090076982975,0.0127803822979331,-0.0043790484778583,0.0110980821773409
0.0876557007431984,0.0104900263249874,-0.0171136353164911,0.0013679532567039,0.0082338564097881
-0.1100100427865982,-0.0273452810943126,-0.0037321443669497,0.0043941936455667,-0.0057945186272263
-0.0044553126208484,0.0154244815930724,-0.0017124074511229,0.0050962730310857,0.001029479666613
-0.0659395158290863,0.0269521959125995,-0.0301989614963531,-0.0028808340430259,0.0039637144654989
-0.1106516420841217,0.0069487290456891,-0.0155972009524703,0.0066224043257534,0.0022173500619828
-0.0100562879815697,0.0009174066362902,-0.0097034955397248,0.0132981361821293,0.0033591436222195
0.090497188270092,-0.0016962348017841,0.0081416899338364,-0.0106062898412346,-0.0038721105083823
-0.0708554089069366,0.0144077874720096,-0.0088959019631147,-0.0022436261642724,0.0181655548512935
-0.0018159139435738,-0.0061590406112372,-0.0146592147648334,-0.0120502710342407,-0.0013660013210028
-0.0338792279362678,-0.0048603080213069,-0.0001625494769541,0.0027644576039165,0.006204015109688
0.0485421791672706,-0.0378103107213974,-0.0132144140079617,0.0065865600481629,0.0130939232185482
-0.0813454166054725,0.0018928517820313,-0.0100633576512336,0.0088884672150015,-0.0113950837403535
-0.019120268523693,-0.0044108694419264,-0.0001667418109718,-0.001681535388343,-0.0019844407215714
-0.0866906717419624,0.0294524747878313,0.0102425506338477,-0.0016445734072476,0.011097221635282
0.1359845995903015,0.0170517936348915,-0.008072636090219,-0.0005474971840158,-0.003366129938513
-0.0719624534249305,-0.0144051201641559,0.0023272912949323,0.0002699967881198,-0.0029384121298789
0.0410049930214881,0.010128078982234,0.0153008066117763,0.0121279889717698,0.0150785204023122
-0.1373187899589538,0.0045233997516334,0.0083339987322688,0.0038939325604587,-0.0011015048949047
-0.0694888606667518,0.0429527051746845,0.0010777877178043,0.0126348584890365,0.0049470965750515
-0.0366631336510181,0.0003218536439817,0.0027798474766314,0.0092279352247715,0.0091926967725157
-0.0080450251698493,0.0099931145086884,-0.0101221390068531,0.0078342398628592,-0.0286598242819309
0.035565085709095,-0.0049329362809658,-0.0016859124880284,-0.0054811341688036,0.0068703857250511
0.0183880683034658,0.0149040250107645,0.0012569066602736,0.0017555662197992,-0.011602877639234
-0.0496129542589187,0.0066546979360282,-0.0126224085688591,-0.0065305079333484,-0.012840055860579
0.0038164497818797,0.0018679382046684,-0.0021461374126374,-0.002618157537654,-0.009182627312839
-0.0838873907923698,0.0248472318053245,0.0024770130403339,0.0061053899116814,0.0187638401985168
-0.143140360713005,0.0056042061187326,0.0176160056143999,0.0072524305433034,-0.0123192286118865
-0.0102838603779673,0.0134496018290519,-0.0223829876631498,0.016444681212306,0.0128353452309966
-0.0083481268957257,0.0119012240320444,-0.0078388368710875,0.0107916519045829,-0.0209827944636344
0.0685423538088798,-0.0021986700594425,-0.0046342872083187,0.0180662497878074,-0.0075916829518973
-0.4497998356819153,0.0096385842189192,-0.0010789256775751,0.0134754749014973,0.0043509691022336
-0.1104315370321273,0.0197623148560524,-0.0148449698463082,-0.00559643516317,-0.0059621469117701
-0.0601790249347686,0.005446680355817,-0.0131571386009454,0.0013392596738412,0.0130557660013437
-0.0656856968998909,0.0203889664262533,0.0047747516073286,0.0029210241045802,0.0007342986064031
-0.0728003531694412,0.0046563884243369,0.0123639265075325,-0.0054123569279909,0.0137404771521687
0.0090784365311265,-0.002640648977831,0.008811205625534,-0.0003812075301539,-0.0186604894697666
-0.0347961336374282,0.0099992239847779,-0.0136329140514135,-0.0009568340610712,0.0131847485899925
-0.0316716060042381,0.0082182623445987,-0.0030016859527677,-0.0124574173241853,0.0124153522774577
0.0373272225260734,0.0056000845506787,-0.0082113817334175,-0.015801602974534,-0.0120864287018775
0.0081999264657497,-0.0048398654907941,0.0026969821192324,0.0057849516160786,0.0158222317695617
0.0073766806162893,-0.0038173256907612,-0.0011842930689454,0.0203568451106548,-0.0365747958421707
0.0413444191217422,-0.0004848294483963,0.0010053821606561,-0.0083357533439993,-0.0024005598388612
-0.0813663974404335,0.0206006485968828,-0.0005921248230151,0.0057694506831467,0.0171499643474817
-0.1332079768180847,0.0255415309220552,-0.0097716879099607,0.003437821753323,0.0113099282607436
0.1331414878368377,-0.0220136567950248,-0.0028004650957882,-0.0169570129364728,-0.0079472316429018
0.0179063491523265,-0.0104870442301034,-0.0106919417157769,0.011117935180664,0.005756577476859
0.0335344038903713,-0.0015367395244538,0.0080043701454997,-0.0024632427375763,0.0023524409625679
0.1257557421922683,-0.0081803249195218,0.0024271358270198,0.0122722778469324,-0.0118966866284608
-0.1151684522628784,0.0083430018275976,-0.0187229439616203,0.0191091578453779,-0.0197562165558338
-0.0044935019686818,0.0141955856233835,-0.0052221864461898,-0.0102337589487433,0.0123086357489228
-0.0524663850665092,-0.0157753843814134,-0.0081407791003584,-0.0064871241338551,-0.0098914494737982
0.1730693578720092,-0.00895691011101,0.0053889295086264,-0.0148267075419425,-0.0177909862250089
0.0045181680470705,0.0042547709308564,0.0120246121659874,0.0075803063809871,-0.0077970311976969
-0.0032346448861062,-0.0128223123028874,-0.0311079863458871,0.0131974248215556,-0.0127578359097242
0.2059185653924942,-0.009862957522273,-0.0024745445698499,-0.0050305877812206,-0.0098206624388694
-0.0681943371891975,0.0095806727185845,-0.0007482050568796,-0.0037879566662013,0.0020884836558252
0.0216411985456943,0.0053074131719768,0.0109879625961184,-0.0254905559122562,0.0023122611455619
0.027682676911354,0.001608615508303,0.0144331920892,0.0026867764536291,-0.0035481441300362
-0.0083112278953194,0.0037849231157451,-0.0044702719897031,-0.0060024573467671,-0.0034081761259585
-0.0073776245117187,0.0080916481092572,-0.0062413155101239,-0.0076962593011558,0.0133796092122793
0.0808524191379547,-0.0158556252717971,-0.0053961710073053,-0.0131372343748807,-0.005667780060321
-0.0740255340933799,-0.0067389872856438,0.0135803669691085,0.0015193721046671,-0.0053721331059932
-0.1279541850090026,0.0146762235090136,-0.0099517982453107,-0.0071937600150704,0.0110262380912899
0.2288714498281479,-0.0091987662017345,0.0023127768654376,-0.0083821024745702,-0.0085472203791141
-0.0550598017871379,0.0009344381978735,0.0020459617953747,-0.0055310088209807,-0.0036367371212691
0.0319537743926048,-0.0087472619488835,-0.015660285949707,-0.0027351039461791,-0.0070311059243977
-0.0058162184432148,-0.0096713537350296,-0.0228459630161523,0.0054054334759712,-0.0139989890158176
0.0038011821452528,0.0027747054118663,0.0031748549081385,-0.0078696953132748,-0.0072622904554009
0.0442098379135131,0.0002556370745878,-0.024378977715969,-0.0049527860246598,-0.012105606496334
0.0734730213880539,0.0097357016056776,0.0104861799627542,-0.0098062735050916,-0.0011404484976083
0.0613658502697944,-0.01352777518332,0.0304290819913148,0.0011654099216684,0.0050050024874508
-0.050232209265232,-0.0062491665594279,-0.018743535503745,-0.0117873605340719,0.0037817719858139
0.0711545199155807,0.0049900487065315,-0.0137653332203626,-0.0131357638165354,0.0314677432179451
0.1002416610717773,-0.0222695134580135,0.0047679152339696,0.0050091752782464,-0.0047484468668699
-0.0517766512930393,-0.0001560603559482,-0.0017239481676369,0.0054136300459504,0.0114135611802339
0.0063771228305995,-0.0033617636654525,0.0032668891362845,-6.935655255801976e-05,0.0131613342091441
-0.1002282947301864,0.0055927764624357,-0.0018945083720609,-0.0054719140753149,0.0104448571801185
0.0642527416348457,0.0142719037830829,0.0040961159393191,-0.0030905141029506,0.0119297672063112
-0.0146565157920122,-0.0087596820667386,-0.0193631518632173,0.0063094533979892,0.0210648588836193
-0.1144891232252121,0.0043558334000408,0.0006001745932735,0.0051798983477056,0.004666406661272
0.0516362860798835,-0.0030233769211918,1.1541450476215688e-05,-0.0140999695286154,0.0036602972541004
-0.0152806797996163,0.0107463952153921,-0.0023728006053715,-0.0018029194325208,0.0047861565835773
-0.1359401792287826,-0.0023003288079053,-0.0027938806451857,-0.0112117864191532,0.001700680470094
0.011642562225461,0.00726198265329,-0.0122382389381527,0.0128195732831954,-0.0125850373879075
0.027449132874608,0.001878471346572,-0.0030549152288585,-0.0112068830057978,0.0066497549414634
0.033264122903347,-0.0041460110805928,-0.0137622505426406,-0.0078038778156042,-0.0162215866148471
0.0831580981612205,-0.0163917336612939,0.0050552831962704,-0.0039537101984024,0.0008923906134441
-0.0870712324976921,-0.0056991982273757,0.0065322266891598,-0.001443879911676,0.0023985661100596
0.0251806136220693,-0.0099389404058456,-0.0003933749685529,0.006770453415811,0.0086711030453443
0.0243390910327434,0.0236342102289199,-0.024467846378684,-0.0040286448784172,-0.0127835106104612
-0.1706476062536239,0.0436752997338771,-0.0053406977094709,-0.0018139438470825,-0.0062181684188544
0.1245557144284248,-0.0191907603293657,-0.0041729481890797,-0.006564955227077,-0.0118732592090964
0.1201972663402557,-0.0270017702132463,0.0116413943469524,0.0036144042387604,-0.0182987917214632
-0.29881551861763,0.0126461684703826,-0.0035671999212354,0.0227520577609539,-0.0038145463913679
-0.034827347844839,-0.0066613657400012,-0.01205381937325,0.0071658152155578,-0.022377735003829
-0.083088494837284,0.0156507082283496,-0.0057985051535069,0.0296276360750198,0.0046306839212775
-0.0376839861273765,0.0148458639159798,0.0018753918120637,0.0013738378183916,-0.0060124555602669
0.1804724186658859,-0.0041350480169057,0.0069024143740534,0.0018647165270522,-0.0085608242079615
-0.0416356362402439,-0.0031133715528994,0.0082638058811426,-0.0122576272115111,-0.0174986198544502
0.0140107534825801,0.0008602197631262,-0.0078194011002779,-0.0047397525049746,0.0063996147364377
-0.0625167042016983,0.0316043645143508,-0.0082937171682715,-0.0181021746248006,-0.0034463761840015
0.2503823637962341,-0.0246384162455797,-0.021495496854186,0.0015107005601748,-0.0043991757556796
-0.077031061053276,0.0233504083007574,-0.0028098535258322,0.0034936633892357,0.0017999832052737
-0.249079629778862,0.0128375478088855,0.0174579117447137,0.0062832222320139,0.0056786877103149
-0.020640293136239,-0.0079629411920905,-0.0198155120015144,0.00199043052271,0.0013709138147532
-0.0618288479745388,-1.7070991589207551e-06,0.0382731743156909,-0.0061350725591182,0.019681841135025
0.0102699613198637,0.0201283674687147,-0.0236947815865278,-0.0170193463563919,-0.008892829529941
0.0811235755681991,-0.0183806326240301,0.0049680657684803,-0.0064766751602292,0.0047444705851376
0.030911598354578,0.0184537339955568,0.0151049252599477,-0.0077013266272842,0.0112572787329554
0.0205795280635356,0.0063426261767745,-0.0030023665167391,-0.0044437954202294,-0.001993884332478
-0.0826948136091232,0.0099947210401296,-0.0010027601383626,-0.0062613845802843,-0.0075195599347352
0.0900415480136871,0.0076325507834553,-0.0020708369556814,-0.0161714777350425,-0.0056282812729477
0.0135868806391954,-0.0046125585213303,0.0051839919760823,0.0026257899589836,-0.0046357084065675
0.0289980415254831,0.0008829123107716,-0.0073977336287498,-0.0023953304626047,-0.0095070991665124
-0.1222114264965057,0.0011150097707286,-0.0017083755228668,0.0136147588491439,-0.0037472615949809
-0.084240585565567,-0.0134700695052742,-0.0057226344943046,0.0071977144107222,0.0040677860379219
-0.0658770948648452,-0.006270432844758,-0.0157447811216115,0.0021262054797261,0.0013599963858723
-0.1785776019096374,0.0094453878700733,-0.0051334253512322,-0.0129587417468428,0.0029640803113579
-0.0303712747991085,0.0152409616857767,0.0025385785847902,-0.0086350897327065,-0.0040239784866571
0.2142230421304702,-0.0124624948948621,-0.0008102016290649,0.0029931392055004,-0.0070795756764709
-0.0051543908193707,-0.0096871023997664,-0.0021910050418227,-0.0052846097387373,-0.0077016111463308
-0.0523042380809783,0.0019504729425534,-0.0030910819768905,-0.0056446646340191,-0.0006973599665798
0.0327211208641529,-0.0045579657889902,-0.007554346229881,0.008418115787208,-0.0096307676285505
-0.0227297432720661,0.0044033583253622,0.0029871007427573,-0.0044068056158721,-0.0023857641499489
-0.1417306214570999,0.0260105524212121,-0.0097092185169458,0.013142667710781,-0.0108131086453795
0.0124295698478817,0.0060059111565351,0.0127949519082903,0.0020277136936783,-0.0145875355228781
-0.0124593116343021,-0.0004476634203456,0.0076645095832645,0.0060998243279755,0.0111457789316773
0.0156844463199377,0.010036589577794,0.0109049472957849,0.0027194656431674,-0.0047388896346092
-0.0047333859838545,-4.522466770140454e-05,-0.0003313656779937,-0.0040355576202273,0.0061866394244134
-0.0151983089745044,-0.0296545587480068,0.0041816323064267,-0.0051017077639698,0.0146449962630867
0.231264054775238,-0.0070921503938734,0.0080569051206111,0.0040571079589426,0.0098435273393988
-0.0658645927906036,0.0120207984000444,-0.0014830697327852,0.0038197338581085,-0.0097375810146331
0.0079350490123033,0.0021031086798757,0.0011914942879229,-0.0007705072057433,0.0012492417590692
0.0014682100154459,-0.0079208090901374,-0.0120564280077815,-0.0222182404249906,0.0041891019791364
-0.0126111498102545,0.0025200014933943,-0.0143765481188893,-0.0025246031582355,0.0166127551347017
0.0051357597112655,0.0017242062604054,-0.0204606018960475,-0.0013219508109614,0.0050190272741019
0.014798835851252,-0.0042596086859703,0.0043760780245065,-0.0049654417671263,-0.011600106023252
0.118987999856472,-0.0250549707561731,0.0155573366209864,-0.0167260840535163,0.007340807467699
0.1043521538376808,-0.0012215705355629,-0.0051397876814007,-0.003324564313516,0.0049795433878898
0.0413209125399589,-0.0090307556092739,0.0038489741273224,-0.0278286300599575,-0.0078982328996062
-0.0019241888076066,0.0091020604595541,0.009798189625144,-0.0023973307106643,-0.0005059415707364
0.0494731850922107,-0.0055874930694699,-0.0054039927199482,0.0043215141631662,-0.0118154911324381
0.0603064149618148,-0.0046532610431313,-0.0051543428562581,0.0037154199089854,-0.0115670692175626
0.0352936871349811,0.0043689967133104,0.0174224972724914,0.0005371922743506,0.0099773062393069
-0.0808612555265426,0.0165474452078342,-0.0011482607806101,-0.0003795212542172,-0.0080305598676204
-0.0330108925700187,0.0006961468607187,0.0078521873801946,-0.0235565025359392,-0.0080267693847417
0.0679607167840004,-0.029592340812087,0.0167694892734289,0.0044364766217768,0.0050344681367278
-0.03055283986032,-0.016800032928586,-0.0254781059920787,0.0086555900052189,-0.0008521644049324
0.0745335891842842,-0.0058991662226617,0.0227108784019947,0.0079225171357393,-0.0004811677790712
0.0694005861878395,0.0261011999100446,-0.0188061147928237,-0.0030953376553952,0.0006202788208611
0.0344163365662097,-0.0045305071398615,0.0229047648608684,0.0010215786751359,0.0076038092374801
-0.0858305022120475,0.014750787988305,0.0061303963884711,0.0016422064509242,-0.0104827350005507
0.0267034769058227,-0.0225575342774391,-0.016593150794506,-0.0078227519989013,-0.0050349785014986
0.0163853075355291,-0.0399039573967456,-0.0084060793742537,0.0052550034597516,0.0048679090104997
0.0049689249135553,-0.0138327945023775,-0.0129093881696462,-0.0084060262888669,-0.0025204753037542
0.0541365481913089,-0.0165671557188034,0.0120050096884369,-0.0066699618473649,-0.0089952461421489
0.0314971394836902,-0.0140402959659695,-0.0047063576057553,-0.0293382443487644,0.0049938010051846
0.0654390230774879,-0.0096076801419258,0.0127060338854789,-0.0114561356604099,-0.0087416796013712
-0.044355109333992,0.0076674418523907,-0.0002289157710038,0.0094048371538519,0.0098648043349385
0.0621657744050025,-0.004264491610229,-0.0045349081046879,-0.0027995121199637,0.0096280304715037
0.0085841799154877,0.019290167838335,-0.0123627055436372,-0.0047093178145587,0.0102596664801239
0.0079563874751329,-0.0034193997271358,0.0043627908453345,0.0059679988771677,-0.0034590968862175
0.0086531853303313,0.0175570845603942,0.0048757889308035,-0.0041879992932081,-0.0033611538819968
-0.0107613317668437,-0.0258055888116359,0.0007087555713951,-8.913590863812715e-05,0.0049994909204542
-0.0069738151505589,0.0258212760090827,0.0108900889754295,0.0044518979266285,-0.0006788992322981
0.0025262706913053,0.0149914743378758,-0.0031123135704547,0.0030831114854663,0.0038696927949786
0.0463658086955547,-0.0142530910670757,-0.0028250587638467,-0.0036439385730773,-0.0004256123793311
0.0364872850477695,-0.0095201265066862,0.0009067797218449,-0.0049754399806261,0.0137456441298127
0.0684513971209526,0.0152177372947335,-0.0070022428408265,0.01217174064368,0.0223011560738086
0.0927648544311523,-0.0106746107339859,0.0023711817339062,-0.0015160493785515,-0.0023897860664874
0.0709735453128814,0.0153339514508843,0.0187694206833839,0.0009722027461975,-0.0027241455391049
0.0175703149288892,-0.0212199240922927,-0.0065099843777716,-0.0112919537350535,0.0016171101015061
0.0349573977291584,0.0149467540904879,-0.0118449563160538,-0.0019918237812817,0.0009226857800967
-0.0198765415698289,-0.0110823446884751,0.0005719530745409,-0.0037399330176413,-0.0075798113830387
-0.0674789473414421,-0.0029743611812591,-0.0295774936676025,0.0014458255609497,-0.0120205432176589
0.0332164242863655,-0.0085094925016164,-0.0072210081852972,-0.0059457281604409,0.0061468677595257
-0.0418437048792839,-0.0040175137110054,-0.0012268242426216,-0.0046782330609858,-0.0002319619234185
-0.158026248216629,0.0067742909304797,-0.0050446870736777,0.0021747360005974,-0.01374495588243
0.0226537324488163,0.0106310313567519,-0.0051630162633955,-0.0056452513672411,0.001424282672815
0.1711708009243011,-0.0192755740135908,0.0160865727812051,0.0102147031575441,-0.0010612957412377
0.0460086837410926,-0.0166219398379325,0.0121484231203794,0.0032602804712951,0.0037485072389245
0.0319493226706981,-0.0164652578532695,0.0003998576430603,0.0081113604828715,-0.0042858072556555
0.0821441709995269,0.002737236674875,0.0091121857985854,-0.0027212561108171,-0.0077093676663935
0.0415903106331825,0.0263444799929857,-0.0018287150887772,0.0064241914078593,0.0088619785383343
-0.0338696725666523,0.0145084075629711,0.0008130965870805,0.0092723509296774,-0.0021228103432804
0.0894583314657211,-0.0185510385781526,0.0039115264080464,0.0055965678766369,0.0080314232036471
-0.0392422154545784,-0.0039573446847498,-0.0034701959230005,0.0044347229413688,-0.004099812824279
0.0367342643439769,0.003815526375547,-0.0300816427916288,-0.0116133885458111,0.0023815585300326
-0.0356246680021286,0.0306298360228538,-0.0141699006780982,-0.0055576059967279,-0.0026676247362047
0.0310342255979776,0.011954334564507,0.01296959631145,-0.0020024925470352,0.012065140530467
-0.0733873546123504,-0.0129038421437144,0.0049235648475587,-0.0244279354810714,0.015965161845088
0.0147512452676892,0.0001034039596561,0.014261326752603,0.0063880630768835,0.0053395787253975
0.0630220547318458,-0.0066814078018069,-0.005214734468609,-0.0005717609310522,0.0059903217479586
0.0637351647019386,-0.0043873600661754,0.0006160183111205,-0.0004500352661125,0.0082081547006964
0.0170378535985946,-0.0124735850840806,0.009191901423037,-0.0008799257338978,-0.0011353448498994
-0.010010308586061,0.0003303220146335,-0.0080446237698197,-0.0055609471164643,-0.002507982077077
-0.0247898790985345,0.0385093949735164,0.001620891620405,-0.0064517799764871,0.0112034678459167
0.0412367060780525,-0.0382538624107837,0.0046606864780187,0.004610770381987,-0.0122549952939152
0.0614362023770809,-0.0090940315276384,0.0014975902158766,-0.0038386029191315,-0.0045955306850373
-0.0331079214811325,-0.0012209528358653,-0.0183169320225715,-0.0002300014602951,-0.0067206840030848
-0.0442573800683021,-0.0018479578429833,-0.0051316823810338,-0.0054458174854516,0.0093539198860526
-0.0242847371846437,-0.0029035788029432,0.0008802922675386,-0.0097555099055171,0.0096390778198838
0.0659702122211456,-0.0049519343301653,-0.000175815730472,-0.0035571060143411,0.0010376323480159
-0.0404392443597316,-0.0069597456604242,-0.0005379419890232,0.0048538702540099,-0.0144742392003536
-0.0390111953020095,-0.003505851374939,-0.0092551810666918,0.0023564009461551,0.0122555727139115
0.0143154934048652,0.0316785685718059,-0.0127089722082018,0.0004964077379554,0.0199632868170738
0.04373774304986,-0.0026426573749631,-0.0043022404424846,-0.0003743470297195,-0.0091371499001979
0.0007589565939269,-0.0056376275606453,0.0026620491407811,0.0077469577081501,-0.0150399338454008
0.0182362124323844,0.002005573362112,0.007200242485851,0.0073321354575455,-0.0131322955712676
0.0033186273649334,0.0049043418839573,0.0037398166023194,-0.010879872366786,0.0085737649351358
0.0587538331747055,0.0069478531368076,0.0001666448079049,-0.0199118871241807,0.0108719561249017
-0.0243704039603471,0.0217287261039018,0.0177461914718151,0.0058508561924099,-0.0093120653182268
0.0844238549470901,-0.0156207727268338,0.0035283202305436,0.0075887981802225,-0.0074679646641016
0.0208120886236429,0.0148593075573444,0.0041208555921912,-0.0040382319130003,0.0012797317467629
-0.0210415311157703,-0.0057654976844787,-0.005701114423573,-0.0093526476994156,0.0044826338998973
-0.0301897376775741,0.0125959841534495,0.0078173708170652,0.0156839471310377,0.0023356154561042
0.0792081505060195,0.0007216674275696,0.0090251453220844,-0.0035504940897226,0.0032936045899987
0.0707918852567672,0.000953905924689,-0.0017091082409024,0.0122248521074652,0.0086253974586725
-0.0082347244024276,-0.0221658758819103,0.0101354317739605,0.0021943440660834,-0.0046637989580631
0.0213488899171352,0.0123731140047311,0.0204777289181947,0.0009930449305102,0.0135603370144963
0.1854048818349838,-0.0225297696888446,-0.0096287373453378,-0.0043224245309829,0.0145196681842207
-0.0227907188236713,-0.011734751984477,0.0042093941010534,0.0074626328423619,-0.0028185471892356
-0.0957116112112999,-0.0160426199436187,-0.0105302892625331,-0.0136448917910456,-0.0256515461951494
0.0244094431400299,-0.0074039790779352,-0.0049644950777292,0.0028053876012563,0.0037481654435396
0.0152148362249135,0.0046675773337483,-0.0080441804602742,0.0017474949127063,-0.00925715547055
0.2023457586765289,-0.0140304658561944,-0.0012201440986245,0.0068255681544542,0.0025364889297634
0.0081965075805783,-0.0161839500069618,-0.0154942171648144,0.0090442476794123,0.0005169369396753
0.1790616959333419,-0.0166411940008401,-0.005299471784383,-0.015886990353465,-0.0046247327700257
0.0666802674531936,-0.0168779212981462,0.0094266831874847,0.000550631491933,-0.0136232059448957
0.0278856083750724,-0.0033158126752823,0.0027693528681993,0.0004765742050949,1.9108889318886213e-05
-0.1166233271360397,-0.0082175768911838,-0.0135667342692613,0.0027697067707777,-0.0004569334269035
0.142195925116539,-0.0189392175525426,-0.0181327853351831,-0.0225477553904056,0.0001984048285521
-0.0705305859446525,0.0087675023823976,0.0092493565753102,-0.0059850388206541,-0.0271955728530883
0.2821917831897735,0.0282024908810853,0.0206850823014974,-0.0065817767754197,-0.0059755966067314
0.1073693111538887,-0.0348157025873661,0.0017564113950356,-0.0096876574680209,0.0096816355362534
0.0439517572522163,-0.0231335181742906,-0.0169415324926376,-0.0083799650892615,-0.0149941472336649
0.1157140061259269,-0.0014588782796636,-0.0028009163215756,-0.0003492896794341,0.0062261610291898
-0.0436055548489093,0.0093162497505545,0.0149860410019755,-0.0075158709660172,0.0061621787026524
-0.2049625217914581,0.0070640766061842,-0.0070705097168684,0.0074567846022546,0.0012239679927006
0.2569566071033478,-0.0127579169347882,-0.0054983925074338,0.00134961202275,-0.0084280464798212
0.0223405770957469,-0.0160888247191905,0.0173980519175529,0.0008938580285757,-0.0076900082640349
-0.0625724121928215,0.0236539524048566,0.029043598100543,0.0035533860791474,0.0140843046829104
0.0041195484809577,0.0403255522251129,0.0014098273823037,-0.0255389492958784,-0.0152151705697178
0.2802979052066803,-0.0046985349617898,-0.0043047717772424,-0.0008320671040564,-0.0096495831385254
0.0240372456610202,-0.0113456407561898,-0.0015405140584334,-0.0179632194340229,0.0132490070536732
0.0545477755367755,0.0041993600316345,0.0104974713176488,-0.0073049119673669,-0.0074403816834092
0.0874399691820144,-0.0128967631608247,0.004476957488805,-0.0045799319632351,0.0017018665093928
0.0339287817478179,-0.0060222945176064,0.0054932669736444,0.01814323104918,-0.0053855176083743
0.1186909303069114,-0.0138488160446286,-0.0021489097271114,0.0065524047240614,-0.0017068783054128
0.3245482146739959,-0.007325944956392,0.0164950396865606,0.0138147352263331,0.032904528081417
-0.0079604741185903,0.0146904522553086,-0.0027846507728099,-0.004463770892471,0.0048905708827078
0.0178857780992984,0.0069833626039326,0.003888216568157,-0.0167930908501148,0.0017808876000344
-0.0084420405328273,-0.0106400167569518,-0.0078665167093276,-0.000932773516979,0.0009121256880462
-0.0124351140111684,0.00242589879781,0.0092962393537163,0.0085305757820606,0.0116158295422792
-0.0015632588183507,0.0201364066451787,0.0087562426924705,-0.0009011186193674,0.0033294474706053
-0.0032757981680333,0.0258311983197927,0.001488345558755,-0.0151203945279121,-0.0014835691545158
0.0037601899821311,-0.0283383335918188,0.0087912827730178,-0.0015704140532761,-0.0049863406457006
-0.0321670621633529,-0.0107834674417972,-0.008596840314567,-7.564562110928819e-05,-0.0002149562060367
0.0685351192951202,-0.0017460235394537,-0.0013296148972585,0.0019869918469339,-0.0045779286883771
0.1077282056212425,-0.0104466592893004,-0.0184095837175846,-0.0007113112369552,0.0078247543424367
0.142195925116539,-0.0189392175525426,-0.0181327853351831,-0.0225477553904056,0.0001984048285521
0.0545079074800014,-0.0135298315435647,0.0014833083841949,0.0073893731459975,0.0050842273049056
0.3697103261947632,0.0108656212687492,0.0046473899856209,0.0060947639867663,-0.0210778564214706
-0.0872017443180084,0.00659902067855,-0.0241812709718942,0.0004704767488874,0.0030675493180751
0.4258679151535034,-0.0137171056121587,-0.0011526640737429,-0.0050952634774148,-0.0017236981075257
-0.0389587022364139,-0.009936842136085,-0.0119597166776657,0.0080333072692155,-0.00572678912431
-0.1475405246019363,0.0284277405589818,-0.0050157029181718,0.0009679333306849,-0.004530101083219
0.0043281381949782,0.025916988030076,-0.0018694280879572,-0.0014193609822541,0.0081126289442181
0.0122151030227541,0.0125971492379903,-0.0029522695112973,0.0068803108297288,-0.0012033518869429
0.0417249239981174,0.0022794364485889,-0.0092108268290758,0.0046570524573326,-0.0140810096636414
0.1255403757095337,0.0040413872338831,0.005420422181487,0.0054474556818604,-0.0036865265574306
0.009191945195198,-0.0245688166469335,0.0064040697179734,0.0004852992715314,-0.0072640273720026
0.0709563568234443,0.0104706846177577,0.0157304983586072,0.0062114517204463,-0.0099143255501985
-0.0329319350421428,0.0252448879182338,-0.0022986638359725,0.0123551664873957,0.0008531092316843
0.3576369881629944,-0.0153839224949479,-0.0075578805990517,-0.007474286481738,-0.0083440849557518
0.0160131081938743,-0.0205088090151548,0.0049952920526266,0.000881680403836,-0.0079611185938119
-0.0237905737012624,0.0155497444793581,-0.0016316873952746,0.0128103140741586,0.0164581537246704
-0.1751835793256759,0.01310620829463,-0.040764570236206,-0.0032717571593821,-0.0018773783231154
0.0512336194515228,0.0003680814115796,0.0061593023128807,-0.0006783357239328,0.0127934506163001
0.0426363423466682,-0.0111283659934997,-0.0090904431417584,0.0003072159015573,0.003701728535816
0.0387416593730449,-0.0276675708591938,-0.0036565056070685,-0.0045026522129774,0.0026091265026479
-0.0896128267049789,0.0096154920756816,-0.0090437643229961,-0.0217012036591768,-0.0059569873847067
-0.0373641215264797,-0.0176187064498662,-0.0046451487578451,-0.0057786763645708,0.0045139240100979
0.0509022809565067,-0.0122090987861156,-0.0022881266195327,0.00918560475111,0.0024037077091634
0.3696909248828888,0.0064290608279407,-0.0006310022436082,-0.0017798994667828,-0.0214109718799591
0.0588742606341838,0.0049792435020208,-0.0078195109963417,0.0128263188526034,0.0029504047706723
-0.1176566183567047,-0.0426648072898387,-0.0076238089241087,0.0197260361164808,0.0168791115283966
0.0530307479202747,-0.0295328609645366,-0.0018613380379974,-0.0095012504607439,0.00566729856655
-0.1018159314990043,0.0222868435084819,0.0068459450267255,0.0141540672630071,0.0041955620981752
0.0441843792796134,-0.0247275233268737,0.0054316245950758,0.0020683617331087,0.0006370352930389
0.1847296506166458,-0.0009793270146474,-9.009765926748514e-05,0.0002211718820035,0.0065135657787323
-0.0491254925727844,0.0144013557583093,0.0017609061906114,0.0108707966282963,0.0033901890274137
0.0342150889337062,-0.0265905577689409,-0.0051330928690731,0.0230217464268207,0.0122737782076001
-0.0351705178618431,0.0050599141977727,0.0045122005976736,0.0111676240339875,-0.0394468680024147
-0.0073166070505976,0.0197057239711284,-0.0030951246153563,-0.0081621743738651,-0.0094399228692054
-0.1747422218322754,0.0104016214609146,-0.0013836121652275,0.0006253108731471,0.0015892366645857
0.0716886520385742,0.0059513100422918,0.0240257550030946,0.0105320774018764,-0.001556800212711
-0.0516824759542942,0.0126248439773917,-0.0018939083674922,-0.0013980824733152,0.019245970994234
0.0057923537679016,0.0172647554427385,-0.0172819588333368,-0.0066451928578317,-0.0018478302517905
-0.1330168843269348,0.007831560447812,-0.0011417996138334,0.000905122491531,-0.0060754609294235
0.3697103261947632,0.0108656212687492,0.0046473899856209,0.0060947639867663,-0.0210778564214706
-0.0196170564740896,0.0381417609751224,-0.007669058162719,0.0049479720182716,0.0051804189570248
0.046697948127985,-0.0116926990449428,-0.001091047655791,-0.0120837800204753,0.000338443001965
-0.0477115884423255,0.0414616353809833,0.0054477895610034,0.0112926131114363,-0.0342915430665016
-0.1105555593967437,-0.0272346138954162,-0.0020170488860458,-0.0033729849383234,-0.0028194598853588
0.1377188861370086,-0.0120399575680494,-0.0030631406698375,-0.0161389019340276,0.0006409864290617
-0.0500262640416622,0.0243704542517662,0.0095556201413273,0.0093356305733323,-0.0046998839825391
-0.0381258949637413,0.0322610065340995,0.0169918872416019,0.0110506583005189,-0.0001578172377776
0.0243368353694677,-0.0376787520945072,0.0130718937143683,0.0231432728469371,-0.0209210161119699
0.0344483815133571,-0.0271406415849924,-0.0023368273396044,-0.0063787121325731,-0.0059778438881039
0.1415229737758636,0.0175556167960166,0.0348237827420234,-0.0079264072701334,-0.006586774252355
-0.0005295525770634,0.0366570353507995,0.0059576365165412,0.00671291584149,0.0006167606334201
-0.1096236333250999,-0.0196454022079706,-0.0304324924945831,0.0088191758841276,0.0093420231714844
0.001885715755634,0.0054195350967347,0.0067396969534456,-0.0030018356628715,0.0151387145742774
0.3627584874629974,-0.0139663815498352,0.0027718532364815,-0.0043286732397973,-0.0131785795092582
0.0585581883788108,-0.0343783721327781,0.0096536120399832,-0.0123695423826575,-0.0193960927426815
0.0832583904266357,0.0133142303675413,0.0133731821551918,-0.0086014252156019,-0.0103288739919662
0.0523410886526107,-0.0083052702248096,0.0006092261755838,0.0038315330166369,-0.0115849692374467
0.0941292271018028,0.0063617173582315,0.0136798787862062,0.0022691613994538,0.0025700924452394
-0.0788152441382408,0.0371228866279125,-0.0077966749668121,0.006344717927277,0.0007682215655222
0.0838100165128707,0.0180556792765855,-0.0092692142352461,0.0050949328579008,-0.0100030284374952
0.0045940661802887,0.0023760211188346,0.0156202474609017,0.0042398599907755,0.0124675435945391
-0.1749424636363983,-0.0117050977423787,-0.0211678501218557,-0.0136850271373987,0.0027294433675706
-0.053617849946022,-0.0128107341006398,-0.0296046771109104,-0.0068917688913643,-0.0067305392585694
-0.0084977056831121,-0.0034384750761091,-0.015187706798315,0.0037257047370076,0.0180267803370952
0.0384920462965965,-0.0045345686376094,0.0194735154509544,0.0152797698974609,-0.0097618168219923
0.0512113757431507,0.0021700598299503,-0.0017515955260023,-0.0113442298024892,-0.0071353823877871
0.1430480629205703,0.0109441792592406,0.0132309030741453,0.0128537332639098,-0.010126132518053
0.0335594154894351,-0.0262393001466989,0.0095644434913992,-0.006281713489443,-0.0179769564419984
0.0343775190412998,-0.0040360004641115,0.0012262621894478,0.0073810149915516,0.0109093869104981
-0.0092333843931555,-0.0113236894831061,-0.0239989701658487,-0.0043163686059415,-0.0004375816206447
0.000653289782349,0.006746913306415,-0.0055067311041057,0.0098003689199686,-0.0038770586252212
0.041687786579132,0.0067010424099862,-0.002093686023727,0.0070117725990712,-0.0141137326136231
-0.0086365565657615,-0.0005469766911119,0.0036737916525453,0.0160429570823907,-0.0112741542980074
0.0141754653304815,-0.0036049494519829,0.0009514365228824,0.0005772646982222,0.0042849262244999
-0.0716900750994682,0.015738246962428,-0.0018632586579769,0.0002556972031015,0.0104436399415135
0.0739848986268043,0.012080417945981,0.0011622132733464,0.0018981109606102,0.0036347422283142
0.0316479839384555,0.0218717120587825,0.0087577337399125,0.0041423584334552,-0.0014219991862773
-0.0214859601110219,-0.0002473851782269,0.0104457614943385,-0.005115476436913,0.0041824630461633
0.0116153014823794,-0.012713267467916,0.0051559158600866,0.0091142263263463,0.0118311597034335
0.072421059012413,-0.0147816622629761,0.0022835328709334,-0.0024801592808216,-0.008120416663587
0.0096561228856444,-0.0118079641833901,0.0012254995526745,-0.013746996410191,-0.0177223216742277
0.0332610681653022,-0.01772334985435,0.005220859311521,-0.0027984876651316,0.0095861200243234
-0.1214609518647193,-0.0147630935534834,-0.0099842520430684,0.007560970261693,-0.001899316557683
-0.0202813502401113,-0.0027849634643644,0.0083384849131107,-0.0002190109807997,0.0029203274752944
-0.0101895816624164,0.0036232720594853,-0.0140586979687213,0.0065454002469778,-0.0052729351446032
0.0472729802131652,-0.0082197459414601,0.0134457740932703,-0.0044870129786431,-0.0015371702611446
0.0880089625716209,-0.0145725701004266,-0.005600637756288,0.0045065907761454,0.0130386119708418
0.0202526319772005,-0.0053252871148288,0.019754584878683,0.0089166425168514,0.013336113654077
-0.0106535255908966,-0.0066715581342577,-0.0139507828280329,0.0093816053122282,-0.0073268255218863
0.1380423009395599,0.0042890342883765,-0.011681705713272,0.0084400754421949,0.015225201845169
0.0190924387425184,-0.0013642602134495,-0.0069463718682527,0.0022492802236229,-0.0095337219536304
0.1049312725663185,-0.0111453300341963,0.0147176701575517,0.0026578430552035,-0.0114742079749703
0.0039732032455503,-0.0057094851508736,-0.008223108947277,0.0018138118321076,-0.0039350069127976
0.1081556752324104,-0.0269164275377988,0.0063015189953148,-0.0095292683690786,0.0128334900364279
0.0009003246086649,-0.0213175080716609,0.0007749396609142,0.0051517207175493,0.0061658080667257
0.0780685618519783,-0.0375226885080337,0.0054131881333887,-0.0096306223422288,0.0030687989201396
0.0632320046424865,0.0218020360916852,-0.0152778066694736,0.0093235112726688,0.0167298335582017
-0.0157382544130086,0.0166245196014642,-0.0126372752711176,0.0157159008085727,-0.0150948027148842
-0.0241358168423175,-0.0113431243225932,-0.0156172486022114,0.0015195473097264,-0.0062565724365413
0.1293642967939376,-0.0076534729450941,0.0106141231954097,0.0114754205569624,-0.0103823030367493
-0.0022725122980773,-0.0063813026063144,-0.0065679913386702,-0.0129681034013628,-0.0067999088205397
0.0292350575327873,0.007953830063343,0.0078810565173625,-0.0057047745212912,0.0133712599053978
-0.0244573894888162,0.0093478262424469,-0.0014414765173569,0.0111567266285419,0.0053762001916766
0.0122207207605242,0.0135142290964722,-0.014312969520688,-0.0026744431816041,0.0118918400257825
0.0817927345633506,-0.0149226458743214,0.0077757756225764,-0.0058132237754762,0.0022362363524734
0.0797908157110214,-0.0016490496927872,-0.0059210457839071,-0.0043595051392912,0.0138818677514791
0.2588235437870025,-0.0121828038245439,0.0189824476838111,-0.0088672945275902,-0.0056159412488341
0.0076939994469285,-0.0023441661614924,0.0032155928201973,0.0126673057675361,0.0009930303785949
0.1400307267904281,-0.0115212118253111,0.0087299048900604,-0.0122931012883782,0.0074409344233572
0.0502719953656196,-0.0033715809695422,-0.0235259961336851,-0.0068668844178318,-0.0026963055133819
-0.054167591035366,-0.0115381274372339,-0.0081315394490957,-0.0179998036473989,-0.0109053067862987
-0.0201019681990146,0.0380325391888618,-0.0087914932519197,0.0034388401545584,0.0045242407359182
0.0338118821382522,-0.0069076661020517,-0.0011224363697692,-0.0008354616584256,-0.0010737495031207
0.0003420482389628,0.001908910810016,-0.0070778978988528,-0.0059944381937384,-0.0081220958381891
0.0808358490467071,0.0110128764063119,0.0092063220217823,0.0037764948792755,0.0090326098725199
0.0279793906956911,0.0320684984326362,0.0024039249401539,0.0009947000071406,-0.0049499552696943
0.0126185733824968,-0.0057696243748068,0.0127437124028801,-0.0100097861140966,-0.0128701590001583
-0.0082879830151796,-0.0185996275395154,-0.021636052057147,-0.0150139965116977,0.0025835325941443
0.1150937974452972,-0.0192736629396677,0.0079906471073627,-0.0135285947471857,0.0054185637272894
0.0085296100005507,-0.0001614836946828,0.0036736619658768,0.00623533828184,-0.0034010463859885
-0.0072721699252724,-0.0090411258861422,0.0071631842292845,0.0045567355118691,-0.0090998979285359
0.0462861433625221,0.007547378540039,6.280679372139275e-05,0.0099020889028906,0.001198697485961
0.032461117953062,-0.0484157353639602,-0.0056777847930788,-0.0072623006999492,0.0231669191271066
-0.0179140213876962,-0.0025847903452813,0.0051673781126737,-0.0001109308359446,-0.0084436060860753
-0.1099893301725387,0.0051534110680222,0.0046099508181214,0.0004804763011634,0.0294385589659214
0.0595357455313205,-0.0055552818812429,0.0062635336071252,0.0058770081959664,0.0080740395933389
0.0005770577699877,-0.0258380677551031,-0.0344833694398403,0.001755432691425,-0.0213173609226942
0.0830517038702964,0.0186406560242176,0.001041432027705,-0.0037439472507685,0.0041643693111836
-0.0025500867050141,0.0010550880106166,0.0039517506957054,4.283273665350862e-05,-0.0007924670353531
0.1050132513046264,-0.0019575259648263,-0.0011247913353145,-0.0040310169570147,0.0001278462004847
0.2009496837854385,0.0109723731875419,-0.000761606323067,0.0127920433878898,0.0127705903723835
0.0743518471717834,-0.0103501453995704,-0.0027078310959041,0.0085111577063798,0.0025061890482902
0.012281366623938,0.0053407456725835,-0.0079460013657808,0.0048480117693543,0.0146401235833764
-0.0251159314066171,0.0227203704416751,-0.0086237890645861,0.0071443165652453,0.0027366606518626
0.0338331684470176,-0.0001662048598518,-0.0269664674997329,-0.0171851310878992,-0.0076103918254375
0.0521706417202949,0.0090879434719681,0.0012942068278789,-0.0068652927875518,0.0004903810913674
0.0781916677951812,-0.0244781784713268,-0.0049687949940562,0.0103400219231843,-0.0091838249936699
0.0534075684845447,0.0031709379982203,0.0114818438887596,0.0093752406537532,-0.0140797821804881
0.0872213840484619,-0.0080242976546287,-0.0040131658315658,-0.000671956280712,-0.0037039429880678
0.1347765475511551,-0.0225027557462453,0.0485094301402568,-0.0007110036676749,-0.0013933690497651
0.0547377429902553,-0.0012559927999973,0.0155423777177929,0.006749752908945,0.0053931795991957
0.0215433444827795,-0.0100414603948593,-0.0159302558749914,-0.0120376134291291,0.0161832701414823
-0.0017800268251448,-0.0072511304169893,-0.003012916073203,-0.0004580439417622,0.0002735651214607
-0.0221396535634994,0.000926008913666,0.0074894712306559,-0.0008724718354642,0.001803477643989
0.0261340700089931,0.0004443310899659,0.0192061327397823,0.0117723364382982,0.0031026897486299
0.0313355959951877,-0.008258432149887,0.0017581506399437,0.0097667444497346,-0.0120742134749889
0.0002456921793054,0.0088601512834429,0.0033335308544337,0.0132222045212984,-0.0005400066147558
0.0038638988044112,-0.0096994517371058,7.553277828264982e-05,0.001879833289422,0.0037498562596738
0.2224740386009216,-0.0359173268079757,0.0242278054356575,-0.0232763588428497,0.0017089275643229
-0.0176613572984933,-0.0055478326976299,-0.0009695984190329,-0.0014602660667151,0.0078817540779709
0.0203028097748756,-0.0291637703776359,-0.0151773262768983,0.0075034997425973,-0.00048046966549
0.0325454734265804,0.0065713664516806,0.0005765141686424,-0.0079176537692546,0.0129376016557216
-0.058616928756237,-0.0060775857418775,0.0021229188423603,-0.0067081763409078,0.0072385040111839
0.2569572329521179,-0.0199651699513196,0.0044888742268085,-0.0052478592842817,-0.0048939688131213
0.1026930883526802,-0.0064306193962693,-0.0029804438818246,-0.0133331911638379,-0.0115823149681091
0.0131883081048727,-0.0299720969051122,0.0063757575117051,-0.0008780943462625,-0.0031638764776289
0.0266790185123682,0.0206939298659563,0.0083113005384802,0.0113711021840572,-0.0049514370039105
0.0750050172209739,0.0029279557056725,0.0204933080822229,0.0164828058332204,0.0135270226746797
0.0420419536530971,-0.0297080744057893,-0.0223079919815063,-0.0057167643681168,-0.0124337179586291
-0.0507169961929321,0.005456652957946,0.0187562424689531,-0.0108150290325284,0.0137860625982284
-0.1225160360336303,0.015609617345035,-0.0028960080817341,0.0074494630098342,-0.0194082744419574
0.191363126039505,-0.0333420969545841,-0.0182856619358062,0.0038200498092919,0.0003789324837271
-0.0579787828028202,0.0187956560403108,-0.002712131710723,0.016440687701106,-0.0236856434494256
-0.064587764441967,-0.0119026526808738,-0.0174220148473978,-0.0017143964068964,-0.0007067334954626
0.0326347574591636,0.0104318456724286,0.0048156585544347,-0.0104519957676529,-0.0005889968015253
-0.0674505606293678,0.0061004445888102,-0.0051802140660583,-0.0151860676705837,-0.0198751743882894
-0.1888877302408218,-0.0092484513297677,0.009635679423809,-0.0056023891083896,-0.0063722468912601
-0.0027028943877667,0.0090476367622613,0.0088713038712739,0.0017857017228379,0.0244825240224599
0.0295394789427518,0.0075676920823752,0.006670182570815,-0.0119153130799531,0.0002594761317595
-0.1330276131629943,0.0297152139246463,-0.0123343188315629,-0.0027521138545125,0.0005016655195504
-0.0611763447523117,0.0134180057793855,0.0060455990023911,-0.0021018863189965,-0.0143515933305025
0.0942790359258651,-0.0153708811849355,-0.004932508803904,-0.0070546749047935,0.0024306671693921
-0.193423792719841,0.028591826558113,0.0084520941600203,-0.0046094632707536,0.0218123700469732
-0.045967660844326,-0.0002820449299179,-0.0066484399139881,-0.0049760802648961,0.0098978411406278
-0.1119107231497764,-0.0050626350566744,0.0060801827348768,-0.0022142031230032,-0.0030293487943708
0.0332193188369274,-0.0039156307466328,0.0022644088603556,-0.0062806881032884,-0.0083702839910984
-0.0157229471951723,0.0164838545024395,-0.001932012848556,0.0256836637854576,0.0014930759789422
0.0741332992911338,-0.0265875067561864,0.0010958923958241,-0.0055250329896807,0.0027335013728588
-0.0617652311921119,-0.0019397485302761,-0.018013309687376,0.0108218975365161,0.0069544315338134
0.0139923095703125,-0.0272531080991029,-0.0102180447429418,0.004153901245445,-0.0195079706609249
0.1031047478318214,-0.0119170909747481,-0.0186921637505292,-0.003450168762356,-0.0081642596051096
-0.0602152347564697,-0.0080251917243003,-0.0184845365583896,-0.0019115085015073,-0.0001608700258657
-0.1225111037492752,0.0156374182552099,-0.0014000654919072,0.0018692411249503,0.0060785580426454
-0.0197409074753522,0.0005803436506539,0.0022528087720274,0.0103682642802596,-0.0065878359600901
0.0751980319619178,-0.0159927457571029,-0.0043992903083562,-0.0030313711613416,-0.0063658091239631
0.004468482453376,0.0271448493003845,-0.0119118234142661,-0.0019788674544543,-0.001949411118403
-0.0605240799486637,0.0082903988659381,0.001220706035383,0.0046028266660869,0.0101518183946609
-0.0123095121234655,-1.5110537788132206e-05,-0.0124348830431699,-0.0103003149852156,-0.0105735193938016
-0.0054380530491471,-0.012505654245615,0.0102071901783347,0.0169627387076616,-0.014681645669043
-0.0090523390099406,0.026405157521367,-0.0016357273561879,0.0006172360153868,0.0126117281615734
-0.0006284337723627,0.0024476177059113,-0.0016526298131793,-0.0050956406630575,-0.0192655622959136
0.032312411814928,-0.0031497937161475,-0.0002835064369719,-0.0121333366259932,0.0045840735547244
-0.0431512519717216,-0.0010725760366767,-0.0050160195678472,-0.0046780747361481,0.003444064874202
-0.0798559039831161,0.0097937993705272,-0.0052180173806846,-0.0042289388366043,0.0012026776093989
0.1091613993048667,-0.0163172483444213,0.0007702833972871,0.0042690923437476,-0.0107052410021424
0.121795579791069,-0.0095675950869917,0.0035845837555825,0.0016653734492138,-0.0023778663016855
0.0175842326134443,0.0116280009970068,0.005021883174777,0.0032946439459919,-0.0002821821253746
0.0001582155236974,0.0181138198822736,-0.0009264676482416,-0.0039130253717303,-0.0063207880593836
0.1051602736115455,-0.0112159326672554,-0.0007061541546136,0.0042494921945035,-0.0076292906887829
0.1648469418287277,-0.0117707643657922,-0.0026440455112606,-0.0094992276281118,-0.0077440347522497
-0.1128159835934639,0.0057645100168883,0.0210171770304441,0.0024314576294273,-0.0167833697050809
0.0279689244925975,-0.006268769968301,0.0053212512284517,0.0295106042176485,0.0190210323780775
0.1156540364027023,-0.0181129798293113,-0.0081601040437817,-0.0099524604156613,-5.906622027396224e-05
-0.0832989662885665,-0.0152696520090103,-0.0121452920138835,0.0017168777994811,-0.0076989815570414
0.0054343310184776,-0.0013950570719316,-0.0173263065516948,0.0022441826295107,-0.0036664165090769
0.0582781285047531,-0.0030321783851832,-0.0133924894034862,0.0007723699673078,0.0006663299864158
-0.0049350205808877,0.0068519948981702,0.0050710206851363,-0.0062980274669826,0.0145930666476488
-0.0591820329427719,0.0011347293620929,0.0079233916476368,-0.0001379973400617,0.0060597234405577
0.0136623159050941,0.0091273421421647,-0.005212309770286,0.008444607257843,0.0106861675158143
-0.0309839453548192,0.0073620523326098,0.0009665017132647,0.0106201553717255,-0.0244161300361156
0.0230368450284004,-0.0003040679439436,-0.0115294363349676,-0.00049365661107,0.0082797985523939
-0.1857242286205291,0.0375262163579463,0.0048551596701145,-0.0042073419317603,0.0230901110917329
0.0394764691591262,0.0043318602256476,-0.0044538308866322,0.0033937953412532,0.0160100720822811
0.080981820821762,0.0202756151556968,0.0172854103147983,0.0159902293235063,-0.0172565020620822
0.0620676502585411,-0.0122596062719821,-0.0006822540308348,-0.0007474133162759,0.0088768899440765
-0.1264383196830749,0.0107386801391839,0.0019812223035842,-0.0004584924026858,-0.0048734755255281
-0.0065573644824326,0.0018453609663993,0.0124062644317746,0.0012171864509582,-0.0035724998451769
0.0419572368264198,0.0054340553469955,0.0057699396274983,-0.0139423795044422,-0.0082137705758214
-0.0316513963043689,0.0089601017534732,-0.0051071518100798,-0.0046440749429166,0.0015161290066316
0.0765193030238151,0.0029654756654053,0.0034603315871208,-0.0021344961132854,-0.0122247114777565
0.096939280629158,-0.0117360204458236,-0.0079109109938144,-0.0057204910553991,0.002633114811033
0.0049876295961439,-0.0076654204167425,-0.0209915973246097,-0.0031785322353243,-0.0149783603847026
-0.0081047266721725,-0.0146151818335056,0.0108798453584313,0.0167160127311944,-0.0148337986320257
-0.0047306790947914,0.0026981360279023,0.0121626993641257,0.0014861815143376,-0.0035086802672594
0.0587271563708782,-0.028308518230915,-0.0104255834594368,-0.0280970577150583,0.0525140613317489
0.1011654660105705,-0.0014355469029396,-0.001995296915993,0.005928261205554,-0.0040199528448283
0.039294596761465,0.0009323069825768,0.0037013022229075,-0.0054224352352321,0.0026337173767387
0.0113432630896568,0.0056336456909775,-0.0010746191255748,0.0057707512751221,0.0130631448701024
0.0532920360565185,0.00909015070647,0.0011962354183197,0.0049715316854417,-0.0002213121915701
-0.0157668516039848,-0.0002448641753289,-0.001074113883078,-0.0121073061600327,0.0072047379799187
0.0751890465617179,-0.008345952257514,0.0013218980748206,-0.008690065704286,0.0107435500249266
0.0484663471579551,0.0028668460436165,0.007225404959172,0.0103784631937742,-0.0131112309172749
0.0464822724461555,-0.0071548805572092,0.008119492791593,0.0089391954243183,0.0196941047906875
-0.1112858206033706,0.0241743177175521,-0.0143155381083488,-0.0074342680163681,0.0057871169410645
-0.0965035110712051,0.0107910959050059,-0.0004230677732266,0.0179283488541841,-0.0134184528142213
0.1117801070213317,-0.0109603237360715,-0.0198009647428989,0.0010319523280486,0.0048518390394747
0.0122024705633521,-0.0271524544805288,0.0065309121273458,-0.0025261403061449,0.009121298789978
0.005839230492711,0.0012717674253508,-0.0090654203668236,-0.0091338781639933,-0.0043565169908106
0.0744497701525688,-0.0233815945684909,-0.0137438103556633,-0.005222872365266,-0.0116817774251103
0.1088345125317573,-0.0188070777803659,0.01175925321877,-0.0206706766039133,0.0110250394791364
-0.1315060555934906,0.0313769876956939,-0.0119090378284454,-0.0044621881097555,0.0017178204143419
-0.0585506185889244,0.0021893796510994,0.0077329133637249,-0.0007752962992526,0.0070471665821969
-0.0419884622097015,0.0045047430321574,-0.0073868492618203,0.0164258871227502,-0.0166954956948757
0.0642555207014083,-0.0221818871796131,0.01249485835433,-0.0146644385531544,0.029227552935481
0.0075382296927273,-0.0072041470557451,0.0278573241084814,-0.015310519374907,0.0207795891910791
-0.037305261939764,-0.0056964112445712,-0.0056366566568613,-0.0018596781883388,-0.0035814170259982
-0.0403994657099247,-0.009069737046957,-0.0048226942308247,-0.0010837030131369,-0.004525966476649
0.005740063264966,-0.0121236452832818,0.0163539964705705,-0.0133906062692403,-0.004192522726953
0.0582541637122631,-0.0041792276315391,-0.0030342855025082,0.0108982753008604,0.006084491033107
-0.1326890438795089,-0.0201796684414148,0.0008582493755966,0.0028526114765554,-0.0115910796448588
0.0256391000002622,0.0198394861072301,0.0027564282063394,0.0046744677238166,-0.0044278921559453
0.0008346191607415,0.0056189964525401,0.0088229505345225,0.003707273164764,-9.457823762204498e-05
-0.0571921542286872,0.0278068929910659,-0.0034005313646048,-0.0083134463056921,-0.0396300368010997
-0.0051898909732699,0.0305674765259027,-0.0042245285585522,0.0015640056226402,0.0124254310503602
0.0347517058253288,-0.0052322554402053,0.0170153398066759,-0.0026470392476767,-0.0273669920861721
-0.0568308569490909,0.0010546059347689,0.0101828137412667,0.0059580416418612,0.0038627800531685
0.0297514349222183,-0.0266280770301818,-0.0070130913518369,-0.0012257638154551,-0.0079615004360675
0.0428166650235652,0.0068472060374915,-0.0050623533315956,0.003323252312839,0.0160071533173322
0.0103876423090696,0.0006983750499784,0.0016151695745065,-0.001755473553203,0.0017748188693076
