mfcc1_delta,mfcc2_delta,mfcc3_delta,mfcc4_delta,mfcc5_delta,mfcc6_delta,mfcc7_delta,mfcc8_delta,mfcc9_delta,mfcc10_delta,mfcc11_delta,mfcc12_delta,mfcc13_delta,mfcc14_delta,mfcc15_delta,mfcc16_delta,mfcc17_delta,mfcc18_delta,mfcc19_delta,mfcc20_delta,genre
0.105264700949192,0.0063720610924065,0.0293014235794544,-0.0073636402375996,0.0292956884950399,0.0328015461564064,0.0091665247455239,-0.024215729907155,-0.0108390040695667,0.0144308665767312,0.0020313879940658,-0.0096147488802671,-0.0064489403739571,-0.0227928087115287,-0.0295500084757804,-0.035698365420103,-0.0040610670112073,0.0154034197330474,0.0277634933590888,0.0157841574400663,0
0.1041484698653221,-0.0169839449226856,0.0139901647344231,0.0013504300732165,0.0026475014165043,-0.0097617246210575,-0.0110996039584279,0.001413720077835,-0.0094499830156564,-0.0214546062052249,-0.0163005106151103,-0.0024297076743096,-0.0057925367727875,-0.0130599904805421,-0.0111716324463486,0.0022584504913538,-0.0039625195786356,-0.0014413965400308,-0.0029322796035557,0.0004300687578506,0
0.0298826918005943,0.0284892115741968,-0.0099553866311907,0.0022609028965234,-0.0038516207132488,0.0274264998733997,0.0197706073522567,0.0106382938101887,0.0190539490431547,0.0083391377702355,0.00238888990134,0.0067715211771428,0.0047224918380379,0.0021719969809055,0.0089626936241984,0.0168577171862125,0.0075114732608199,0.0072632846422493,0.0069254413247108,0.0134359393268823,0
-0.0187923926860094,0.0101388460025191,0.0147595079615712,0.0069514554925262,0.0154453990980982,0.017318956553936,-0.0257222615182399,-0.0252687372267246,-0.018114922568202,-0.0014589881757274,-0.0041168476454913,-0.0030960619915276,-0.0050699803978204,-0.0037452222313731,-0.0176865682005882,-0.0295518543571233,0.0053824633359909,0.0108114797621965,0.0095749860629439,0.0019370479276403,0
0.0567768514156341,0.0528182163834571,-0.0102095725014805,-0.0042391936294734,-0.0016267935279756,0.0343223102390766,-0.0050062574446201,0.0082095116376876,-0.0049560070037841,0.0040147630497813,-0.0028966593090444,-0.0041037872433662,0.0001873427972896,0.0111353658139705,-0.0062304981984198,-0.0033217973541468,0.004229427780956,-0.0036181008908897,-0.0063112662173807,0.0072061172686517,0
0.0949675738811492,-0.0046273618936538,0.0057441787794232,-0.0100922463461756,0.0125518841668963,-0.0029748915694653,-0.006517382338643,0.0099453777074813,0.005906478036195,-0.0056306961923837,-0.0103642297908663,-0.0032786962110549,-0.0105457231402397,0.0139373019337654,0.014227227307856,0.0065417811274528,0.0032660150900483,0.0079201282933354,0.0212702360004186,-0.0047934064641594,0
0.0573189333081245,-0.0121308509260416,-0.0146286888048052,-0.0214373432099819,0.0020623838063329,-0.0091159846633672,-0.0225621573626995,-0.0045339618809521,-0.0053351903334259,-0.0219148341566324,0.0269101187586784,0.0035046804696321,-0.0057083638384938,-0.0054078656248748,-0.0205699242651462,-0.0042342557571828,-0.0103231631219387,-0.0060818400233983,0.0208905357867479,0.0087813111022114,0
-0.0301255118101835,0.017896307632327,0.0109199453145265,0.0257073249667882,0.0187053829431533,-0.0299736894667148,-0.0337542593479156,0.0092681860551238,0.0072754551656544,0.014459291473031,-0.003479873528704,0.0067740203812718,0.0047069145366549,0.0003969505196437,-0.0130074480548501,0.0077147223055362,0.0083655156195163,9.738910011947156e-05,0.0051319613121449,0.0004865870578214,0
-0.0462096184492111,0.0233009215444326,-0.0284554604440927,-0.0132028926163911,-0.005033706780523,-0.0082856910303235,0.0182802379131317,0.0129522886127233,-0.0008683407213538,-0.0075042154639959,0.0094071654602885,0.0132644120603799,0.0022175803314894,-0.0050631058402359,-0.0034152227453887,-0.0055749542079865,0.0044808960519731,0.0109009137377142,0.0002878178784158,0.0022099709603935,0
0.0490981675684452,-0.0188990253955125,0.0019410701934248,-0.046036597341299,-0.0109177352860569,-0.0004060196515638,-0.0133910421282053,-0.0153033277019858,0.0016037113964557,0.0070594511926174,0.0052783540450036,-0.0044025420211255,-0.0063353162258863,-0.0043414146639406,3.0436445740633644e-05,-0.0040168268606066,0.0032140922266989,-0.0127723468467593,0.0011893679620698,0.0067794169299304,0
0.0525341741740703,-0.0067496984265744,-0.0093808202072978,-0.0093331849202513,-0.0107327364385128,0.0059187086299061,0.0183366481214761,-0.0020828039851039,-0.009465841576457,-0.0149033535271883,0.0035278662107884,-0.0005419388762675,-0.0068700276315212,0.0037956237792968,0.0042773196473717,0.0039532221853733,0.0121275354176759,0.0065859411843121,0.0066347867250442,-0.0073961257003247,0
0.0002129385829903,0.0173667501658201,-0.0309096723794937,0.0257490538060665,0.0185961984097957,-0.0174809750169515,-0.0221778415143489,-0.0064838803373277,-0.0039569465443491,0.0058272746391594,-0.0026505538262426,-0.0072496682405471,-0.0159615911543369,-0.0100498525425791,0.0002416181523585,0.0099765378981828,0.0078860130161046,0.000725177465938,-0.0033678263425827,-0.0102681694552302,0
-0.1969824880361557,0.0552653260529041,-0.0601624026894569,-0.0186256617307662,-0.0049999766051769,-0.0285012144595384,-0.0177193507552146,-0.0201827865093946,0.0156818367540836,-0.0090221827849745,-0.022612128406763,-0.0215649344027042,0.0111174955964088,0.0061243576928973,-0.0208107978105545,-0.0126602873206138,0.0050384579226374,-0.0053767510689795,-0.0063432403840124,0.0143867693841457,0
0.1478602141141891,0.043602455407381,-0.0438274070620536,-0.0003863258752971,0.0103141656145453,0.0019186023855581,0.0013711225474253,0.0151784885674715,0.0151105793192982,0.0044549969024956,-0.0075136125087738,0.010448845103383,0.0169927701354026,0.010294803418219,0.0172313153743743,0.0116540193557739,-0.0115226991474628,-0.0158243291079998,0.0049365633167326,0.0211580302566289,0
0.1256575137376785,0.0480935387313365,-0.0323687195777893,0.0086113307625055,-0.0153646357357501,0.0169836077839136,0.0190145131200552,0.0017783193616196,0.018719233572483,0.0336086340248584,0.0128416456282138,-0.0023060007952153,0.0021577621810138,0.0129670044407248,0.0206512995064258,0.0068024778738617,-0.0009085927158594,-0.0009546877117827,-0.0002511294442228,-0.0033660966437309,0
0.0468311607837677,-0.0157638676464557,-0.0263215564191341,-0.0290018413215875,-0.0083118770271539,0.014552486129105,0.0065396316349506,0.0025448817759752,-0.005438782274723,0.0027020086999982,0.0014403908280655,-0.0119942370802164,-0.0152480415999889,0.0034060669131577,0.0010570302838459,0.0009679012582637,-0.0002084416337311,0.0108733177185058,0.0030069630593061,-0.0086383437737822,0
-0.0562650859355926,-0.0254210624843835,-0.0421354286372661,-0.0260612238198518,-0.027242662385106,-0.0163024738430976,-0.0151888383552432,-0.0308984704315662,-0.0088780829682946,0.0008040757966227,-0.0159371569752693,0.0254477150738239,0.0343876592814922,0.0197732839733362,-0.0135959144681692,-0.020808158442378,-0.0061388290487229,0.0146900927647948,0.0067073591053485,-0.0073904204182326,0
0.0670077353715896,-0.0087231639772653,0.016068123281002,-0.0065404092893004,-0.0046617030166089,0.0236893855035305,0.0068725943565368,0.0361654721200466,-0.0203838478773832,0.0107666933909058,0.0171971376985311,-0.0056363064795732,-0.005377632100135,0.0216312073171138,0.0219061430543661,0.0136723397299647,0.0155581897124648,0.0090269688516855,-0.0153959263116121,-0.0043328264728188,0
-0.0991696342825889,-0.0004021392960567,0.0656655803322792,0.0011204293696209,0.01526290923357,-0.0067779342643916,0.0193933919072151,0.0242623761296272,-0.0388851277530193,-0.0165151190012693,-0.0030724334064871,0.0066303946077823,-0.0046180081553757,-0.0134815042838454,0.0047950162552297,-0.0004142169782426,-0.0028693706262856,-0.0039127012714743,-0.0004756404669024,-0.0045958585105836,0
0.0269989315420389,0.0031917747110128,-0.0153339440003037,-0.0111177712678909,-0.0269476231187582,0.0053861490450799,-0.0126614803448319,-0.008526038378477,-0.0097616873681545,-0.0043450277298688,-0.0093709509819746,-0.0127937318757176,-0.0046047586947679,0.0015273732133209,0.0092240730300545,-0.0017919822130352,0.000351000460796,-0.0114440722391009,-0.0081283804029226,-0.0020647787023335,0
0.1008005067706108,0.0079217115417122,-0.0199475120753049,-0.013048879802227,-0.0232148524373769,0.0169006995856761,0.0114252157509326,-0.0102891633287072,-0.0056887874379754,-0.0087769320234656,-0.0002160308358725,0.003922760952264,0.0030697204638272,-0.0085737416520714,-0.015033290721476,-0.01766062900424,-0.0101229837164282,-0.0183140430599451,-0.0095826033502817,0.0102144004777073,0
0.0203260853886604,0.1079903319478035,-0.0507136657834053,-0.0241337046027183,0.0021249772980809,0.0115207079797983,0.0199199933558702,0.0085884807631373,0.0102261174470186,0.018871285021305,0.0061586815863847,0.0081028575077652,0.0146938124671578,0.0166775081306695,0.0225081350654363,-0.0025118121411651,-0.010833621956408,-0.0054063010029494,0.000838580657728,-0.005999210756272,0
0.0942763239145279,0.0259086973965168,-0.0257744099944829,-0.0033265051897615,0.0345529690384864,-0.0242319479584693,0.0069619095884263,0.0001855527225416,0.006362026091665,-0.0082382829859852,0.0098865488544106,-0.0010537257185205,0.0036810918245464,4.4732711103279144e-05,0.0085632605478167,0.0180284846574068,-0.007363713812083,-0.0026468783617019,-0.0043259994126856,0.0023545089643448,0
-0.0287030562758445,0.0325826406478881,0.0349602662026882,-0.0474955327808856,-0.0133024249225854,-0.0265468917787075,-0.0034557234030216,0.0007564791012555,0.0059205442667007,-0.0005695906584151,0.0109679596498608,0.0080422554165124,0.0061261006630957,0.0007631356711499,-0.0041365278884768,0.0021256597246974,0.007429894991219,0.005660165566951,0.0013837940059602,0.003569483757019,0
0.1509350091218948,-0.038206722587347,0.002732808701694,-0.025821316987276,-0.0128899123519659,-0.0074888402596116,0.0100061707198619,0.0284279584884643,0.0028149005956947,0.0221632905304431,0.0107916770502924,0.0176485180854797,0.0141539322212338,0.008402919396758,-0.0076618106104433,0.0085265366360545,0.0102241029962897,0.0055991504341363,-0.0100910002365708,0.0037500786129385,0
-0.0332416743040084,-0.0761489197611808,0.0686789751052856,0.016102185472846,0.0197792723774909,0.0248692240566015,0.0098261265084147,0.0019890312105417,0.0046608275733888,-0.0030535086989402,0.009121567942202,0.0028232811018824,0.0003551352710928,0.00587277719751,0.0105509422719478,0.0071033025160431,0.0117699243128299,-0.0007234357181005,-0.0039129643701016,0.0039379121735692,0
0.118118830025196,-0.0296650156378746,0.0041699022985994,-0.0132965892553329,-0.0140129523351788,-0.0060046063736081,0.0135927749797701,0.0230149459093809,-0.0009016869007609,-0.0172510687261819,-0.0090767722576856,-0.0172655712813138,-0.0098280301317572,-0.0080433543771505,-0.004864802584052,0.0021192573476582,0.0068372590467333,-0.0006190721760503,-0.0058478540740907,-0.0047391718253493,0
-0.0405352972447872,-0.0414935313165187,0.0204229708760976,0.0051487879827618,-0.0011156218824908,0.006334048230201,-0.0058995522558689,0.0018610135884955,-0.0047434470616281,-0.0073024621233344,-0.0028773252852261,0.0032342565245926,-0.0054243523627519,-0.0012102794134989,-0.0026604274753481,0.0008816210320219,0.0013635208597406,-0.0091277956962585,-0.0007201638654805,-0.0037298209499567,0
0.0566992424428463,-0.0262558553367853,-0.0146241150796413,-0.0202909223735332,0.0034884978085756,-0.0188210606575012,-0.0132474806159734,-0.0021342171821743,0.0042490931227803,-0.0140580795705318,0.0268106311559677,0.0090692350640892,-0.0043709026649594,-0.0054900306276977,-0.0171644259244203,0.0035327039659023,-0.0078328335657715,-0.0089562954381108,0.0227162782102823,0.0154826566576957,0
0.0470564514398574,0.0015506847994402,-0.0159546136856079,0.0294579118490219,-0.0310267563909292,0.0230736825615167,0.0180998556315898,0.0228201765567064,0.0024602732155472,0.0119816958904266,0.0080131143331527,-0.0133269764482975,0.0074376985430717,-0.0044539896771311,-0.0002384888357482,0.0123357465490698,-0.0134909087792038,0.0096065830439329,0.0109487818554043,0.0030461861751973,0
-0.0820463523268699,0.0223450325429439,0.0320152528584003,0.0171348229050636,0.0062204231508076,0.0143768480047583,0.0134209590032696,0.013749374076724,-0.0029954828787595,-0.0072885011322796,-0.0042564608156681,-0.0021346237044781,-0.0068274112418293,-0.0008093648939393,0.0050397780723869,0.005107351578772,-0.0044357744045555,0.0042109307833015,-0.0062184012494981,-0.0046813953667879,0
0.1111967787146568,0.0612096600234508,-0.0573304630815982,0.0028767080511897,-0.0231332704424858,0.0016353544779121,0.0006017677369527,0.0069072707556188,0.0056509478017687,-0.0148293627426028,0.0003482312604319,-0.0103964377194643,-0.0160791929811239,-0.0150912962853908,0.004630705807358,0.0079533653333783,0.0099630123004317,0.0024347461294382,-0.0078474311158061,0.0103564783930778,0
-0.1218877509236335,0.0112971179187297,-0.0080097140744328,-0.0019549394492059,-0.0073573850095272,0.0172380972653627,-0.0150768030434846,0.0003854666138067,-0.0073019647970795,-0.0143384169787168,-0.0043706106953322,0.011256287805736,0.0091731967404484,-0.0133703453466296,-0.0153891025111079,-0.0005158869316801,-0.0051493132486939,0.0013749226927757,0.0114852786064147,-0.0020051994360983,0
0.0985578075051307,-0.0185476671904325,-0.0603379532694816,0.018114760518074,0.0111376410350203,0.009117541834712,0.0057355449534952,0.0012043424649164,-0.0001663302391534,0.0153160775080323,0.0016114115715026,0.009488352574408,0.0056001036427915,0.0048511647619307,0.005984719377011,0.0191546604037284,0.0141866123303771,0.0360576882958412,0.0082140332087874,0.0011601754231378,0
0.0041179610416293,0.0514837689697742,-0.0035685948096215,-0.005392303224653,8.885323768481612e-05,0.0037385057657957,-0.0027792325709015,-0.0165799260139465,-0.0144304083660244,-0.0039341556839644,-0.0080034378916025,0.0005258547607809,0.0083456626161932,0.0010028744582086,-0.0020356785971671,-0.0102909207344055,-0.0058052535168826,-0.0111440084874629,-0.0094053652137517,0.0007267787586897,0
0.046627789735794,0.0658804327249527,0.0034727524034678,0.0214428827166557,-0.0030750753358006,0.0305737219750881,0.0076559884473681,0.0251116231083869,0.0078866332769393,0.0160315912216901,0.0003335263754706,0.0051362626254558,-0.0096653662621974,-0.0175371244549751,-0.0160093605518341,-0.0231439862400293,-0.0323364958167076,-0.0077329031191766,-0.0090867187827825,0.0056424182839691,0
0.0102370809763669,-0.0412488058209419,-0.0117520643398165,-0.0093764187768101,0.0050509613938629,-0.0211377888917922,0.0043497551232576,-0.0074085020460188,0.0039840042591094,-0.0108454683795571,0.0012900352012366,0.0069979513064026,0.0098705720156431,-0.0008606375777162,-0.000805199088063,-0.0004302030138205,-0.0046638664789497,0.0084119318053126,0.0059972843155264,0.0099266059696674,0
-0.0327102355659008,0.0175738390535116,0.0151255903765559,0.0292064547538757,-0.018474631011486,-0.009919885545969,-0.0139407915994524,-0.0096423849463462,-0.0094058718532323,0.0143454642966389,0.0125876292586326,0.001692125108093,0.0096370792016386,0.0154402246698737,0.0106744822114706,-0.0035315703134983,-0.0014813498128205,0.0016198774101212,-0.0124914329499006,-0.0149108301848173,0
0.0225303247570991,0.0013142207171767,0.016010021790862,0.0174693074077367,0.0134167354553937,-0.0070203910581767,0.0047323731705546,0.01305937115103,0.0087318010628223,-0.003861978650093,0.0069691054522991,0.0086784632876515,0.0002234053972642,-0.004021291155368,0.0005362289957702,0.0048890640027821,0.0050799213349819,0.0109705366194248,0.0190734881907701,0.0206471066921949,0
0.0459119938313961,0.0262689795345067,-0.0846977159380912,-0.0219434760510921,0.0005364561802707,0.0310714151710271,-0.0049254484474658,0.0014203514438122,0.0015211865538731,0.0033167549408972,-0.0093215815722942,-0.0028753716032952,-0.0018522009486332,-0.0078852260485291,-0.0116355195641517,-0.0096131050959229,0.002824526745826,0.0015411819331347,0.0044373855926096,0.0055478559806942,0
0.0802616998553276,-0.009676500223577,-0.0119714997708797,-0.0151137150824069,0.0292110722512006,0.0119698783382773,-0.0143835125491023,-0.0222427304834127,0.001195769640617,-0.0136435581371188,0.0016353331739082,-0.0109437741339206,0.0069412058219313,0.0005417354987002,-0.0030223783105611,0.0015468088677152,0.001391208032146,-0.0128658302128314,-0.0092696566134691,-0.002432532608509,0
-0.0777043476700782,0.0392891466617584,-0.0212873350828886,-0.0087825115770101,-0.0192051269114017,0.0036983881145715,0.0016788931097835,-0.0005339772324077,-0.0077912700362503,-0.0024433867074549,0.0057689836248755,-0.021643852815032,-0.0148108089342713,0.0033422589767724,-0.0011691494146361,0.0021301514934748,-0.009620476514101,0.0020494246855378,-0.0084174200892448,0.002330798888579,0
-0.0881077870726585,-0.0086942361667752,0.030725035816431,0.0188610311597585,0.0083588967099785,-0.0056914677843451,0.0189003851264715,0.0008289598044939,-0.0008042225381359,0.0047091250307857,-0.0016231138724833,-0.0017290255054831,0.002567539922893,0.0003868475032504,0.0033245687372982,-0.0007880807388573,0.0004576047358568,0.0040856567211449,0.0040903892368078,0.0105211241170763,0
0.0794549658894538,-0.0187766961753368,-0.077580489218235,-0.0275125559419393,-0.038332525640726,-0.0334544628858566,-0.0077809109352529,-0.0036009531468153,-0.0243229903280735,-0.0214386899024248,-0.0060852086171507,-0.0077686738222837,-0.0109220966696739,-0.0046947561204433,0.005794858559966,0.0075156292878091,0.0095409154891967,0.0139292031526565,0.0105021046474576,0.0044498974457383,0
0.1195976436138153,-0.045354213565588,-0.0187261179089546,0.0528909042477607,-0.0045982296578586,-0.0055982321500778,-0.0042833695188164,0.0251443311572074,0.0001003607612801,-0.0154481818899512,0.0041505987755954,0.0130772395059466,-0.00101442146115,-0.0052839238196611,0.0102319056168198,0.0200335420668125,0.0201611313968896,0.0150992898270487,0.0125878257676959,-0.001028612605296,0
0.009897549636662,-0.0242710784077644,-0.0261125992983579,0.0227056629955768,0.0009645622922107,-0.0055747353471815,0.0176247656345367,-0.0101806772872805,0.0320758335292339,0.0100809643045067,-0.0200737603008747,0.0198321621865034,-0.0008108046022243,0.0134913912042975,0.0012489357031881,0.0090552847832441,0.0004938528290949,0.0081065902486443,-0.0041409260593354,0.0135382171720266,0
-0.0228197611868381,-0.0437842942774295,-0.0010862003546208,-0.0137177221477031,0.0089000910520553,-0.0199879463762044,-0.0053129727020859,-0.006037201732397,0.0062662833370268,-0.0066706552170217,0.0060015358030796,0.0020353563595563,0.003230832517147,-0.002765828045085,-0.0044733048416674,0.0046431208029389,-0.0026554055511951,0.004967123735696,0.0065638963133096,0.0125266555696725,0
0.0874706804752349,-0.0110665373504161,-0.0550615116953849,0.012944946065545,0.0045587858185172,-0.0056275990791618,0.0200007911771535,0.0125664360821247,0.0097859026864171,-0.0057495278306305,-0.0163044165819883,0.0013596481876447,0.0031478649470955,-4.021031782031059e-05,0.0111503368243575,0.0089096138253808,-0.0019479022594168,-0.0136320991441607,0.002716745249927,-0.0045684673823416,0
0.023472910746932,-0.0041983695700764,-0.0268882550299167,-0.0366715788841247,-0.0205399841070175,0.0113040590658783,-0.0008087033056654,-0.0071531487628817,-0.0151514643803238,0.0067196497693657,0.0112007418647408,-0.012740584090352,-0.0183922499418258,-0.0074959341436624,-0.0028646981809288,0.0059878416359424,0.0044946414418518,-0.0032386831007897,0.0013482513604685,-0.0009137951419688,0
0.0528677627444267,-0.0144403045997023,0.0273251459002494,-0.012621802277863,0.0142300957813858,0.0053391843102872,0.0049268179573118,-0.0138994259759783,-0.003784138476476,-0.016098229214549,-0.0133809242397546,0.0036811865866184,0.0097460132092237,0.0017715994035825,-0.006884760223329,-0.0330967307090759,-0.0299131534993648,-0.0192207116633653,-0.020860206335783,0.0001664292649365,0
0.1346977204084396,0.1130350083112716,-0.0140721732750535,-0.0361661314964294,-0.0028743580915033,0.0047777807340025,0.014025742188096,0.0095011722296476,-0.0085892109200358,0.0092081138864159,0.0051086251623928,0.008738799020648,0.0161316525191068,0.0201949719339609,0.0160093028098344,0.0048914151266217,0.0094787431880831,0.0082309702411293,0.0046487650834023,0.0103160599246621,0
0.1003343611955642,0.0081311138346791,-0.04330450668931,-0.0081277713179588,-0.0050167678855359,-0.0416057780385017,0.0165806971490383,0.0057995896786451,-0.0085157062858343,-0.0151257729157805,-0.0034263143315911,-0.0007506648544222,-0.0058254487812519,-0.0171517077833414,0.0081467078998684,-0.0026455032639205,0.0070852320641279,0.0239121261984109,0.0141492169350385,-0.0057211127132177,0
0.1019788905978202,0.0009126596851274,0.010630689561367,-0.0057767168618738,0.011733260937035,-0.0048138303682208,0.0022362053859978,0.0004904047236777,0.0041394480504095,0.0050828079693019,0.0059872162528336,-0.0026729572564363,0.0060419999063014,0.0023541189730167,0.0019101307261735,0.012696691788733,0.0060126115567982,-0.0016892290441319,0.0067096082493662,0.0065274955704808,0
0.0721863955259323,0.0479982793331146,0.014137846417725,0.0073572411201894,-0.0043392432853579,0.0104007497429847,0.0440559908747673,1.6276631868095137e-05,0.014666873961687,0.0060293362475931,0.0062580970115959,0.020083662122488,-0.0007831960101611,0.0026966878212988,0.0106007969006896,0.0050697326660156,0.0018764574779197,0.0178167391568422,0.0127191888168454,0.0039231213741004,0
-0.0247808340936899,0.0678211376070976,-0.0257395561784505,-0.0452068261802196,-0.0111318090930581,-0.0337772592902183,-0.0055965231731534,-0.0136650316417217,-0.0104656321927905,-0.018574146553874,-0.0198529008775949,-0.015084583312273,-0.0151563202962279,-0.0284194350242614,-0.0005432270700111,-0.0003425700706429,-0.0075675202533602,-0.0117091452702879,0.0073542832396924,0.0042193131521344,0
0.0671261399984359,-0.0109861204400658,-0.0307019408792257,-0.0178152173757553,-0.0010291273938491,-0.0035235618706792,0.013240355066955,-0.0031931244302541,0.0065611465834081,0.0226614326238632,-0.0105792535468935,-0.0108995996415615,0.0062879901379346,0.0008916109800338,-0.0018370002508163,0.0043207220733165,0.0001971738238353,0.0013955341419205,0.0023676953278481,-0.0033758864738047,0
-0.0155350053682923,-0.0868729725480079,-0.0756833553314209,0.0223105195909738,-0.0085318917408585,-0.0370256006717681,0.0065333121456205,-0.0040315366350114,0.0058518494479358,-0.0123946918174624,-0.0028784342575818,-0.0119523741304874,-0.0073129246011376,-0.002652168739587,-0.0143672283738851,-0.0024463839363306,-0.0181313026696443,-0.0148679474368691,0.0167218130081892,0.0115417586639523,0
-0.0349771976470947,0.0196931138634681,-0.0053382278420031,-0.008671305142343,-0.0116121964529156,-4.3422791350167245e-05,0.0129177859053015,0.0063640470616519,-0.0079303830862045,-0.0096896979957818,-0.021493038162589,0.0133351488038897,0.0125583466142416,-0.0006965713109821,-0.0131761217489838,0.0034591781441122,0.0125306034460663,0.0214336887001991,-0.0041361590847373,-0.0096572898328304,0
0.0156910736113786,0.0110988458618521,0.0770913213491439,0.005037363152951,-0.0025568488053977,0.0031865569762885,-0.0093243308365345,0.0003319501993246,0.0126970205456018,0.0012184417573735,-0.0036165409255772,0.0157259069383144,0.0148481056094169,0.0070172306150197,0.0123041598126292,0.0161523856222629,0.0229520369321107,0.0086507955566048,0.0199463404715061,0.00754728121683,0
-0.0347099006175994,0.0326991192996501,-0.0150529993698,-0.0175563786178827,0.002491433173418,-0.0177844334393739,0.0203800629824399,-0.017747726291418,0.0094872219488024,0.0078754173591732,-0.0053143915720283,0.0100391367450356,-0.0069093122147023,-0.006238012574613,0.0046827597543597,-0.0044893203303217,-0.0084536578506231,-0.0009397180983796,0.0083975223824381,0.0045434474013745,0
0.0779361054301261,0.0162258744239807,-0.0099575603380799,0.0167303588241338,0.0116959428414702,-0.0002779934729915,-0.0192890055477619,0.0135471494868397,0.0171620920300483,0.0208780206739902,0.0163908097892999,-0.0057217124849557,0.0089010205119848,0.0313682630658149,0.0002927219611592,-0.0005230420501902,-0.0029227552004158,0.0040474794805049,0.0107077974826097,0.0007393225678242,0
-0.0389082171022892,0.0540254488587379,-0.0142137128859758,0.0178148318082094,-0.0134528279304504,0.0005753193399868,0.0129092810675501,0.0054940930567681,-0.0026727921795099,-0.0112030729651451,-0.0066524972207844,0.0027283420786261,-0.0015797308878973,0.0055178306065499,-0.0107817947864532,0.0027668005786836,0.0123520176857709,0.0031375722028315,-0.0107800792902708,-0.0017756447196006,0
-0.1440220773220062,0.01563754491508,-0.0111729856580495,-0.0130410250276327,-0.010509829968214,-0.0019653050694614,0.0109184719622135,0.0063218479044735,0.0125177996233105,0.0138857206329703,0.0069967992603778,0.0115421619266271,0.0073340628296136,-0.0041802362538874,0.0051653310656547,0.00166386005003,0.0075284615159034,0.007280608639121,0.0160588137805461,0.0088570555672049,0
0.0950685292482376,0.011503929272294,0.0069698323495686,-0.0072267497889697,0.0076974215917289,0.0184373445808887,-0.0022327550686895,0.0019446385558694,0.0025364863686263,-0.000192937979591,-0.0042624711059033,-0.0162072796374559,-0.0064062131568789,-0.00631745159626,-0.0035927803255617,-0.0054077478125691,0.0067616999149322,0.0044988794252276,0.0050322338938713,0.0091141583397984,0
0.0349436849355697,-0.0153896287083625,0.0032871346920728,-0.0227941237390041,0.001382672926411,-0.0102411434054374,-0.003842873731628,0.0120593225583434,0.0009810350602492,0.0087642008438706,0.0073561752215027,-0.0130307078361511,-0.0053794761188328,0.0012198232579976,-0.0102521032094955,-0.0091240778565406,-0.0060176658444106,0.0046714940108358,0.0062914071604609,0.0031745752785354,0
0.0446619763970375,0.0017646610504016,0.0201579127460718,-0.0316720120608806,0.0118782818317413,0.0192630980163812,-0.0075458497740328,-0.0098962057381868,-0.0100908391177654,0.0127532323822379,-0.0172891337424516,-0.0027091021183878,0.0083139147609472,-0.0012134838616475,0.0169469695538282,0.0037916689179837,0.0162356663495302,-0.0014890359016135,-0.0377610847353935,-0.0062490124255418,0
-0.0473545528948307,0.028462978079915,0.0192160494625568,0.0266086757183074,-0.0016092461301013,-0.0088342567905783,0.0231007151305675,7.047306280583143e-05,-0.0216206181794405,-0.0128753175958991,0.0168652515858411,0.0050106947310268,-0.0101770339533686,-0.006149030290544,-0.0114960642531514,-0.0063939900137484,-0.0088296867907047,0.0081370556727051,0.0020272452384233,0.006989121902734,0
0.073973998427391,-0.0287155415862798,-0.0001350500242551,0.0008268334204331,0.0069140829145908,0.0088745336979627,-0.0074929827824234,0.0143988328054547,0.0112016955390572,-0.0159288253635168,-0.0157194230705499,-0.0155438613146543,-0.010284966789186,0.0047986921854317,-0.0030337173957377,-0.0217090882360935,-0.0154691934585571,-0.0087535809725523,-0.0025229679886251,0.0013867052039131,0
0.0868014544248581,0.0086697768419981,-0.0268790554255247,-0.0388424135744571,-0.0148598570376634,0.0045204986818134,-0.0115452790632843,-0.0044654831290245,-0.0137362442910671,-0.0142961619421839,-0.0185746271163225,-0.0042774016037583,-0.002114001661539,-0.0084488093852996,-0.004066715016961,-0.0255469251424074,-0.0227957125753164,-0.0113679319620132,-0.009914125315845,-0.00279973144643,0
0.0800305157899856,-0.0883410945534706,0.0402669869363307,-0.0235722437500953,0.0034425060730427,0.0058357417583465,-0.0127313779667019,0.006915143225342,0.0076737678609788,0.0030496886465698,0.0290263388305902,-0.002861411543563,0.0108384182676672,0.0136274630203843,0.0071194591000676,0.0063212793320417,0.0113471057265996,0.0119157750159502,0.0098913889378309,0.0009616662282496,0
-0.0562650859355926,-0.0254210624843835,-0.0421354286372661,-0.0260612238198518,-0.027242662385106,-0.0163024738430976,-0.0151888383552432,-0.0308984704315662,-0.0088780829682946,0.0008040757966227,-0.0159371569752693,0.0254477150738239,0.0343876592814922,0.0197732839733362,-0.0135959144681692,-0.020808158442378,-0.0061388290487229,0.0146900927647948,0.0067073591053485,-0.0073904204182326,0
-0.0862021446228027,0.047539833933115,0.0293661821633577,0.022814879193902,-0.0063389642164111,-0.0006265643751248,-0.008579883724451,0.0080573055893182,0.0143689839169383,0.0108864326030015,0.0155044551938772,0.0106963068246841,0.0174087285995483,0.0099216252565383,0.0006996941519901,0.0037454681005328,9.156748274108396e-05,-0.0013857260346412,-0.0042911288328468,-0.0188697706907987,0
0.0434297956526279,-0.0607431381940841,0.0090874936431646,0.0045952345244586,0.0280176885426044,0.0114583522081375,-0.005696378648281,0.0065558063797652,0.0055067935027182,-0.006892186589539,-0.013413549400866,0.0021403564605861,-0.0100751174613833,-0.0239404831081628,-0.0132486866787076,-0.0123394355177879,0.0042050899937748,0.0115797314792871,0.0014078818494454,-0.0021526617929339,0
0.0574627108871936,-0.0447300262749195,0.020565640181303,0.0136040691286325,0.0024895370006561,-0.0210422128438949,-0.041309405118227,-0.0111730583012104,0.0017749877879396,0.0109204025939106,0.0020055314525961,0.0204202178865671,0.006329967174679,-0.0071559133939445,0.0064855879172682,-0.0064484537579119,-0.0086725233122706,-0.006085748784244,-0.0075641111470758,-0.0019356103148311,0
0.0103577245026826,0.00333051988855,0.0081899780780076,-0.0270245987921953,0.0041546896100044,-0.0081716980785131,-0.0206927321851253,-0.0315844491124153,-0.0176829230040311,-0.0035622487775981,0.0014367807889357,-0.0304671470075845,-0.0280720889568328,0.0036409965250641,-0.0067033777013421,-0.0005717351450584,0.0099102770909667,0.0185765512287616,0.0044250437058508,0.0069228066131472,0
-0.0683439970016479,-0.0131031787022948,0.0464442260563373,0.0096783237531781,0.0072013121098279,0.0308410990983247,0.0187538769096136,-0.0087801041081547,-0.0023936650250107,0.0148385912179946,-0.0034229503944516,-0.0166994947940111,0.0169680509716272,0.0141836460679769,-0.0063621518202126,0.0051226094365119,-0.0016449296381324,0.0138148926198482,-0.0047058495692908,-0.0109172472730278,0
0.00055469176732,-0.0218985006213188,0.0196049883961677,0.0051896460354328,-0.0024964066687971,0.00874197576195,-0.0172280818223953,-0.0102332262322306,-0.005025006365031,-0.0035201660357415,-0.0050293719395995,0.0002022106637014,-0.0043171909637749,0.0041566723957657,0.0038003588560968,-0.010082796216011,4.0740258555160835e-05,-0.0139886923134326,-0.0119811715558171,-0.0148495379835367,0
0.069495290517807,0.0346642918884754,-0.0631488263607025,0.0403307452797889,-0.0301291402429342,0.0187899246811866,0.0262629073113203,0.0247835125774145,0.0352701433002948,0.0326914079487323,0.0179548077285289,-0.0110979601740837,0.0233896933495998,0.0178131852298975,-0.0017697163857519,0.0003125724615529,0.0102590732276439,0.0237305965274572,0.0173803567886352,0.0087030883878469,0
0.008824011310935,-0.0074179652146995,-0.0180801786482334,-0.0358522199094295,-0.0184145048260688,-0.0307640973478555,-0.014702508226037,0.0032787404488772,0.0044811517000198,-0.0073393527418375,-0.0222404617816209,-0.0034728834871202,0.0032637913245707,-0.001313091837801,-0.0071336771361529,0.003062576521188,-0.0016839996678754,-0.0128623684868216,-0.0008480941760353,-0.0028527555987238,0
0.1362080425024032,0.0966676101088523,-0.045094083994627,0.0165295284241437,-0.0199754983186721,0.0027641125489026,0.0019299631239846,-0.0216037053614854,-0.0150738041847944,-0.014345078729093,-0.0007260396960191,0.0006695907213725,-0.0013351617380976,0.0046098809689283,-0.0002355118340346,-0.0159638319164514,-0.0029680801089853,-0.0015701539814472,-0.0010867554228752,-0.0077809053473174,0
0.2180556207895279,-0.0604800768196582,-0.0048071453347802,0.0071635176427662,-0.0094055188819766,-0.0117350211367011,-0.0100094405934214,0.0064266347326338,0.0051222806796431,0.0064512230455875,0.0015566213987767,-0.0083820689469575,-0.0012006051838397,-0.0125932851806283,-0.0101389503106474,-0.0026037564966827,0.0004066473047714,-0.0091237016022205,-0.017337467521429,-0.0190276205539703,0
0.3306410908699035,0.010080711916089,-0.0602587051689624,-0.0327915996313095,-0.0007400276954285,-0.0243134405463933,-0.0231446083635091,-0.0052798339165747,-0.0064876242540776,-0.0114866578951478,-0.0081338649615645,-0.0146249700337648,-0.009946372359991,-0.0076854997314512,-0.0082537624984979,0.000654038391076,0.003863814054057,-0.000762712676078,0.000255274848314,-0.0062054176814854,0
0.0457528494298458,-0.0184817146509885,0.0169174559414386,0.020925523713231,-0.0058448510244488,-0.0074720196425914,-0.0070983367040753,-0.0058438256382942,-0.0036121746525168,-0.0001080443689716,-0.0071407593786716,-0.002350419992581,-0.0060251858085393,0.0077710673213005,0.0072769508697092,-0.0016152820317074,0.0049718590453267,0.0039480929262936,0.0034677928779274,0.0114889554679393,0
0.0822529420256614,-0.0280380863696336,0.0100170178338885,-0.0132957454770803,0.001493506366387,0.0052516646683216,-0.0004068073758389,0.0075368592515587,-0.0064761065877974,-0.0160744134336709,-0.0081508969888091,-0.0015469102654606,-0.0100061111152172,-0.014636980369687,-0.0150304529815912,-0.0030679013580083,-0.0064846505410969,-0.0008883789996616,-0.0054067121818661,0.0006653969176113,0
-0.1265167295932769,0.002218433888629,0.0485098473727703,-0.0288470890372991,0.0154013754799962,0.0014045564457774,0.0172951146960258,-0.0009337835945188,0.0154502466320991,-0.0005250556278042,0.0013144452823325,0.0106857847422361,0.0103434529155492,0.0201148837804794,0.0105760563164949,0.0101659558713436,0.0117011601105332,0.0063618868589401,-0.0075243031606078,0.0098816659301519,0
-0.1472594290971756,0.0102979578077793,-0.0154442535713315,0.0086895143613219,-0.007593008223921,-0.0040069664828479,0.008022547699511,0.0195692274719476,-0.014949258416891,-0.027954913675785,0.0142235895618796,-0.0037305518053472,-0.0022588598076254,0.0143562667071819,0.0225423332303762,0.0185056552290916,0.0036670526023954,0.0253568384796381,0.0058932970277965,-0.0011174289975315,0
0.1951740235090255,-0.0178426690399646,-0.0294324215501546,0.0091059263795614,0.0023678222205489,0.0067553715780377,-0.0003480026207398,0.0407170988619327,0.0111215747892856,-0.00120199250523,0.010033369064331,0.0057970215566456,0.0028865435160696,0.0002062119747279,0.0109070651233196,-0.0016582906246185,0.0068351617082953,0.0099183376878499,-0.0009972070110961,0.001357777044177,0
0.0502336584031581,-0.0355350337922573,0.0402497835457325,-0.0021636325400322,0.0086446329951286,0.0132448263466358,0.008655303157866,0.0062167351134121,0.0023081838153302,0.0044175051152706,0.0023106222506612,0.005657841451466,0.0028152691666036,9.590954141458496e-05,0.0039530736394226,-0.005315541755408,-0.0096213649958372,-0.0070198704488575,0.0087069841101765,0.0045860596001148,0
-0.0427068471908569,0.0153760518878698,-0.0067343791015446,-0.0370475575327873,-0.0109573639929294,-0.031507521867752,-0.0187025237828493,-0.0034289308823645,0.0014210378285497,-0.0053430427797138,-0.0233065485954284,-0.0008537878165952,0.0084062051028013,-0.0029405478853732,-0.0100827850401401,-0.0024832934141159,-0.0009188268450088,-0.0176359582692384,-0.0015310130547732,0.0032785062212496,0
-0.1472594290971756,0.0102979578077793,-0.0154442535713315,0.0086895143613219,-0.007593008223921,-0.0040069664828479,0.008022547699511,0.0195692274719476,-0.014949258416891,-0.027954913675785,0.0142235895618796,-0.0037305518053472,-0.0022588598076254,0.0143562667071819,0.0225423332303762,0.0185056552290916,0.0036670526023954,0.0253568384796381,0.0058932970277965,-0.0011174289975315,0
0.0435573533177375,0.0294787585735321,-0.0212936513125896,-0.0229130890220403,0.0171227622777223,-0.0165168829262256,0.0008714429568499,0.0048506669700145,-0.0149791436269879,0.0007448594551533,-0.000640143349301,0.0033924891613423,0.0126703856512904,-0.0029753930866718,0.0016503961523994,-0.0039256252348423,-0.020746886730194,-0.0110653229057788,0.0113962218165397,0.0031438865698873,0
-0.0240333136171102,0.0491472408175468,-0.0055161761119961,-0.0190111994743347,-0.0034444311168044,0.0047943573445081,-0.0133269913494586,-0.0017704768106341,0.0253685899078845,0.0063598086126148,-0.0314142517745494,-0.0144377974793314,0.0163976605981588,0.0091543747112154,0.0168003048747777,0.007094909902662,0.0023425160907208,0.0121741332113742,-0.0054625589400529,-0.0505741462111473,0
0.0206856541335582,-0.0412579476833343,0.00274249445647,0.0255570206791162,0.011377072893083,-0.0174574963748455,0.0278055667877197,0.0103661213070154,0.0048269121907651,0.0065672071650624,0.0164646059274673,0.0023988795001059,0.0053228703327476,0.0050493739545345,-0.0109788440167903,-0.0038867981638759,0.0164724998176097,0.0221753809601068,0.0292780082672834,0.0177590455859899,0
0.1046135276556015,-0.0507758408784866,0.0460362546145916,-0.0308266691863536,0.0008538372348994,0.0157840158790349,-0.0300292205065488,0.0021835365332663,-0.0083457883447408,0.003669511526823,-0.0137141123414039,-0.0048692966811358,0.0117038562893867,0.0070219673216342,0.0022975536994636,-0.0010338891297578,-0.0036404374986886,-0.0091022215783596,-0.0047552711330354,-0.0198965240269899,0
0.0515179187059402,-0.0066835856996476,0.0003664646646939,-0.053985871374607,-0.0144521882757544,-0.0002015608770307,-0.0128161115571856,-0.030435524880886,-0.0093497326597571,0.0031968159601092,0.0039614671841263,-0.0025691608898341,-0.006048830691725,0.0008875263156369,-0.0023644864559173,-0.0008717169403098,-0.0056782732717692,-0.0148380957543849,0.0003905322228092,0.0062004658393561,0
-0.1296102553606033,0.0440290495753288,0.0204822607338428,0.0229667387902736,0.0314353108406066,0.0015583208296447,0.0349950939416885,0.0176032930612564,0.0019036113517358,0.0065340283326804,0.0092328954488039,0.0082844216376543,-0.0020943186245858,0.0019255824154242,0.0157001335173845,0.0115438112989068,0.006002249661833,0.009790601208806,-0.0032404577359557,-0.0053946855477988,0
-0.0279977191239595,-0.0316448211669921,-0.017478933557868,-0.0010701376013457,0.0099568823352456,-0.0206087883561849,-0.0204592626541852,-0.0052979639731347,0.0010132874595001,0.0080627743154764,-0.0069715436547994,0.0077619943767786,-0.0053314575925469,-0.015547377988696,9.564770880388096e-05,0.0248902887105941,-0.0024576224386692,-0.0014777998439967,-0.0023003804963082,-0.0099952491000294,0
0.0389470495283603,-0.0047072735615074,0.041654784232378,0.0233686082065105,0.0250162687152624,0.0168692823499441,0.0100297946482896,0.0201742220669984,0.0034889832604676,-0.0105680329725146,0.003223706735298,0.0061115212738513,-0.0156105197966098,-0.0042498796246945,0.0076048248447477,0.006205425132066,-0.0021462060976773,0.0058128405362367,0.0106773599982261,0.0005407502758316,0
-0.0188804566860198,0.0663681924343109,0.0210178364068269,-0.003931064158678,0.0016649368917569,-0.0239552427083253,-0.0148090366274118,-0.0166155006736516,-0.0073526562191545,-0.0062337256968021,-0.00440328521654,-0.0019038153113797,-0.0140245594084262,-0.0079563930630683,-0.0019174271728843,0.0020363468211144,-0.0030781778041273,-0.0044805705547332,-0.0026871915906667,-0.0093571254983544,0
0.0555458925664424,0.0187434460967779,-0.043022021651268,-0.063136488199234,-0.0157165564596653,-0.0274567808955907,-0.0229553915560245,-0.0138354757800698,-0.0167829133570194,0.0026053909678012,-0.0001609297760296,-0.0074515580199658,-0.0007993800682015,-0.0121414866298437,0.0094579784199595,0.0055079413577914,-0.0189405251294374,-0.0038683693856,-0.0012000178685411,-0.00642448104918,0
0.1146617978811264,-0.0313588641583919,-0.0202537979930639,0.0420994311571121,-0.0094612827524542,-0.0088401567190885,-0.0113408751785755,0.0125766498968005,0.0297604799270629,0.0059522059746086,0.0309907775372266,0.0046892333775758,0.0163079164922237,0.0102901421487331,-0.0004134465707466,0.0142558393999934,0.0129185300320386,0.0195159241557121,0.0136378072202205,-0.010654080659151,2
0.149867296218872,-0.0087683321908116,-0.0134230703115463,-0.0135750928893685,-0.01201809104532,0.0181542336940765,0.0019855708815157,0.0227558072656393,-0.005915199406445,0.0099647594615817,0.003833805443719,0.0063429940491914,-0.010820803232491,-0.001187179936096,-0.0011991381179541,0.0023715505376458,-0.002840185072273,-0.0100353145971894,-0.0099198408424854,-0.0086299562826752,2
-0.0235702916979789,0.0074802041053771,0.0411428213119506,0.0106972521170973,0.0086898272857069,0.0228245668113231,-0.0151614211499691,-0.0083416998386383,-0.0065757147967815,0.0020090108737349,0.0095340674743056,0.008902727626264,0.0211910922080278,0.0068919518962502,-0.0014491166220977,0.0027694643940776,-0.0061194794252514,0.0048442417755723,-0.0043619652278721,-0.0103968596085906,2
0.1114520505070686,-0.0100425546988844,-0.0240700282156467,0.0290504898875951,0.0084112510085105,0.0008572595543228,-0.0185153279453516,-0.0084545193240046,-0.0043950052931904,0.0036438456736505,0.0047385906800627,0.0102913081645965,0.0102856950834393,0.0089455200359225,0.0086100809276103,-0.00558154983446,-0.0103195197880268,-0.0031528016552329,0.0197278521955013,0.0148951094597578,2
0.0063953916542232,0.0218525305390357,-0.0401729084551334,0.0081408824771642,-0.0038000019267201,0.0123186809942126,0.0067613665014505,-0.001590147614479,0.0092135518789291,0.006866636686027,-0.0053365416824817,-0.0021907640621066,-0.0031902696937322,-0.0023146173916757,0.0012480133445933,0.0042055938392877,0.0025506946258246,0.0019538945052772,0.0028675254434347,-0.0019841189496219,2
0.0012595817679539,0.0032211886718869,-0.0102477492764592,-0.0190850365906953,-0.0025826680939644,-0.0030943714082241,0.014357921667397,-0.0176610518246889,-0.0119537832215428,-0.0018850110936909,-0.0029331718105822,0.0065330900251865,-0.0002689154935069,-0.0069721085019409,0.0010918859625235,-0.003504354506731,0.0036749497521668,0.0047225579619407,0.0062996135093271,0.0100266244262456,2
-0.0107667539268732,-0.0010056529426947,0.0192802269011735,-0.0190128907561302,-0.0059210606850683,-0.0206953324377536,-0.0117057124152779,0.0029241174925118,-0.001491181901656,-0.0270219556987285,0.0024087247438728,-0.008921536616981,0.0052796257659792,0.0189801864326,-0.0001264584716409,0.0066946572624146,-0.0088807055726647,-0.0096426382660865,-0.0045302156358957,-0.0032103834673762,2
-0.0535829626023769,-0.0012688810238614,-0.0331896133720874,-0.0052396948449313,-0.0052138427272439,-0.0131173143163323,-0.0014171478105708,-0.0052343141287565,-0.0018108965596184,-0.0079737929627299,-0.0080217821523547,-0.0028558692429214,0.0080877058207988,0.0024791765026748,-9.06169443624094e-05,0.0026818753685802,0.006452637258917,-0.0017566327005624,-0.0145279308781027,-0.0133088529109954,2
0.1035739481449127,-0.0100919306278228,-0.0409744009375572,-0.0126914242282509,-0.002972601680085,-0.0068369451910257,-0.0177020691335201,-0.0095551516860723,-0.0046929023228585,0.0098436158150434,-0.0005618638824671,-0.0069921733811497,-0.0016731902724131,0.010745458304882,0.0086599774658679,0.0101938415318727,0.0046448819339275,-0.0154859935864806,-0.010403698310256,0.0066291275434195,2
0.023955812677741,0.0387124083936214,-0.0114564569666981,-0.0159923415631055,0.0079782176762819,0.0229429546743631,0.0164839997887611,4.8087902541738e-05,-0.006829984486103,-0.0072877490893006,-0.0034993940498679,0.0013005038490518,0.0043829316273331,0.0022204273846,0.0054470491595566,-0.0007159474189393,0.0051384568214416,0.0023473103065043,0.0007716279942542,-0.0065909377299249,2
0.112024649977684,-0.071046382188797,-0.0141587816178798,0.0003687205025926,0.0074397665448486,0.0234882626682519,-0.0144377648830413,0.0230711791664361,0.0047993180342018,-0.0116945682093501,-0.020691780373454,-0.0046474342234432,-0.0068609681911766,0.0035339770838618,-0.0049763373099267,-0.0005147163756191,0.0118802040815353,0.0176206529140472,-0.0065025831572711,-0.0051851049065589,2
0.0432400628924369,0.0006288167787715,-0.009215491823852,0.0141914915293455,-0.0020382266957312,-0.012764218263328,-0.0121916215866804,0.0013473370345309,-0.0004838146269321,0.0030054550152271,-0.0144564835354685,0.002686095656827,0.0066520594991743,-0.0060005970299243,-0.0050489818677306,-0.0017029965529218,0.0003479105362202,0.0078862197697162,0.0213909950107336,0.0232399478554725,2
-0.0185055173933506,-0.0315799675881862,0.0345682054758071,-0.013308061286807,0.0163859203457832,-0.0117729483172297,0.0077984021045267,-0.0017374729504808,0.0003520275349728,0.0098905377089977,-0.0045490423217415,0.0044041890650987,0.0072335777804255,0.0070701534859836,-0.0062555503100156,-0.0025333266239613,0.0088672935962677,0.0077165071852505,0.001094166887924,-0.0084730591624975,2
0.0243643745779991,-0.0106972223147749,0.0047610579058527,0.0162163320928812,-0.0058187860995531,-0.011624208651483,0.0015221778303384,0.0071897250600159,0.0018013594672083,0.0129576474428176,0.0173364579677581,0.0205464381724596,0.005658992100507,-0.0069235051050782,-0.0031219872180372,-0.0068443408235907,-0.0028229819145053,0.0046950564719736,0.0062299156561493,0.0014410628937184,2
-0.0618544816970825,0.0159977748990058,0.0248902775347232,-0.0294961780309677,-0.0144017385318875,0.0170501451939344,0.0102957487106323,-0.0031669370364397,-4.471353167900816e-05,-0.0132282003760337,5.809078629681608e-06,-0.0072220899164676,-0.0057333861477673,-0.0106907011941075,0.0152392731979489,-0.0022576609626412,0.0018716913182288,0.0098552424460649,-0.0047118752263486,-0.0072460588999092,2
-0.0352202132344245,0.0306894928216934,0.0684604719281196,0.0470945127308368,0.0100756594911217,0.0171533934772014,0.0148728806525468,0.0064730131998658,0.0076076393015682,0.020603023469448,0.0164758749306201,0.0078853666782379,-0.0086476169526577,-0.0064590303227305,-0.009168442338705,0.00396633381024,-0.0054103732109069,0.0020987023599445,0.0091989459469914,0.0068010799586772,2
0.0493401363492012,-0.0011198068968951,-0.0026733113918453,0.0007536188350059,-0.004076206125319,-0.0128503711894154,-0.0027314301114529,0.0016176078934222,0.0056302947923541,-0.0105390604585409,-0.0192564353346824,-0.0170893855392932,0.0007063599186949,0.0173468701541423,0.0040066828951239,-0.0001665290183154,0.0092451414093375,0.0066981730051338,-0.0135502368211746,-0.0044019808992743,2
-0.0351922661066055,0.0380670130252838,0.0206488892436027,0.0186653267592191,0.0361937321722507,0.0321671776473522,0.0244343988597393,-0.0019582894165068,0.0164749436080455,0.0106239849701523,0.0005129757337272,0.0018390823388472,0.004677518736571,-0.0027613409329205,0.0093231992796063,0.0096038691699504,0.0013440309558063,3.248245775466785e-05,-0.0067755375057458,-0.0118912169709801,2
0.0890759006142616,-0.041613757610321,0.0040146205574274,-0.0074874218553304,-0.0207311380654573,-0.0355414859950542,-0.0264173783361911,0.0141520891338586,-0.0085731707513332,-0.0029273896943777,0.0212940797209739,0.0193032305687665,0.0029883566312491,-0.0063446043059229,-0.0066236746497452,0.0121838245540857,0.014903868548572,0.0092881070449948,-0.0064571099355816,-0.0037106117233633,2
-0.0538110360503196,0.0117208519950509,-0.0059221219271421,-0.0136374421417713,-0.0021313321776688,-0.0075943246483802,-0.0062356162816286,0.0003893628017976,0.0103406514972448,0.0075161070562899,0.0021687524858862,-0.0003473911783657,0.0040845111943781,-0.0056274821981787,0.0012268499704077,0.0024172605480998,0.0119626326486468,-0.0055275936610996,-0.0016389767406508,-0.0082092126831412,2
-0.0287043750286102,-0.0117923505604267,-0.0129676545038819,0.0308863259851932,-0.0290985964238643,-0.0009356245864182,-0.0070737367495894,-0.0155091248452663,-0.0172130204737186,-0.0117583014070987,-0.009110789746046,0.0025955147575587,-0.0010858920868486,0.0004329489602241,-0.0028483031783252,-0.0122344065457582,-0.0102919610217213,-0.0086051207035779,-0.0091479895636439,-0.0044962875545024,2
-0.013910923153162,-0.0267931353300809,-0.0132847940549254,-0.0049414299428462,0.0048348600976169,-0.0027666350360959,0.001363129587844,-0.0103545431047678,0.0007314132526516,-0.0121994614601135,-0.0054142768494784,-0.0032758263405412,-0.010524520650506,-0.0140399727970361,-0.0103409513831138,0.0043976372107863,0.0111671928316354,-0.0016817888244986,-0.0052212798036634,-0.0131466193124651,2
-0.0257641412317752,0.0234392303973436,0.0174992699176073,-0.0065431036055088,0.0171842854470014,-0.0034272118937224,0.0096521666273474,2.691235022211913e-05,0.0050508789718151,-0.0018173949792981,0.0039493707008659,0.006912630982697,0.0063575748354196,-0.0051526604220271,-0.0010247698519378,-0.0039508980698883,-0.0033611289691179,0.0057767815887928,0.0140329701825976,-0.00114650093019,2
-0.0176166091114282,-0.0247238669544458,0.0277433041483163,0.0105121210217475,0.010210826061666,0.0209674630314111,0.0004893374280072,0.0192360188812017,-0.0010708590270951,0.0109389089047908,0.0082705691456794,0.0102306241169571,-0.004922152031213,-0.0126077104359865,-0.0081786457449197,0.0090003889054059,0.016561321914196,0.0122285019606351,-0.0066600912250578,-0.0113696185871958,2
0.0400407649576664,0.0033301983494311,-0.0254979319870471,-0.0248466860502958,-0.0010864121140912,0.0138869704678654,0.0073563787154853,0.0009857688564807,0.0142204333096742,0.0113197499886155,-0.0055666523985564,-0.0156069295480847,-0.0012593325227499,0.0086092073470354,0.015979666262865,0.0022815249394625,0.001236940617673,0.0052154241129755,-0.0050136907957494,-0.0136469155550003,2
0.0446562692523002,-0.0184905715286731,0.0349123142659664,0.0051741329953074,0.0115795535966753,-0.0135819595307111,-0.0201829876750707,-0.0029008346609771,0.0037110226694494,-0.0112184872850775,-0.0046553937718272,0.0069127925671637,-0.0009985419455915,0.0007421828340739,-0.0036536464467644,0.0090941125527024,0.0118008200079202,0.003445349400863,-0.0075465599074959,-0.0203270055353641,2
0.0306055545806884,0.0247301328927278,-0.0073351538740098,0.0199601240456104,0.0087995892390608,-0.0062420307658612,-0.0139166601002216,0.0135083254426717,0.0050568482838571,-0.0048067197203636,-0.0065890518017113,0.0120703345164656,0.0039825122803449,-0.0063037811778485,0.00447962526232,-0.0049996790476143,-0.0071122227236628,0.0037582402583211,0.0051169577054679,0.0171422213315963,2
0.0158752240240573,0.0074589163996279,-0.0144269783049821,-0.0261711571365594,-0.0276496093720197,-0.0157614070922136,-0.0154000306501984,-0.0239797104150056,-0.0289311185479164,-0.0060212821699678,-0.0232311803847551,-0.0188735984265804,-0.0127847427502274,0.0045733689330518,0.0059188907034695,-0.0008615920087322,-0.01040596421808,0.0164993274956941,0.0075064850971102,0.0133739123120903,2
-0.1212714165449142,-0.0597328133881092,0.0115866670385003,0.0280585084110498,0.0030092543456703,-0.0116679305210709,-0.0114699956029653,0.000349061039742,0.0005104598822072,-0.010762495920062,0.0027641295455396,0.0005968695622868,0.0118486369028687,-0.0047378139570355,-0.0074245352298021,-0.0042082984000444,-0.0138093931600451,-0.0112634794786572,-2.171554478991311e-05,-0.0068794190883636,2
0.0447544865310192,-0.0076176482252776,-0.0551139898598194,-0.0453743748366832,-0.0117327384650707,-0.0126165989786386,-0.0068275616504251,-0.0068420059978961,-0.0106384474784135,-0.0041871243156492,0.0124584734439849,0.0181030165404081,0.0310971401631832,0.0183546468615531,0.0034046969376504,0.0044210911728441,0.0040004840120673,0.0054950579069554,0.0108672315254807,0.0091952625662088,2
0.1763621866703033,0.0539612621068954,-0.0758325904607772,-0.0079867355525493,-0.0254619382321834,-0.0142411282286047,0.0170906148850917,0.0043646642006933,-0.0063184117898344,-0.0148871773853898,0.0011341167846694,0.0035806982778012,0.0176270250231027,0.0103215752169489,-0.0080693811178207,-0.0043548359535634,-0.000400363234803,-0.003485724562779,0.0092863216996192,-0.0001861206401372,2
-0.0340049006044864,0.0097041726112365,-0.0068624531850218,0.0124789159744977,0.007317648269236,-0.0058764466084539,0.0059320805594325,0.0024120211601257,0.0056942822411656,0.0018475141841918,0.025388766080141,-0.0144166955724358,-0.0083705466240644,0.0120306368917226,-0.0026839920319616,0.0003739863750524,0.0012838640250265,0.0153197264298796,0.0131931761279702,0.0073723657988011,2
-0.007557030301541,-0.0051953652873635,-0.0154277551919221,-0.012282864190638,-0.0202319268137216,-0.0032861388754099,0.0086727291345596,0.0156439840793609,0.0066772219724953,-0.0042920438572764,0.0049626748077571,-0.0050952150486409,0.0093780709430575,0.0136486683040857,-9.879011486191304e-05,0.0076568834483623,0.0034506812226027,-0.0010525716934353,0.0109771285206079,0.0244795605540275,2
0.0209738072007894,-0.0331416428089141,-0.0565751120448112,-0.0156757738441228,-0.0361280851066112,-0.0459832809865474,-0.0174500327557325,0.008389794267714,0.0026653271634131,-0.0016649243189021,-0.0013648193562403,0.0013077921466901,0.0072749271057546,0.0004871638375334,0.0127372648566961,0.0117505276575684,0.0138402907177805,0.0085010016337037,0.0017906478606164,0.0051360912621021,2
0.0553051903843879,0.0460763685405254,0.0224583763629198,0.0037861564196646,-0.0219017695635557,-0.0265083461999893,-0.0221788883209228,0.0179841537028551,-0.0034801708534359,0.0134412785992026,0.0108780516311526,0.0018291240558028,-0.0068417363800108,0.0102078905329108,0.0075993733480572,0.0112397698685526,-0.0043891593813896,-0.0051882020197808,-0.0062135988846421,-0.0083177611231803,2
0.0246234405785799,-0.0023581977002322,-0.0053241713903844,0.000440613599494,0.0021032453514635,0.0034851352684199,-0.0119063900783658,-0.0093501703813672,-4.321204323787242e-05,0.0048174168914556,-0.0008061153348535,-0.0037397027481347,-0.0113449990749359,0.002397445961833,-0.0004773107066284,-0.0016387621872127,-0.0041329087689518,-0.0008386001572944,-0.0044411653652787,0.0143925519660115,2
-0.189490869641304,0.0056298174895346,0.0287101827561855,0.001756687182933,0.0073205274529755,0.0163257885724306,-0.0078130420297384,0.0051662791520357,-0.0095507418736815,-0.0198757536709308,-0.0248408876359462,-0.0038969879969954,-0.0011776929022744,-0.0029006015975028,0.0026197470724582,0.0085102636367082,0.0063089383766055,0.0072406604886054,0.0004636041994672,-0.0100257797166705,2
0.1915657520294189,-0.0796327069401741,0.0200966484844684,-0.0099545391276478,0.0028926956001669,0.0108024161309003,0.0403862856328487,0.0271047223359346,0.0105003165081143,0.0121661061421036,0.0160391349345445,0.0188364889472723,0.0197710450738668,0.003473199205473,-0.0084325121715664,0.0081602111458778,0.0117664458230137,-0.0054010646417737,-0.0005373320309445,0.0075698993168771,2
-0.006389420479536,0.0079044234007596,0.0376895628869533,0.0025861877948045,0.0042342180386185,0.0006373863434419,-0.0164309740066528,-0.0166010335087776,-0.0146160786971449,-0.0057599265128374,-0.0015337030636146,0.00213771359995,0.0096217095851898,0.0076296436600387,0.0048054861836135,-0.0010043485090136,0.0030530435033142,-0.0055330134928226,-0.0122320801019668,-0.005846332758665,2
0.0200379844754934,-0.0363936237990856,0.0082534234970808,-0.0112493392080068,-0.0044087930582463,-0.0072639691643416,-0.0018337717046961,-0.0032402444630861,-0.0123743582516908,-0.0133686223998665,-0.0003617759502958,-0.0027137685101479,-0.0118933310732245,-0.0039801867678761,-0.002079258672893,-0.0130077740177512,0.0023030494339764,0.0012724614934995,-0.0121846180409193,0.0008612545789219,2
0.0615495182573795,-0.0303225219249725,-0.0149630839005112,-0.0077346675097942,-0.0207582991570234,-0.0178127605468034,-0.0183008722960948,-0.0247437637299299,-0.0109525192528963,-0.009945610538125,-0.005564805585891,0.0009954998968169,0.0011599792633205,-0.011166158132255,-0.0129080712795257,-4.901281135971658e-05,0.0020110181067138,0.006224880926311,0.0009797681123018,0.0040200995281338,2
0.0693777278065681,0.0317593999207019,-0.0355297774076461,0.0162884388118982,0.007094710599631,0.0026967313606292,0.0045804195106029,-0.0026513701304793,-0.0080221993848681,-0.0025098870974034,0.004090066999197,0.00839071162045,0.0016474067233502,-0.0010861261980608,0.0093516753986477,0.006234670523554,0.0012893241364508,0.0038474525790661,0.0059586018323898,0.0084032192826271,2
-0.0583674572408199,0.0300002787262201,0.0174884665757417,0.0096662789583206,0.0066983229480683,0.0074528697878122,0.0145943947136402,0.0130616100504994,0.0042640911415219,0.0076755634509027,-0.0003787278255913,-0.0009534928831271,0.0010076162870973,-0.0008548823534511,-0.0055459877476096,0.0079445084556937,-0.0112809054553508,-0.0139069454744458,-0.0036647284869104,-0.0156403481960296,2
-0.0552234463393688,0.0462373010814189,-0.0260561518371105,-0.0039296830072999,0.0088496636599302,-0.0019289784831926,0.0158369448035955,-0.001551687833853,0.0039075301028788,-0.0038985358551144,-0.0042053158394992,-0.0052157547324895,0.0004356849822215,-0.0057059554383158,0.0013380253221839,-0.0104917986318469,-0.0088856192305684,-0.0008115580421872,0.0062238806858658,-0.0039739706553518,2
-0.0576786287128925,0.0139257814735174,0.0537894368171691,-0.0170965492725372,0.0159557685256004,0.0136747416108846,0.0018966745119541,0.0221654940396547,0.0171000976115465,0.0063357865437865,-0.0008517897222191,0.0048832152970135,0.0037286968436092,0.0091581437736749,0.0077552325092256,-0.0063226809725165,0.0009125468204729,0.0047099068760871,0.0021873025689274,0.0021323135588318,2
0.0682781040668487,-0.0061241276562213,-0.0215990226715803,-0.0118707688525319,0.0001232839858857,-0.009212939068675,0.0014494389761239,-0.0035754702985286,-0.0073545351624488,-0.0084133930504322,-0.0060077840462327,0.0026820239145308,0.004072830080986,-0.0023150527849793,-0.000429806561442,0.0012879263376817,-0.0019285610178485,0.0001875404559541,-0.0119163505733013,-0.0095940791070461,2
0.063426099717617,-0.0423217304050922,-0.0081266136839985,-0.0237997099757194,-0.020363625138998,0.0363995097577571,-0.0098897069692611,-0.0003777523816097,0.0142538035288453,-0.0065738703124225,-0.0103918956592679,-0.0046226172707974,-0.0018272956367582,0.0052875066176056,-0.0151981813833117,0.0012273640604689,0.0049551916308701,-0.0031988308764994,-0.013657096773386,-0.0108585553243756,2
0.0435971617698669,-0.0243325736373662,-0.0015040690777823,-0.0202331636101007,0.0092882569879293,-0.0023502961266785,0.0152669204398989,-0.0002808681456372,-0.0013287898618727,0.0047568124718964,0.0190851669758558,0.0030331402085721,0.0072683333419263,0.0043856487609446,0.0003335474175401,0.0051412242464721,0.0058370390906929,0.0112986993044614,-0.0013454946456477,-0.0131394639611244,2
-0.0258172806352376,-0.0340581983327865,-0.015929952263832,-0.0254292320460081,-0.016212161630392,-0.0069935857318341,-0.0229922402650117,-0.0090763727203011,-0.0013813448604196,0.0125562986359,0.0056194979697465,-0.0176325067877769,-0.0153824314475059,0.0004552627797238,-0.0115731675177812,-0.0004426125669851,-0.0054054660722613,0.0099458349868655,0.0170937031507492,0.0080216331407427,2
0.0646172016859054,0.0640566572546958,-0.0588231272995471,-0.0244435276836156,0.0184067171066999,-0.0010834854329004,0.0292908083647489,-0.0248951930552721,-0.0040122810751199,0.0098791951313614,0.0040605985559523,-0.0037078296300023,0.0096121355891227,-0.0080586178228259,0.0042297071777284,-8.763477671891451e-05,-0.0008635827107354,0.0058228839188814,-0.0041216351091861,-0.0273053310811519,2
0.0759213492274284,-0.0311702266335487,0.0106678372249007,-0.0101417079567909,-0.0249479711055755,0.0036272567231208,0.0020845080725848,-0.0042802467942237,0.0135634560137987,0.0092653036117553,-0.000166199853993,0.0025811621453613,-0.0016471095150336,0.0122926365584135,-0.00024521452724,-0.0022052696440368,0.0080105690285563,-0.0014769103145226,0.0019199188100174,0.000224626113777,2
0.023088714107871,0.0009676084155216,-0.0156812351197004,0.0111377630382776,0.0097525361925363,0.0130062224343419,0.0075224051252007,0.005824111867696,-0.0051758424378931,0.001150231109932,-0.011627297848463,0.0007929443963803,-0.0037679325323551,-0.0091618373990058,-0.0016960740322247,0.0032311074901372,-0.0040823663584887,-0.0069778496399521,-0.008008325472474,-0.0043086544610559,2
0.0422780700027942,-0.0069116782397031,-0.0095131620764732,-0.0103855114430189,-0.000397660798626,0.0139408968389034,0.0010713568190112,-0.0147031927481293,0.0061100372113287,0.0060910987667739,-0.0007184829446487,0.0129484925419092,0.0084693282842636,0.0123329991474747,0.0047905459068715,-0.0067851692438125,0.0035423750523477,0.015578145161271,-0.0012650938006117,5.572614827542566e-05,2
0.0343871489167213,-0.0091736754402518,0.016538318246603,0.0073260208591818,-0.0064937518909573,0.0078777913004159,-0.0137557117268443,-0.0008816390763968,-0.0149426646530628,0.0072345086373388,-0.0151760075241327,0.0059154573827981,-0.0111330524086952,-0.0028945882804691,-0.015299660153687,0.0001538091164547,-0.0074375048279762,0.0015758592635393,0.0042751845903694,0.0059673306532204,2
-0.0555177070200443,0.096914567053318,-0.0498332753777504,0.0097198644652962,0.0316190384328365,0.0042402986437082,0.0140591682866215,0.0103693446144461,0.0078879483044147,0.0157897341996431,0.0117417750880122,0.0089672738686203,-0.0195198059082031,0.0014668657677248,-0.0008276152657344,0.0060661458410322,0.0113190058618783,0.0041310982778668,0.0057048466987907,0.0081476671621203,2
0.0320459306240081,0.0281056929379701,-0.0169487055391073,0.0018055157270282,0.0078398846089839,-0.0167797356843948,-0.0157511588186025,0.0078348610550165,0.0209202449768781,0.0094744842499494,0.0040820594877004,-0.0145261399447917,0.0021930979564785,-0.0128739746287465,0.0050264503806829,0.0187267996370792,0.0257136467844247,0.0012361879926174,0.0022129493299871,-0.0104912212118506,2
0.1042377203702926,-0.0373835004866123,0.0118983974680304,-0.032913003116846,-0.0105711268261075,-0.0006625222740694,-0.0018485217588022,0.0012444225139915,-0.0171434953808784,0.0104792341589927,0.0119591187685728,-0.0043149678967893,-0.0109454505145549,0.0088689941912889,0.000644881511107,0.0053265732713043,0.0049530211836099,5.238054291112349e-05,0.0015033845556899,0.006180512253195,2
0.0215669199824333,-0.027704618871212,0.0285134930163621,-0.0056389598175883,0.0083339167758822,-0.0197580363601446,-0.0396568216383457,-0.0168592631816864,-0.0026082280091941,-0.0161342043429613,0.0009414314408786,7.985196862136945e-05,0.0018641604110598,0.0024403447750955,-0.0050078993663191,-0.0002040888793999,0.0127747720107436,0.0056975502520799,0.005693222861737,-0.0098901661112904,2
0.0561467781662941,-0.0490245074033737,-0.0216717552393674,0.0083780977874994,-0.0001277429400943,-0.0185142457485198,-0.0149023225530982,-0.0055977120064198,-0.0049984157085418,-0.0036284814123064,0.004139479715377,-0.0039148675277829,-0.0114894686266779,-0.0047594513744115,-0.0100377714261412,0.0051604304462671,0.0170221794396638,0.0198953375220298,-0.0018699768697842,-0.0115853734314441,2
0.0656991600990295,-0.0019727000035345,0.0242232028394937,0.0097242277115583,0.0046641090884804,0.0158464685082435,0.0223002284765243,0.0193178709596395,0.0087441522628068,0.0197929628193378,0.013359161093831,0.0032616658136248,-0.0062389727681875,0.0026068983133882,-0.0113466354086995,0.0095739504322409,-0.0031422288157045,0.0152232209220528,-0.0067977560684084,-0.0116886738687753,2
0.0473979860544204,-0.0158215519040823,-0.0117382761090993,0.0223692134022712,-0.0118692899122834,0.0175720807164907,-0.0114484904333949,-2.5130018912022933e-05,-0.013834610581398,-0.0135217774659395,-0.0217793732881546,-0.0108861476182937,0.0036244874354451,-0.000217285065446,0.0036170699167996,0.0170224215835332,0.0004929814022034,0.0136664556339383,0.0092746783047914,0.0052811331115663,2
0.0227448586374521,-0.0374016612768173,-0.006627551279962,0.0137468324974179,0.0074190022423863,0.0084418132901191,-0.0035229183267802,0.0241003781557083,-0.0053880047053098,-0.0022335862740874,-0.0005123160080984,-0.0033254704903811,0.0039693163707852,0.0064526386559009,-0.0010582510149106,0.0194046869874,-0.0010863611241802,0.0029477053321897,-0.0182095188647508,-0.0113159818574786,2
-0.0121823018416762,-0.0461466386914253,0.0105371139943599,0.0409679450094699,-0.0175151210278272,-0.0173692014068365,-0.0300408080220222,-0.0159873124212026,-0.0069898911751806,-0.0071265213191509,-0.006763344630599,0.0066643543541431,-0.0179085358977317,-0.0171171892434358,-0.0129301631823182,-0.0019448826787993,-0.0002997598203364,0.000896182784345,-0.0001726238988339,-0.0030310845468193,2
0.1552963852882385,-0.037669438868761,0.0161353014409542,-0.0046643745154142,0.0113420356065034,0.0019983053207397,-0.0161505155265331,-0.0034689863678067,-0.0032663566526025,-0.0084648486226797,-0.0078535070642828,-0.0038072573952376,-0.0160071123391389,-0.0038562514819204,-0.0009053183021023,0.0023602668661624,0.0083332136273384,-0.0044777244329452,-0.0103640807792544,-0.000129983673105,2
-0.0563508532941341,0.0175297651439905,0.013705164194107,-0.0258773658424615,-0.0066786631941795,-0.0085981441661715,0.0089615546166896,-0.0078725423663854,-0.0070614595897495,-0.0121775101870298,-0.0118651501834392,-0.0185754876583814,-0.0100750736892223,0.010726923123002,0.0057634189724922,0.0115659944713115,0.0230159033089876,0.0105683812871575,0.013342622667551,0.0001376825239276,2
0.0412203855812549,0.0087172370404005,-0.0162026118487119,0.041306909173727,0.0174626111984252,0.0008959213155321,-0.0017854355974122,-0.009093708358705,-0.0115028424188494,-0.0050140181556344,-0.0117073142901062,-0.0012579112080857,-0.0009542352636344,0.0118416305631399,-0.0022683085408061,0.0069259377196431,-0.0082444669678807,-0.0002385229454375,-0.0077743199653923,-0.0006651371368207,2
0.0334099791944026,-0.0393749698996543,-0.0526947937905788,0.0037858495488762,-0.0153717575594782,-0.0221099071204662,-0.0087846461683511,-0.0042804395779967,-0.0080633144825696,-0.004879564512521,-0.014202051796019,0.0126134911552071,0.0087557081133127,0.0105014210566878,-0.0018400814151391,0.0045252032577991,0.0011621176963672,0.000975145609118,-0.0091028260067105,-0.0017288255039602,2
0.092194452881813,-0.0321606881916523,0.0489418990910053,0.0134400902315974,0.0146579435095191,0.0289210323244333,0.0149284061044454,0.0258521381765604,0.0172995328903198,-0.0015459407586604,0.0172451324760913,0.0045498860999941,0.0071845855563879,0.016266206279397,-0.0059615597128868,-0.0113740572705864,0.0020248515065759,0.0181220304220914,0.0157151892781257,0.0194484293460845,2
-0.1123378872871398,0.0132341925054788,0.0001852001587394,0.0064622326754033,0.0004631353658623,0.0008943916182033,0.0288764033466577,-0.0062920148484408,0.0054157814010977,-0.0151781495660543,-0.0043086358346045,-0.0158262029290199,-0.0074340566061437,-0.0069645936600863,0.0221229530870914,0.0021329626906663,0.0125378658995032,0.0012735900236293,0.0060664280317723,-0.020118772983551,2
0.1088923588395118,-0.0486530773341655,-0.0357155539095401,0.0060505787841975,0.002093800343573,-0.0066076545044779,-0.0142429154366254,-0.003625311423093,0.004400301259011,0.0009428055491298,-0.0121663678437471,-0.0113069703802466,-0.006392243783921,-0.0051122424192726,0.001149185700342,-0.0027524163015186,-0.0069791274145245,-0.0074596237391233,0.0023765459191054,0.0072864713147282,2
-0.1108953803777694,0.0002599393192213,-0.0224428698420524,0.0399124585092067,0.0250225737690925,-0.0196499656885862,-0.0271657109260559,-0.0214209891855716,0.0042993030510842,0.0014349413104355,-0.0012376568047329,-0.0031244547571986,-0.0080512342974543,0.0001056214605341,7.325664046220481e-05,0.005040424875915,0.0074867424555122,0.0139806764200329,0.0072201113216578,-0.0049585681408643,2
0.0529465712606906,-0.0057504689320921,-0.0282311048358678,-0.0179571844637393,0.0130394482985138,0.0223935041576623,0.013779042288661,0.0116937328130006,0.0021989354863762,-0.0051563335582613,-0.0108898887410759,-0.0171915888786315,0.0079571632668375,0.0086004370823502,0.0040990668348968,-0.0029759153258055,-0.0091524329036474,0.0043019563890993,-0.0064545422792434,0.0007441108464263,2
0.0070630335249006,-0.0084836343303322,-0.021876810118556,-0.0183915961533784,-0.0217910576611757,-0.0366764031350612,-0.0106414947658777,-0.0160621460527181,-0.0038729985244572,-0.0035784682258963,-0.0099717900156974,-0.0035153373610228,-0.0010770297376438,0.0015175066655501,-0.0142111619934439,-0.0012117307633161,-0.0066947792656719,-0.0171703156083822,0.0071136197075247,-0.0048498180694878,2
0.0246684849262237,0.0112457983195781,0.0035720495507121,-0.0076341400854289,-0.008365849032998,0.0079916575923562,0.0141146425157785,0.010359676554799,0.0244095772504806,0.0001018347902572,-0.0071298270486295,-0.0041905581019818,0.0212280340492725,0.0137361846864223,0.0079501317813992,0.0061385137960314,0.0020469722803682,-0.0008301185443997,0.0232829190790653,0.005852258298546,2
0.0979928374290466,-0.0090990029275417,0.0213544070720672,-0.002172467065975,-0.0127109074965119,0.0016733901575207,-0.0009672304149717,-0.0039957384578883,-0.0033377141226083,-0.005212971009314,-0.0008140159770846,0.0048204245977103,-0.0077365948818624,-0.0102172745391726,-0.0097507368773221,-0.0030156937427818,0.0183269660919904,0.0147102754563093,0.0084681557491421,0.0037588367704302,2
-0.0649786219000816,0.019537977874279,-0.0107174292206764,0.0015251045115292,0.0201811417937278,-0.0052970182150602,-0.0056585832498967,-0.014549346640706,-0.0088339643552899,-0.0054297889582812,-0.0024195897858589,-0.0053945961408317,-0.0009515235433354,-0.0025085415691137,0.0009577501332387,0.0039773751050233,0.0008220705785788,0.0009081907919608,0.002314395038411,-0.0116952843964099,2
0.0754903107881546,0.0010859480826184,-0.0408363826572895,-0.0061921179294586,-0.0044614472426474,-0.0285055842250585,-0.010656826198101,-0.0062116738408803,0.0105082271620631,-0.008352275006473,-0.0029372069984674,-0.0095256362110376,0.0004597727966029,0.005471606273204,0.0036921114660799,0.006659953854978,0.0051382645033299,0.0013418602757155,-0.0080807013437151,-0.0070006935857236,2
-0.1976641118526458,0.0919467061758041,-0.0319308154284954,-0.0291762612760067,0.0106645971536636,-0.0219645835459232,0.0096348719671368,-0.0257958937436342,-0.0099834753200411,-0.0161401759833097,-0.0150885581970214,-0.0184480026364326,-0.002290905220434,0.0009461684385314,-0.0046457331627607,-0.0140861254185438,-0.021704452112317,-0.0074102133512496,-0.0040322826243937,-0.0006858570268377,2
-0.0714232325553894,0.0080579137429595,0.0002821902453433,-0.0238775014877319,-0.0214018709957599,-0.0164884012192487,-0.0069579435512423,-0.0030661886557936,0.0025848154909908,-0.0013938957126811,0.0032105206046253,-0.0218499582260847,-0.0014640040462836,-0.0077246949076652,0.0006410690257325,-0.0029110927134752,-0.0027648755349218,-0.0073784519918262,0.0055042984895408,-0.005073822569102,2
-0.0718817934393882,0.0520735755562782,-0.0121319610625505,-0.0061644953675568,0.0035844689700752,0.0091005815193057,0.0111028095707297,0.010932732373476,-0.0024878524709492,-0.0032779551111161,-0.0102968364953994,-0.0136982928961515,-0.002838130807504,0.0031953381840139,-0.0006338083185255,-0.0040746303275227,-0.0001432371645933,2.7160525860381313e-05,-0.0024179234169423,-0.0073003279976546,2
-0.1020398065447807,0.0550685264170169,-0.040355909615755,0.0127953365445137,-0.0091852266341447,-0.016336616128683,-0.0150567013770341,-0.0071891457773745,-0.0151928346604108,-0.0025043340865522,-0.0152485398575663,-0.0087511790916323,0.0036539311986416,0.0095259575173258,0.0008597893756814,-0.0134394001215696,-0.007823446765542,-0.0057977363467216,-0.0071632941253483,0.0012200813507661,2
0.0958813950419426,-0.022012036293745,-0.0313548259437084,0.0178032610565423,0.0080829178914427,0.00420200265944,-0.0028397087007761,0.0163072943687438,-0.0070614125579595,0.0213399082422256,-0.0008788145496509,0.0113927451893687,0.0049802716821432,-0.0100948512554168,-0.0093366540968418,0.0047463420778512,-0.009434774518013,-0.001409696182236,0.0039601777680218,0.0081089735031127,2
0.0800565257668495,-0.0032068137079477,0.0207876954227685,0.0241434257477521,0.0234118476510047,0.0232324451208114,-0.0046382285654544,0.0018434158992022,0.0152321718633174,0.0226314552128314,0.017027348279953,0.0107303811237216,0.0082853147760033,0.0140217933803796,0.017170924693346,-0.0049083954654634,0.0092388615012168,0.0033621401526033,0.0111526763066649,-0.0013080982025712,2
-0.0868711099028587,0.0421771928668022,-0.017043013125658,-0.0094489622861146,0.0005332345026545,-0.0136822713539004,0.0218345858156681,-0.0044802944175899,0.0110999392345547,-0.0193678326904773,0.008316614665091,-0.0029053080361336,-0.0030585005879402,-0.0159540753811597,-0.0084689045324921,-0.0101356105878949,-0.0003654895990621,-0.012759250588715,0.003157403320074,-0.0052500288002192,2
-0.0459220074117183,0.0182646941393613,0.0065850731916725,0.0318797007203102,0.0426227152347564,0.010969128459692,0.0044581149704754,0.0062181153334677,0.0092416163533926,-0.0021598311141133,-0.0106028504669666,-0.0047106328420341,0.0015284589026123,-0.0037341250572353,0.0186803005635738,0.0137387784197926,-0.0004129100125283,-0.0073765963315963,0.0056580742821097,0.0043600350618362,2
-0.1649245321750641,0.0111717851832509,0.0091628525406122,-0.0157860200852155,0.0166956912726163,-0.0161624029278755,0.0228288006037473,0.0061910133808851,-0.0056561650708317,-0.0107654649764299,0.0195014551281929,-0.0074668643064796,-0.0117384046316146,-0.0232513174414634,0.0094668250530958,0.0105569092556834,0.0060690189711749,-0.0256172139197587,-0.0037626214325428,0.0131844449788331,2
0.0265429653227329,0.0215317271649837,-0.0225973986089229,-0.036212533712387,-0.0340817421674728,-0.0087168533354997,0.0050085373222827,0.0015356560470536,-0.0157911200076341,-0.0125278290361166,-0.028017308562994,-0.0118967201560735,0.0028859593439847,0.0034476204309612,-0.0162093732506036,-0.0046131126582622,-0.0014846824342384,-0.0102625796571373,0.0032490459270775,0.0036268425174057,2
0.1344983726739883,-0.0302385278046131,-0.0047604632563889,-0.0007882483187131,0.0042407987639307,0.0113570019602775,0.0052192877046763,-0.0060495370998978,0.0139993019402027,0.0222878791391849,0.0092592732980847,0.0103875584900379,0.0093095218762755,-0.0040147881954908,-0.0139144165441393,-0.0001673355436651,-0.0004433833237271,0.0041579166427254,0.0021840999834239,0.0063618561252951,2
-0.0162712037563323,-0.005782269872725,-0.0132301589474082,-0.0091899512335658,-0.0012965869391337,-0.0048112971708178,-0.0160649325698614,-0.0125753693282604,0.0045625371858477,-0.0020405524410307,0.0050618844106793,0.0114586185663938,-0.0072130924090743,-0.0067720236256718,-0.0058068069629371,0.0045387763530015,0.016146020963788,0.0061930636875331,0.0004987856955267,0.0007618567324243,2
0.0298171546310186,0.0074299778789281,-0.0062103155069053,-0.0019247264135628,0.0178394932299852,0.0039563006721436,0.0223274882882833,0.0101164504885673,0.0031851751264184,-5.364878961700015e-05,0.0107381688430905,-0.0014369445852935,0.0064273616299033,0.0003756112419068,0.010753221809864,-0.0032617393881082,0.0047427164390683,0.0055063012987375,0.008314661681652,0.0061124255880713,2
0.1147148460149765,-0.0439510196447372,-0.0496334582567215,0.0357014015316963,0.004430565983057,-0.0006233932217583,-0.0187709350138902,0.0136009221896529,-0.0079649109393358,0.0070211798883974,-0.0055203270167112,0.0276116896420717,0.0098696192726492,0.010172895155847,-0.012260690331459,0.0080169606953859,-0.0027657598257064,0.0148213794454932,1.339126902166754e-05,0.0021216797176748,2
0.0317427292466163,0.0116378786042332,-0.0213304236531257,-0.006367590278387,-0.0012577581219375,-0.0046576978638768,0.0016051679849624,-0.0103292176499962,0.0005793317104689,0.002007299568504,0.0159399043768644,0.0037345208693295,0.0002667935332283,0.0008021496469154,0.0121487947180867,0.0049886815249919,-0.0008721443591639,-0.0112238796427845,-0.0108028557151556,0.0039133401587605,2
-0.0064208349213004,0.0177428945899009,-0.0166198331862688,-0.0091536007821559,0.0027384788263589,-0.005576622672379,-0.0066485838033258,0.0027884419541805,0.0032112784683704,0.0082452753558754,-0.0076317968778312,-0.0170262139290571,-0.0240275561809539,-0.0025650567840784,-0.0082506407052278,-0.0117904208600521,-0.0026047562714666,0.0083575183525681,0.0138698974624276,0.002319146413356,2
0.0222458746284246,-0.0094063188880682,-0.0044572730548679,0.01096754334867,-0.0038422187790274,-0.0104799130931496,-0.0127173336222767,0.0087557174265384,-0.0105921411886811,-0.0144278667867183,0.0093146590515971,0.0046860096044838,-0.0074923750944435,0.0021335780620574,0.0002959237317554,0.0024859195109456,-0.0012378515675663,0.0068966741673648,-0.0031133270822465,0.0020197797566652,2
-0.0238581392914056,0.0109642203897237,0.0199246145784854,-0.0117818070575594,-0.0155721027404069,-0.0065741706639528,-0.0195170436054468,-0.0100099518895149,-0.005450181197375,0.0060231531970202,0.0064685475081205,0.003757179249078,-0.0017892898758873,-0.0192446410655975,-0.0259591322392225,0.005229904782027,0.0197279918938875,0.0033840155228972,-0.0067686629481613,0.0023657758720219,2
-0.0901532918214798,0.0384103842079639,0.0001593447377672,0.0158544611185789,0.0101622194051742,-0.0085851196199655,-0.0040170401334762,-0.0054880497045814,-0.0056384112685918,-0.0060667875222861,-0.0065411766991019,-0.0076996004208922,0.0058212140575051,0.0072483695112168,0.010134907439351,-0.0030243338551372,-0.0034065172076225,-0.0037534623406827,-0.0100631490349769,-0.0130649339407682,2
0.0608085170388221,-0.0070429993793368,-0.023125534877181,0.0272793695330619,0.0207624454051256,0.004622224252671,-0.0093053495511412,-0.0131939742714166,-0.0166491847485303,-0.0007239697151817,-0.0076760156080126,-0.0085280053317546,0.0045374813489615,0.0106279859319329,0.0103651937097311,0.0014633996179327,0.0004475948226172,-0.0002666393702384,0.0012534968554973,-0.0074692703783512,2
-0.0065954993478953,-0.0092881340533494,0.023869389668107,0.0091285221278667,0.0169976279139518,-0.0008738201577216,0.0064493371173739,0.0189583748579025,0.0049424786120653,0.0011918200179934,0.0041704610921442,0.0003188089758623,-0.0084028681740164,-0.0067521850578486,-0.0061777224764227,0.0004703178128693,-0.0007945482502691,-0.0071494309231638,-0.0069205616600811,0.0053774565458297,2
0.0789898335933685,-0.0027219266630709,-0.0021737786009907,-0.0002866027352865,0.0030925422906875,0.0162662267684936,0.0093166911974549,0.0105196600779891,0.0034569960553199,0.0053126546554267,0.004373628180474,0.0055559375323355,-0.014826369471848,-0.0026605168823152,-0.0014961268752813,0.002797330264002,-0.0039336280897259,0.0044817752204835,0.000434289482655,0.0108460923656821,2
-0.0065954993478953,-0.0092881340533494,0.023869389668107,0.0091285221278667,0.0169976279139518,-0.0008738201577216,0.0064493371173739,0.0189583748579025,0.0049424786120653,0.0011918200179934,0.0041704610921442,0.0003188089758623,-0.0084028681740164,-0.0067521850578486,-0.0061777224764227,0.0004703178128693,-0.0007945482502691,-0.0071494309231638,-0.0069205616600811,0.0053774565458297,2
