mfcc9_delta,mfcc4_delta,mfcc11_delta,mfcc7_delta,mfcc2_delta,genre
-0.0108390040695667,-0.0073636402375996,0.0020313879940658,0.0091665247455239,0.0063720610924065,0
-0.0094499830156564,0.0013504300732165,-0.0163005106151103,-0.0110996039584279,-0.0169839449226856,0
0.0190539490431547,0.0022609028965234,0.00238888990134,0.0197706073522567,0.0284892115741968,0
-0.018114922568202,0.0069514554925262,-0.0041168476454913,-0.0257222615182399,0.0101388460025191,0
-0.0049560070037841,-0.0042391936294734,-0.0028966593090444,-0.0050062574446201,0.0528182163834571,0
0.005906478036195,-0.0100922463461756,-0.0103642297908663,-0.006517382338643,-0.0046273618936538,0
-0.0053351903334259,-0.0214373432099819,0.0269101187586784,-0.0225621573626995,-0.0121308509260416,0
0.0072754551656544,0.0257073249667882,-0.003479873528704,-0.0337542593479156,0.017896307632327,0
-0.0008683407213538,-0.0132028926163911,0.0094071654602885,0.0182802379131317,0.0233009215444326,0
0.0016037113964557,-0.046036597341299,0.0052783540450036,-0.0133910421282053,-0.0188990253955125,0
-0.009465841576457,-0.0093331849202513,0.0035278662107884,0.0183366481214761,-0.0067496984265744,0
-0.0039569465443491,0.0257490538060665,-0.0026505538262426,-0.0221778415143489,0.0173667501658201,0
0.0156818367540836,-0.0186256617307662,-0.022612128406763,-0.0177193507552146,0.0552653260529041,0
0.0151105793192982,-0.0003863258752971,-0.0075136125087738,0.0013711225474253,0.043602455407381,0
0.018719233572483,0.0086113307625055,0.0128416456282138,0.0190145131200552,0.0480935387313365,0
-0.005438782274723,-0.0290018413215875,0.0014403908280655,0.0065396316349506,-0.0157638676464557,0
-0.0088780829682946,-0.0260612238198518,-0.0159371569752693,-0.0151888383552432,-0.0254210624843835,0
-0.0203838478773832,-0.0065404092893004,0.0171971376985311,0.0068725943565368,-0.0087231639772653,0
-0.0388851277530193,0.0011204293696209,-0.0030724334064871,0.0193933919072151,-0.0004021392960567,0
-0.0097616873681545,-0.0111177712678909,-0.0093709509819746,-0.0126614803448319,0.0031917747110128,0
-0.0056887874379754,-0.013048879802227,-0.0002160308358725,0.0114252157509326,0.0079217115417122,0
0.0102261174470186,-0.0241337046027183,0.0061586815863847,0.0199199933558702,0.1079903319478035,0
0.006362026091665,-0.0033265051897615,0.0098865488544106,0.0069619095884263,0.0259086973965168,0
0.0059205442667007,-0.0474955327808856,0.0109679596498608,-0.0034557234030216,0.0325826406478881,0
0.0028149005956947,-0.025821316987276,0.0107916770502924,0.0100061707198619,-0.038206722587347,0
0.0046608275733888,0.016102185472846,0.009121567942202,0.0098261265084147,-0.0761489197611808,0
-0.0009016869007609,-0.0132965892553329,-0.0090767722576856,0.0135927749797701,-0.0296650156378746,0
-0.0047434470616281,0.0051487879827618,-0.0028773252852261,-0.0058995522558689,-0.0414935313165187,0
0.0042490931227803,-0.0202909223735332,0.0268106311559677,-0.0132474806159734,-0.0262558553367853,0
0.0024602732155472,0.0294579118490219,0.0080131143331527,0.0180998556315898,0.0015506847994402,0
-0.0029954828787595,0.0171348229050636,-0.0042564608156681,0.0134209590032696,0.0223450325429439,0
0.0056509478017687,0.0028767080511897,0.0003482312604319,0.0006017677369527,0.0612096600234508,0
-0.0073019647970795,-0.0019549394492059,-0.0043706106953322,-0.0150768030434846,0.0112971179187297,0
-0.0001663302391534,0.018114760518074,0.0016114115715026,0.0057355449534952,-0.0185476671904325,0
-0.0144304083660244,-0.005392303224653,-0.0080034378916025,-0.0027792325709015,0.0514837689697742,0
0.0078866332769393,0.0214428827166557,0.0003335263754706,0.0076559884473681,0.0658804327249527,0
0.0039840042591094,-0.0093764187768101,0.0012900352012366,0.0043497551232576,-0.0412488058209419,0
-0.0094058718532323,0.0292064547538757,0.0125876292586326,-0.0139407915994524,0.0175738390535116,0
0.0087318010628223,0.0174693074077367,0.0069691054522991,0.0047323731705546,0.0013142207171767,0
0.0015211865538731,-0.0219434760510921,-0.0093215815722942,-0.0049254484474658,0.0262689795345067,0
0.001195769640617,-0.0151137150824069,0.0016353331739082,-0.0143835125491023,-0.009676500223577,0
-0.0077912700362503,-0.0087825115770101,0.0057689836248755,0.0016788931097835,0.0392891466617584,0
-0.0008042225381359,0.0188610311597585,-0.0016231138724833,0.0189003851264715,-0.0086942361667752,0
-0.0243229903280735,-0.0275125559419393,-0.0060852086171507,-0.0077809109352529,-0.0187766961753368,0
0.0001003607612801,0.0528909042477607,0.0041505987755954,-0.0042833695188164,-0.045354213565588,0
0.0320758335292339,0.0227056629955768,-0.0200737603008747,0.0176247656345367,-0.0242710784077644,0
0.0062662833370268,-0.0137177221477031,0.0060015358030796,-0.0053129727020859,-0.0437842942774295,0
0.0097859026864171,0.012944946065545,-0.0163044165819883,0.0200007911771535,-0.0110665373504161,0
-0.0151514643803238,-0.0366715788841247,0.0112007418647408,-0.0008087033056654,-0.0041983695700764,0
-0.003784138476476,-0.012621802277863,-0.0133809242397546,0.0049268179573118,-0.0144403045997023,0
-0.0085892109200358,-0.0361661314964294,0.0051086251623928,0.014025742188096,0.1130350083112716,0
-0.0085157062858343,-0.0081277713179588,-0.0034263143315911,0.0165806971490383,0.0081311138346791,0
0.0041394480504095,-0.0057767168618738,0.0059872162528336,0.0022362053859978,0.0009126596851274,0
0.014666873961687,0.0073572411201894,0.0062580970115959,0.0440559908747673,0.0479982793331146,0
-0.0104656321927905,-0.0452068261802196,-0.0198529008775949,-0.0055965231731534,0.0678211376070976,0
0.0065611465834081,-0.0178152173757553,-0.0105792535468935,0.013240355066955,-0.0109861204400658,0
0.0058518494479358,0.0223105195909738,-0.0028784342575818,0.0065333121456205,-0.0868729725480079,0
-0.0079303830862045,-0.008671305142343,-0.021493038162589,0.0129177859053015,0.0196931138634681,0
0.0126970205456018,0.005037363152951,-0.0036165409255772,-0.0093243308365345,0.0110988458618521,0
0.0094872219488024,-0.0175563786178827,-0.0053143915720283,0.0203800629824399,0.0326991192996501,0
0.0171620920300483,0.0167303588241338,0.0163908097892999,-0.0192890055477619,0.0162258744239807,0
-0.0026727921795099,0.0178148318082094,-0.0066524972207844,0.0129092810675501,0.0540254488587379,0
0.0125177996233105,-0.0130410250276327,0.0069967992603778,0.0109184719622135,0.01563754491508,0
0.0025364863686263,-0.0072267497889697,-0.0042624711059033,-0.0022327550686895,0.011503929272294,0
0.0009810350602492,-0.0227941237390041,0.0073561752215027,-0.003842873731628,-0.0153896287083625,0
-0.0100908391177654,-0.0316720120608806,-0.0172891337424516,-0.0075458497740328,0.0017646610504016,0
-0.0216206181794405,0.0266086757183074,0.0168652515858411,0.0231007151305675,0.028462978079915,0
0.0112016955390572,0.0008268334204331,-0.0157194230705499,-0.0074929827824234,-0.0287155415862798,0
-0.0137362442910671,-0.0388424135744571,-0.0185746271163225,-0.0115452790632843,0.0086697768419981,0
0.0076737678609788,-0.0235722437500953,0.0290263388305902,-0.0127313779667019,-0.0883410945534706,0
-0.0088780829682946,-0.0260612238198518,-0.0159371569752693,-0.0151888383552432,-0.0254210624843835,0
0.0143689839169383,0.022814879193902,0.0155044551938772,-0.008579883724451,0.047539833933115,0
0.0055067935027182,0.0045952345244586,-0.013413549400866,-0.005696378648281,-0.0607431381940841,0
0.0017749877879396,0.0136040691286325,0.0020055314525961,-0.041309405118227,-0.0447300262749195,0
-0.0176829230040311,-0.0270245987921953,0.0014367807889357,-0.0206927321851253,0.00333051988855,0
-0.0023936650250107,0.0096783237531781,-0.0034229503944516,0.0187538769096136,-0.0131031787022948,0
-0.005025006365031,0.0051896460354328,-0.0050293719395995,-0.0172280818223953,-0.0218985006213188,0
0.0352701433002948,0.0403307452797889,0.0179548077285289,0.0262629073113203,0.0346642918884754,0
0.0044811517000198,-0.0358522199094295,-0.0222404617816209,-0.014702508226037,-0.0074179652146995,0
-0.0150738041847944,0.0165295284241437,-0.0007260396960191,0.0019299631239846,0.0966676101088523,0
0.0051222806796431,0.0071635176427662,0.0015566213987767,-0.0100094405934214,-0.0604800768196582,0
-0.0064876242540776,-0.0327915996313095,-0.0081338649615645,-0.0231446083635091,0.010080711916089,0
-0.0036121746525168,0.020925523713231,-0.0071407593786716,-0.0070983367040753,-0.0184817146509885,0
-0.0064761065877974,-0.0132957454770803,-0.0081508969888091,-0.0004068073758389,-0.0280380863696336,0
0.0154502466320991,-0.0288470890372991,0.0013144452823325,0.0172951146960258,0.002218433888629,0
-0.014949258416891,0.0086895143613219,0.0142235895618796,0.008022547699511,0.0102979578077793,0
0.0111215747892856,0.0091059263795614,0.010033369064331,-0.0003480026207398,-0.0178426690399646,0
0.0023081838153302,-0.0021636325400322,0.0023106222506612,0.008655303157866,-0.0355350337922573,0
0.0014210378285497,-0.0370475575327873,-0.0233065485954284,-0.0187025237828493,0.0153760518878698,0
-0.014949258416891,0.0086895143613219,0.0142235895618796,0.008022547699511,0.0102979578077793,0
-0.0149791436269879,-0.0229130890220403,-0.000640143349301,0.0008714429568499,0.0294787585735321,0
0.0253685899078845,-0.0190111994743347,-0.0314142517745494,-0.0133269913494586,0.0491472408175468,0
0.0048269121907651,0.0255570206791162,0.0164646059274673,0.0278055667877197,-0.0412579476833343,0
-0.0083457883447408,-0.0308266691863536,-0.0137141123414039,-0.0300292205065488,-0.0507758408784866,0
-0.0093497326597571,-0.053985871374607,0.0039614671841263,-0.0128161115571856,-0.0066835856996476,0
0.0019036113517358,0.0229667387902736,0.0092328954488039,0.0349950939416885,0.0440290495753288,0
0.0010132874595001,-0.0010701376013457,-0.0069715436547994,-0.0204592626541852,-0.0316448211669921,0
0.0034889832604676,0.0233686082065105,0.003223706735298,0.0100297946482896,-0.0047072735615074,0
-0.0073526562191545,-0.003931064158678,-0.00440328521654,-0.0148090366274118,0.0663681924343109,0
-0.0167829133570194,-0.063136488199234,-0.0001609297760296,-0.0229553915560245,0.0187434460967779,0
-0.002964201150462,-0.0162334833294153,-0.0020142095163464,0.0038092178292572,0.0004236851236782,1
-0.0012242146767675,0.0119976634159684,0.0038517164066433,0.0060677379369735,0.0196652803570032,1
-0.0144796911627054,-0.0285786725580692,0.0037451712414622,0.0082534942775964,-0.0021811984479427,1
-0.0040319957770407,0.0006039376603439,0.0078684072941541,0.001068701967597,0.0212655998766422,1
0.0037876481655985,0.0120317274704575,-0.0053566475398838,0.0079719331115484,0.0149638783186674,1
-0.0010697024408727,-0.0030978587456047,0.0197115987539291,0.018149385228753,-0.0060817338526248,1
0.0021993957925587,0.0088112279772758,-0.0055206213146448,-0.0078843710944056,-0.0144628845155239,1
0.0052291266620159,0.0058731189928948,0.0002466247533448,0.0039263507351279,0.005525083746761,1
-0.009021152742207,0.0084985569119453,-0.0038049023132771,-0.0046390038914978,-0.0473068878054618,1
-0.0108139142394065,0.0107609843835234,-0.0017829339485615,-0.0062648686580359,-0.0020829723216593,1
0.0126718282699584,-0.0006553711718879,-0.0001878782641142,0.0002843867114279,-0.0081230206415057,1
0.0017071834299713,-0.0010362692410126,0.0025088170077651,0.0084672793745994,0.0159749556332826,1
-0.0049580987542867,0.0130961686372756,0.0094770770519971,-0.0056670950725674,0.0048862430267035,1
-0.0100811719894409,-0.0004920929786749,-0.0038118583615869,-0.0144911175593733,-0.0174264758825302,1
0.0141483563929796,0.0245463345199823,-0.00610967958346,0.0043759779073297,0.0347321406006813,1
-0.0138602154329419,-0.0043847188353538,-0.018381979316473,0.0028123494703322,-0.0837964415550232,1
-0.0170473400503397,-0.0056747584603726,-0.0159443337470293,-0.0041286367923021,0.0174524020403623,1
-0.0107021098956465,-0.0134394913911819,-0.009749605320394,-0.0227932520210742,-0.0739863365888595,1
-0.0017885818378999,0.0099215116351842,-0.0042627956718206,-0.0019649320747703,-0.0110692782327532,1
-0.0129732452332973,0.0084744868800044,-0.0036946756299585,-0.0038123447448015,0.0085928253829479,1
7.69286198192276e-05,-0.0004253922088537,-0.0093173999339342,0.004862340632826,0.0091156782582402,1
-0.0043414533138275,-0.0047777639701962,-0.0060516712255775,-0.0043709422461688,-0.0268212743103504,1
-0.0101008461788296,-0.0236143004149198,0.0159674528986215,0.0195366851985454,0.0031404709443449,1
0.0086290743201971,-0.0112868174910545,0.0076443688012659,-0.0036800762172788,0.004601078107953,1
-0.0086534032598137,-0.0050721606239676,-0.014813482761383,-0.0051872432231903,-0.0056719663552939,1
0.0007813874981366,0.0049907029606401,-0.0056197680532932,-0.0091894352808594,0.0138056324794888,1
-0.009599694982171,-0.0090780658647418,-0.0067494716495275,0.0063506602309644,-0.0242393985390663,1
-0.0067573823034763,-0.0252792704850435,-0.0256514251232147,0.0007093865424394,-0.0193884000182151,1
-0.0172377172857522,0.021023130044341,0.0001074668543878,-0.0141114089637994,-0.0243764799088239,1
-0.0067678391933441,-0.0002010578464251,0.0122729074209928,0.0111276973038911,0.0253469310700893,1
-0.0104835964739322,-0.0007950634462758,0.0156227396801114,-0.0108619388192892,0.0224251970648765,1
-0.0200055241584777,-0.0083916475996375,-0.0100026410073041,-0.009184792637825,-0.0326612181961536,1
-0.0010697024408727,-0.0030978587456047,0.0197115987539291,0.018149385228753,-0.0060817338526248,1
0.0021421767305582,0.0051866103895008,0.0076962555758655,0.0048680580221116,0.0065987198613584,1
-0.0041815084405243,-0.0086280787363648,-0.0117754098027944,-0.0187960527837276,-0.0017037003999575,1
-0.0137412473559379,-0.0118974931538105,-0.0226891264319419,0.001282989163883,-0.0540213882923126,1
-0.0012280729133635,0.0161903519183397,-0.0163139384239912,-0.0027041041757911,0.0027264249511063,1
0.0076940092258155,0.0021943890023976,0.0092178173363208,0.0057704271748661,0.0084295216947793,1
-0.0242459848523139,-0.0024491210933774,-0.0253591164946556,-0.0142769888043403,-0.0328826680779457,1
-0.0026632298249751,-0.0032375494483858,-0.0099363643676042,0.0039100036956369,-0.0183233562856912,1
-0.0173182673752307,0.0065988437272608,-0.0046490160748362,-0.0138147417455911,-0.0567586906254291,1
-0.0107021098956465,-0.0134394913911819,-0.009749605320394,-0.0227932520210742,-0.0739863365888595,1
-0.0042173392139375,-0.000919122248888,-0.0031108816619962,-0.007202461361885,-0.0099103711545467,1
-0.0052307415753602,0.021996583789587,-0.0020455103367567,0.002411650493741,0.0229524131864309,1
-0.0082628447562456,-0.0248264838010072,-0.0003642062365543,-0.0021417953539639,0.0416581891477108,1
-0.013480857014656,-0.000732346670702,-0.0254190154373645,-0.0109730893746018,-0.0356360375881195,1
0.0095412610098719,-0.0099612707272171,0.0129240378737449,-0.0056115589104592,0.0092563703656196,1
0.0067999428138136,-0.0249136723577976,0.0022112834267318,0.004935598000884,0.0167724005877971,1
-0.0019759896676987,-0.0061768828891217,-0.0045474232174456,-0.0052780513651669,-0.074320912361145,1
0.0037845587357878,0.008845480158925,-0.0068491445854306,-0.0139199746772646,-0.0121947582811117,1
0.0090464409440755,0.0008706476655788,0.0143915088847279,0.0017557860119268,-0.0060723121277987,1
-0.0024580229073762,0.0047350763343274,-0.0021344227716326,-0.0059671895578503,-0.0076020914129912,1
-0.0137412473559379,-0.0118974931538105,-0.0226891264319419,0.001282989163883,-0.0540213882923126,1
-0.0030529806390404,0.0233920291066169,0.0020815019961446,-0.0097378408536314,-0.0758586600422859,1
0.0060781482607126,-0.0153976995497941,0.0125386696308851,0.0131294950842857,0.0065845213830471,1
-0.0021293619647622,0.0011415736516937,0.0040047578513622,0.0019386480562388,-0.0087217474356293,1
-0.0156737174838781,-0.0115488031879067,-0.0035516619682312,0.0080712847411632,0.0033317795023322,1
-0.0233948640525341,-0.0102929500862956,-0.0044378722086548,-0.0044871559366583,0.0304020810872316,1
0.000440116651589,0.0049826051108539,-0.0073064472526311,-0.0049857553094625,-0.0019156329799443,1
-0.0067573823034763,-0.0252792704850435,-0.0256514251232147,0.0007093865424394,-0.0193884000182151,1
-0.0164772160351276,-0.0382571890950202,0.0192876178771257,-0.0139637626707553,-0.0722895041108131,1
0.0079681435599923,0.0046295258216559,-0.0018539428710937,0.0066977585665881,-0.008139818906784,1
0.0091180736199021,-0.0038226677570492,-0.0032169476617127,0.0117582427337765,0.0234525706619024,1
0.0072870813310146,-0.0099403848871588,-0.0174889247864484,0.0109838480129837,-0.0087617402896285,1
-0.001234891009517,0.0075914673507213,0.0080099571496248,-0.0111965201795101,-0.0356638208031654,1
-0.01839155331254,0.0093915062025189,-0.0026091954205185,0.0021015596576035,-0.0335613563656806,1
0.0117275882512331,0.0146307200193405,-0.0019940438214689,0.0011934160720556,0.0339343734085559,1
0.0013944647507742,-0.0031547842081636,0.0037535440642386,0.0047341668978333,-0.0192438829690217,1
0.0069872271269559,-0.0316370166838169,0.0069332490675151,0.0126167265698313,-0.0220749899744987,1
-0.0019759896676987,-0.0061768828891217,-0.0045474232174456,-0.0052780513651669,-0.074320912361145,1
-0.0371238179504871,0.0123202623799443,0.0032443588133901,-0.0096648810431361,0.0017012959579005,1
-0.0081023341044783,-0.0062504229135811,0.0085247671231627,0.0120238298550248,-0.0232044048607349,1
-0.0173307657241821,0.0274831391870975,0.0039884960278868,0.0031332382932305,0.0148939881473779,1
-0.0015199016779661,-0.0199470911175012,-0.0031041358597576,-0.0111032240092754,-0.0288697909563779,1
0.0001213187351822,0.0045416033826768,0.0052770795300602,0.0087371980771422,0.0436535142362117,1
0.0120251793414354,0.0176756437867879,-0.0005877938237972,-0.0138374911621212,-0.0148249017074704,1
0.0113520855084061,-0.0211107321083545,-0.0071720234118402,0.0139029137790203,0.0169595796614885,1
0.0091389780864119,0.01474479585886,-0.00859594065696,-0.0066802017390728,0.028546804562211,1
-0.0101008461788296,-0.0236143004149198,0.0159674528986215,0.0195366851985454,0.0031404709443449,1
0.0008619460277259,0.0110394516959786,-0.0012703125830739,0.0009837065590545,0.000322175968904,1
-0.0100297452881932,-0.0053328978829085,-0.0082060294225811,-0.00717353541404,-0.0208942275494337,1
-0.0015263693640008,0.0056839077733457,-0.0070332265459001,-0.0103806937113404,-0.0175965372473001,1
-0.0130036612972617,0.0051445704884827,-0.0089878905564546,-0.0120690157637,-0.0115514090284705,1
0.0021421767305582,0.0051866103895008,0.0076962555758655,0.0048680580221116,0.0065987198613584,1
0.0180597826838493,0.0102941393852233,0.0115019027143716,0.0148518998175859,0.0232303906232118,1
-0.0008214056724682,0.0063101234845817,-0.0057682343758642,-0.0001829999964684,0.0013885276857763,1
-0.0135019924491643,-0.0309273172169923,-0.0107368668541312,0.0022104561794549,0.0001113711623474,1
0.0058911885134875,-0.023785937577486,-0.0041242828592658,-0.0116435047239065,0.0055150962434709,1
-0.00775623973459,0.0202261414378881,-0.0030669060070067,-0.0156614389270544,0.0192340221256017,1
0.00729785207659,0.0098077012225985,-0.0018684711540117,0.0107090529054403,-0.0183379407972097,1
-0.0016035875305533,-0.0160299930721521,0.0044622076675295,0.0125254746526479,0.0139629635959863,1
0.0074884062632918,-0.0344064682722091,0.0112504987046122,0.0095734558999538,0.0536994561553001,1
0.0138582438230514,-0.0083852056413888,0.0125712510198354,0.0031574892345815,0.0091686900705099,1
-0.0016611089231446,0.0148884179070591,-0.0070058219134807,-0.0169021151959896,-0.0414609424769878,1
0.0013341231970116,0.0050283074378967,0.0003371365892235,0.0045751933939754,0.0397695451974868,1
0.0030129463411867,-0.0124281467869877,-0.0043421951122581,0.0103384908288717,-0.0157005302608013,1
-0.0089163426309823,-0.0147195709869265,-0.0064943809993565,-0.0138573674485087,-0.0232969783246517,1
-0.0020544154103845,-0.0155187826603651,-0.0079755280166864,0.0091952504590153,-0.0152105754241347,1
-0.0009478832944296,-0.0190222319215536,0.0047453539445996,-0.0026202474255114,-0.0207897499203681,1
0.0007486136746592,-0.0171901565045118,0.0025291410274803,-0.0029034919571131,-0.0421917252242565,1
0.0297604799270629,0.0420994311571121,0.0309907775372266,-0.0113408751785755,-0.0313588641583919,2
-0.005915199406445,-0.0135750928893685,0.003833805443719,0.0019855708815157,-0.0087683321908116,2
-0.0065757147967815,0.0106972521170973,0.0095340674743056,-0.0151614211499691,0.0074802041053771,2
-0.0043950052931904,0.0290504898875951,0.0047385906800627,-0.0185153279453516,-0.0100425546988844,2
0.0092135518789291,0.0081408824771642,-0.0053365416824817,0.0067613665014505,0.0218525305390357,2
-0.0119537832215428,-0.0190850365906953,-0.0029331718105822,0.014357921667397,0.0032211886718869,2
-0.001491181901656,-0.0190128907561302,0.0024087247438728,-0.0117057124152779,-0.0010056529426947,2
-0.0018108965596184,-0.0052396948449313,-0.0080217821523547,-0.0014171478105708,-0.0012688810238614,2
-0.0046929023228585,-0.0126914242282509,-0.0005618638824671,-0.0177020691335201,-0.0100919306278228,2
-0.006829984486103,-0.0159923415631055,-0.0034993940498679,0.0164839997887611,0.0387124083936214,2
0.0047993180342018,0.0003687205025926,-0.020691780373454,-0.0144377648830413,-0.071046382188797,2
-0.0004838146269321,0.0141914915293455,-0.0144564835354685,-0.0121916215866804,0.0006288167787715,2
0.0003520275349728,-0.013308061286807,-0.0045490423217415,0.0077984021045267,-0.0315799675881862,2
0.0018013594672083,0.0162163320928812,0.0173364579677581,0.0015221778303384,-0.0106972223147749,2
-4.471353167900816e-05,-0.0294961780309677,5.809078629681608e-06,0.0102957487106323,0.0159977748990058,2
0.0076076393015682,0.0470945127308368,0.0164758749306201,0.0148728806525468,0.0306894928216934,2
0.0056302947923541,0.0007536188350059,-0.0192564353346824,-0.0027314301114529,-0.0011198068968951,2
0.0164749436080455,0.0186653267592191,0.0005129757337272,0.0244343988597393,0.0380670130252838,2
-0.0085731707513332,-0.0074874218553304,0.0212940797209739,-0.0264173783361911,-0.041613757610321,2
0.0103406514972448,-0.0136374421417713,0.0021687524858862,-0.0062356162816286,0.0117208519950509,2
-0.0172130204737186,0.0308863259851932,-0.009110789746046,-0.0070737367495894,-0.0117923505604267,2
0.0007314132526516,-0.0049414299428462,-0.0054142768494784,0.001363129587844,-0.0267931353300809,2
0.0050508789718151,-0.0065431036055088,0.0039493707008659,0.0096521666273474,0.0234392303973436,2
-0.0010708590270951,0.0105121210217475,0.0082705691456794,0.0004893374280072,-0.0247238669544458,2
0.0142204333096742,-0.0248466860502958,-0.0055666523985564,0.0073563787154853,0.0033301983494311,2
0.0037110226694494,0.0051741329953074,-0.0046553937718272,-0.0201829876750707,-0.0184905715286731,2
0.0050568482838571,0.0199601240456104,-0.0065890518017113,-0.0139166601002216,0.0247301328927278,2
-0.0289311185479164,-0.0261711571365594,-0.0232311803847551,-0.0154000306501984,0.0074589163996279,2
0.0005104598822072,0.0280585084110498,0.0027641295455396,-0.0114699956029653,-0.0597328133881092,2
-0.0106384474784135,-0.0453743748366832,0.0124584734439849,-0.0068275616504251,-0.0076176482252776,2
-0.0063184117898344,-0.0079867355525493,0.0011341167846694,0.0170906148850917,0.0539612621068954,2
0.0056942822411656,0.0124789159744977,0.025388766080141,0.0059320805594325,0.0097041726112365,2
0.0066772219724953,-0.012282864190638,0.0049626748077571,0.0086727291345596,-0.0051953652873635,2
0.0026653271634131,-0.0156757738441228,-0.0013648193562403,-0.0174500327557325,-0.0331416428089141,2
-0.0034801708534359,0.0037861564196646,0.0108780516311526,-0.0221788883209228,0.0460763685405254,2
-4.321204323787242e-05,0.000440613599494,-0.0008061153348535,-0.0119063900783658,-0.0023581977002322,2
-0.0095507418736815,0.001756687182933,-0.0248408876359462,-0.0078130420297384,0.0056298174895346,2
0.0105003165081143,-0.0099545391276478,0.0160391349345445,0.0403862856328487,-0.0796327069401741,2
-0.0146160786971449,0.0025861877948045,-0.0015337030636146,-0.0164309740066528,0.0079044234007596,2
-0.0123743582516908,-0.0112493392080068,-0.0003617759502958,-0.0018337717046961,-0.0363936237990856,2
-0.0109525192528963,-0.0077346675097942,-0.005564805585891,-0.0183008722960948,-0.0303225219249725,2
-0.0080221993848681,0.0162884388118982,0.004090066999197,0.0045804195106029,0.0317593999207019,2
0.0042640911415219,0.0096662789583206,-0.0003787278255913,0.0145943947136402,0.0300002787262201,2
0.0039075301028788,-0.0039296830072999,-0.0042053158394992,0.0158369448035955,0.0462373010814189,2
0.0171000976115465,-0.0170965492725372,-0.0008517897222191,0.0018966745119541,0.0139257814735174,2
-0.0073545351624488,-0.0118707688525319,-0.0060077840462327,0.0014494389761239,-0.0061241276562213,2
0.0142538035288453,-0.0237997099757194,-0.0103918956592679,-0.0098897069692611,-0.0423217304050922,2
-0.0013287898618727,-0.0202331636101007,0.0190851669758558,0.0152669204398989,-0.0243325736373662,2
-0.0013813448604196,-0.0254292320460081,0.0056194979697465,-0.0229922402650117,-0.0340581983327865,2
-0.0040122810751199,-0.0244435276836156,0.0040605985559523,0.0292908083647489,0.0640566572546958,2
0.0135634560137987,-0.0101417079567909,-0.000166199853993,0.0020845080725848,-0.0311702266335487,2
-0.0051758424378931,0.0111377630382776,-0.011627297848463,0.0075224051252007,0.0009676084155216,2
0.0061100372113287,-0.0103855114430189,-0.0007184829446487,0.0010713568190112,-0.0069116782397031,2
-0.0149426646530628,0.0073260208591818,-0.0151760075241327,-0.0137557117268443,-0.0091736754402518,2
0.0078879483044147,0.0097198644652962,0.0117417750880122,0.0140591682866215,0.096914567053318,2
0.0209202449768781,0.0018055157270282,0.0040820594877004,-0.0157511588186025,0.0281056929379701,2
-0.0171434953808784,-0.032913003116846,0.0119591187685728,-0.0018485217588022,-0.0373835004866123,2
-0.0026082280091941,-0.0056389598175883,0.0009414314408786,-0.0396568216383457,-0.027704618871212,2
-0.0049984157085418,0.0083780977874994,0.004139479715377,-0.0149023225530982,-0.0490245074033737,2
0.0087441522628068,0.0097242277115583,0.013359161093831,0.0223002284765243,-0.0019727000035345,2
-0.013834610581398,0.0223692134022712,-0.0217793732881546,-0.0114484904333949,-0.0158215519040823,2
-0.0053880047053098,0.0137468324974179,-0.0005123160080984,-0.0035229183267802,-0.0374016612768173,2
-0.0069898911751806,0.0409679450094699,-0.006763344630599,-0.0300408080220222,-0.0461466386914253,2
-0.0032663566526025,-0.0046643745154142,-0.0078535070642828,-0.0161505155265331,-0.037669438868761,2
-0.0070614595897495,-0.0258773658424615,-0.0118651501834392,0.0089615546166896,0.0175297651439905,2
-0.0115028424188494,0.041306909173727,-0.0117073142901062,-0.0017854355974122,0.0087172370404005,2
-0.0080633144825696,0.0037858495488762,-0.014202051796019,-0.0087846461683511,-0.0393749698996543,2
0.0172995328903198,0.0134400902315974,0.0172451324760913,0.0149284061044454,-0.0321606881916523,2
0.0054157814010977,0.0064622326754033,-0.0043086358346045,0.0288764033466577,0.0132341925054788,2
0.004400301259011,0.0060505787841975,-0.0121663678437471,-0.0142429154366254,-0.0486530773341655,2
0.0042993030510842,0.0399124585092067,-0.0012376568047329,-0.0271657109260559,0.0002599393192213,2
0.0021989354863762,-0.0179571844637393,-0.0108898887410759,0.013779042288661,-0.0057504689320921,2
-0.0038729985244572,-0.0183915961533784,-0.0099717900156974,-0.0106414947658777,-0.0084836343303322,2
0.0244095772504806,-0.0076341400854289,-0.0071298270486295,0.0141146425157785,0.0112457983195781,2
-0.0033377141226083,-0.002172467065975,-0.0008140159770846,-0.0009672304149717,-0.0090990029275417,2
-0.0088339643552899,0.0015251045115292,-0.0024195897858589,-0.0056585832498967,0.019537977874279,2
0.0105082271620631,-0.0061921179294586,-0.0029372069984674,-0.010656826198101,0.0010859480826184,2
-0.0099834753200411,-0.0291762612760067,-0.0150885581970214,0.0096348719671368,0.0919467061758041,2
0.0025848154909908,-0.0238775014877319,0.0032105206046253,-0.0069579435512423,0.0080579137429595,2
-0.0024878524709492,-0.0061644953675568,-0.0102968364953994,0.0111028095707297,0.0520735755562782,2
-0.0151928346604108,0.0127953365445137,-0.0152485398575663,-0.0150567013770341,0.0550685264170169,2
-0.0070614125579595,0.0178032610565423,-0.0008788145496509,-0.0028397087007761,-0.022012036293745,2
0.0152321718633174,0.0241434257477521,0.017027348279953,-0.0046382285654544,-0.0032068137079477,2
0.0110999392345547,-0.0094489622861146,0.008316614665091,0.0218345858156681,0.0421771928668022,2
0.0092416163533926,0.0318797007203102,-0.0106028504669666,0.0044581149704754,0.0182646941393613,2
-0.0056561650708317,-0.0157860200852155,0.0195014551281929,0.0228288006037473,0.0111717851832509,2
-0.0157911200076341,-0.036212533712387,-0.028017308562994,0.0050085373222827,0.0215317271649837,2
0.0139993019402027,-0.0007882483187131,0.0092592732980847,0.0052192877046763,-0.0302385278046131,2
0.0045625371858477,-0.0091899512335658,0.0050618844106793,-0.0160649325698614,-0.005782269872725,2
0.0031851751264184,-0.0019247264135628,0.0107381688430905,0.0223274882882833,0.0074299778789281,2
-0.0079649109393358,0.0357014015316963,-0.0055203270167112,-0.0187709350138902,-0.0439510196447372,2
0.0005793317104689,-0.006367590278387,0.0159399043768644,0.0016051679849624,0.0116378786042332,2
0.0032112784683704,-0.0091536007821559,-0.0076317968778312,-0.0066485838033258,0.0177428945899009,2
-0.0105921411886811,0.01096754334867,0.0093146590515971,-0.0127173336222767,-0.0094063188880682,2
-0.005450181197375,-0.0117818070575594,0.0064685475081205,-0.0195170436054468,0.0109642203897237,2
-0.0056384112685918,0.0158544611185789,-0.0065411766991019,-0.0040170401334762,0.0384103842079639,2
-0.0166491847485303,0.0272793695330619,-0.0076760156080126,-0.0093053495511412,-0.0070429993793368,2
0.0049424786120653,0.0091285221278667,0.0041704610921442,0.0064493371173739,-0.0092881340533494,2
0.0034569960553199,-0.0002866027352865,0.004373628180474,0.0093166911974549,-0.0027219266630709,2
0.0049424786120653,0.0091285221278667,0.0041704610921442,0.0064493371173739,-0.0092881340533494,2
-0.0245007798075675,-0.0138275101780891,0.0020708746742457,0.0137901213020086,-0.0273974798619747,3
-0.0050586280412971,0.0022321112919598,0.0124667435884475,-0.0077014178968966,0.0476306192576885,3
-0.0101995132863521,-0.0054436451755464,-0.0029333760030567,-0.0318932719528675,0.002974230563268,3
-0.0246580056846141,0.0332072563469409,-0.0029102261178195,-0.0148382131010293,-0.0355171337723732,3
-0.0125872222706675,-0.0041723819449543,-0.0004838163731619,-0.0028311309870332,0.0064432360231876,3
0.0016559901414439,-0.011099299415946,0.014544378966093,0.0063156858086586,0.0248808208853006,3
-0.0055208089761435,-0.0205324776470661,-0.0089766718447208,-0.003276502713561,0.0010386981302872,3
-0.0144333019852638,-0.0275318026542663,0.005013863556087,-0.0292349010705947,-0.0356343053281307,3
0.0042600012384355,0.0051506613381206,-0.0060272724367678,-0.0160284899175167,-0.0124791376292705,3
-0.0189523827284574,0.0194817762821912,-0.0014093758072704,0.0075263665057718,-0.0410229116678237,3
0.0083132768049836,0.0244593527168035,0.0121892532333731,0.0040703816339373,-0.0172858964651823,3
0.0226308554410934,0.0086049512028694,0.005035450682044,-0.0055750915780663,-0.0338304713368415,3
-0.0127011276781558,0.0038217138499021,-0.0041162138804793,-0.007720174267888,0.0019131208537146,3
0.0086110103875398,0.0127538964152336,0.0069212298840284,0.0024438875261694,-0.0249706488102674,3
-0.0013489313423633,-0.011996604502201,-0.0147006753832101,-0.0061280904337763,0.0426920987665653,3
0.0092881796881556,0.0237179584801197,0.0098829176276922,0.0007816242286935,0.0177679006010293,3
2.3404480089084245e-05,0.0082251382991671,0.0020791590213775,-0.0165217723697423,-0.0521959401667118,3
-0.019879326224327,0.0149495517835021,0.0029100936371833,-0.0044415583834052,-0.0179729349911212,3
-0.0199758633971214,-0.0360091924667358,-0.0148233911022543,0.0141211878508329,-0.0081810988485813,3
-0.0024518279824405,-0.0139018828049302,-0.0009416774264536,-0.0125574702396988,-0.0591877326369285,3
-0.0003597970644477,-0.0107776205986738,0.0047645550221204,-0.0017984254518523,0.0070609198883175,3
0.0058952812105417,0.0190784465521574,-0.0025518131442368,0.0407412983477115,0.0224027279764413,3
-0.0126657038927078,-0.0153002282604575,0.0104499878361821,-0.0011771811405196,-0.030753681436181,3
-0.0271034501492977,0.0055704596452414,-0.0042149778455495,9.19701997190714e-05,-0.0389647111296653,3
-0.0193447228521108,0.0092170406132936,-0.0036429935134947,-0.0127456383779644,-0.0257026869803667,3
-0.0073584401980042,0.0166265331208705,-0.0015929654473438,0.0048891436308622,0.0042559886351227,3
0.0135914916172623,0.017671026289463,-0.0084246480837464,0.0075710956007242,0.0382459834218025,3
-0.0027682960499078,0.0013033405411988,-0.0009284591069445,-0.0039604469202458,-0.0138588184490799,3
-0.0067660831846296,-0.0512456931173801,-0.0193315241485834,-0.027286447584629,0.0267078541219234,3
0.004429938737303,0.0037105388473719,-0.004495729226619,0.0335707701742649,0.0377472974359989,3
-0.006642251741141,-0.0067319315858185,0.0011623054742813,0.0121594797819852,0.0155849028378725,3
0.002377358963713,-0.0074116848409175,0.0038064715918153,-0.0147028975188732,-0.0239360183477401,3
-0.0018719627987593,0.0263080932199955,0.0071256179362535,-0.0058577749878168,-0.0352552905678749,3
-0.0150109808892011,-0.0011019142111763,-0.0086288573220372,0.0049439752474427,-0.0144884623587131,3
0.0157390981912612,-0.0008741586934775,-0.0118887163698673,0.0090905036777257,0.0610823072493076,3
-0.0149752963334321,0.0079023921862244,0.0007071008440107,0.0042269872501492,-0.0523505397140979,3
0.0142633318901062,-0.0117915626615285,0.0101774176582694,-0.0130947036668658,-0.049254935234785,3
0.0097209997475147,0.0152046727016568,-0.0195800270885229,0.0045610954985022,0.0495486408472061,3
-0.0190640874207019,-0.0155929243192076,-0.0104799764230847,-0.0078023755922913,-0.0274209287017583,3
-0.0406825207173824,-0.0220257230103015,-0.0049820458516478,-0.0177678950130939,-0.0577231012284755,3
-0.0028377091512084,-0.0070988372899591,0.002450942993164,0.0067679118365049,-0.0094292880967259,3
-0.0142587767913937,0.0205377750098705,0.0120917940512299,0.0113862706348299,-0.0397003851830959,3
-0.0086912512779235,0.0050595249049365,0.0019493534928187,-0.0033700696658343,0.0188818536698818,3
-0.0020448481664061,0.0111474497243762,0.0034193403553217,-0.0197996161878108,0.0142523609101772,3
0.0191594436764717,3.2234635000349954e-05,0.0026650566142052,0.0304776486009359,0.0101562133058905,3
0.0015908747445791,0.059404045343399,-0.0150385601446032,0.0352706536650657,0.0161614436656236,3
-0.0027289188001304,-0.0208176858723163,-0.0119573837146162,-0.0073004895821213,-0.0411832071840763,3
-0.0041148872114717,0.0203158259391784,0.0004624309949576,-0.0040564858354628,-0.0564963221549987,3
0.01301846280694,0.0009331846958957,-0.0149223105981946,-0.0032777078449726,-0.0114466175436973,3
0.0079584531486034,0.0207311362028121,-0.0056395246647298,-0.0184072367846965,0.0180303007364273,3
0.0087327249348163,0.0097919413819909,-0.0088561046868562,0.0203778240829706,-0.0043270555324852,3
0.02024732157588,-0.0032327233348041,-0.0002264729409944,0.0093994503840804,0.003326752455905,3
0.0039774077013134,0.0053057926706969,-0.0065528135746717,-0.0168783068656921,0.0154463415965437,3
-0.007470101583749,0.0336313508450984,0.0102576846256852,0.0082004060968756,-0.0295459013432264,3
-0.0005218803999014,-0.0400203540921211,-0.0121375126764178,-0.0076200407929718,-0.0020235832780599,3
0.0172027219086885,-0.003280573291704,0.0087347058579325,0.0183059442788362,-0.0287156663835048,3
0.0022476222366094,0.0137827508151531,-0.0038622154388576,-0.0007705835741944,0.0208083558827638,3
0.0052038445137441,0.0195354204624891,-0.0002729418920353,-0.0159924272447824,0.0001354940322926,3
-0.0017289665993303,0.0214622002094984,-0.0098160468041896,-0.0014012668980285,-0.0352188050746917,3
0.0043172319419682,-0.0184086039662361,0.0120305018499493,0.0033091304358094,0.0279218666255474,3
0.0074784778989851,-0.0240001361817121,0.0026319453027099,0.0093036228790879,-0.0128540387377142,3
-0.0095982616767287,-0.0111867720261216,0.0105365356430411,0.0117788221687078,-0.0021856445819139,3
0.008216910995543,0.0068970234133303,0.0017318851314485,0.0051658935844898,0.0176505893468856,3
-0.0115620093420147,-0.0050767245702445,-0.0005993662634864,-0.0212799925357103,-0.0268797054886817,3
-0.0098666315898299,-0.0095217050984501,0.0045368839055299,0.0018720987718552,0.0114999134093523,3
0.0102290594950318,0.0154491038993,0.0029079078231006,0.006926767528057,0.01584885828197,3
0.0054666446521878,-0.0071223843842744,0.0145377563312649,0.0055573331192135,0.0215460173785686,3
0.0016835876740515,0.0155506283044815,-0.0011134232627227,-0.0161275919526815,-0.0076605943031609,3
-0.023155890405178,-0.0089236907660961,0.011512435041368,-0.0281148850917816,-0.002440683543682,3
-0.0241910219192504,0.0050234561786055,0.0053437794558703,-0.0091354474425315,0.013686865568161,3
0.0089194998145103,0.0228219181299209,0.0088286316022276,0.0169675126671791,0.0003261757956352,3
0.0026274523697793,0.0083681503310799,-0.0093383388593792,-0.0155786648392677,0.0079425349831581,3
0.0057217832654714,0.0087218228727579,-0.0096673360094428,-0.0033445358276367,-0.0590592771768569,3
0.0028988351114094,-0.011412838473916,0.0042641633190214,-0.0016164934495463,0.0302273370325565,3
0.011950715444982,-0.0127536645159125,0.0065464084036648,-0.002420769073069,-0.0183511320501565,3
0.001788126071915,-0.0097205881029367,0.0147577859461307,-0.0098890140652656,-0.0105212684720754,3
-0.0106251519173383,-0.0061880769208073,-0.0040456671267747,0.0236047208309173,0.0363792888820171,3
0.0337515324354171,0.0256933346390724,-0.0040663992986083,-0.0159964524209499,-0.0107072666287422,3
-0.0038254288956522,-0.0035819895565509,-0.0004889509873464,-0.0254384540021419,-0.0393122546374797,3
-0.0006859094137325,0.00149305711966,-0.0029297922737896,0.0010864636860787,0.0342270024120807,3
-0.006090257782489,-0.0173290334641933,0.0062636975198984,0.0094195809215307,0.0125067848712205,3
-0.0070704873651266,0.0272892080247402,-0.0078360270708799,0.0012930997181683,0.0167512148618698,3
0.014277677051723,0.0168986432254314,-0.006783977150917,-0.0425442643463611,0.0284769367426633,3
0.0042424192652106,-0.0158137045800685,0.0058342735283076,0.0105146439746022,0.0158338621258735,3
0.0081951199099421,-0.0011754445731639,0.0025106980465352,0.0109457550570368,-0.008559925481677,3
0.0001591374893905,-0.0031436837743967,-0.0057819178327918,0.021434761583805,-0.0207200609147548,3
-0.0116649204865098,0.0098785627633333,-0.0005418662331067,0.0154333002865314,0.0146185560151934,3
-0.0050541348755359,-0.0169293247163295,-0.0174958147108554,-0.0079000294208526,0.0388330854475498,3
0.0276942439377307,-0.0280884448438882,-0.0016995822079479,-0.0166748110204935,0.053318303078413,3
-0.0075963870622217,0.0003858036652673,-0.0064946380443871,-0.0037862935569137,-0.0258120540529489,3
-0.0137897357344627,-0.0114938709884881,-0.0102515304461121,-0.0138718867674469,-0.0206535793840885,3
-0.0031177983619272,-0.0007671863422729,-0.0018289894796907,0.0032325675711035,0.0037512872368097,3
0.0031399575527757,0.0274876113981008,-0.0069980635307729,0.0194155815988779,0.0277356673032045,3
0.0027873835060745,-0.0051244786009192,0.0001127087380154,-0.0013941132929176,0.0039579439908266,3
-0.001077065244317,0.0021010234486311,-0.0015159549657255,0.0103376507759094,0.0277940556406974,3
-0.0023763587232679,-0.0174515731632709,-0.005135912913829,-0.012242910452187,-0.0028983438387513,3
0.0081390384584665,0.0197653025388717,-0.0021240694914013,-0.0224985629320144,-0.0076089138165116,3
0.0072681135497987,-0.0205909386277198,0.0007096159388311,0.0098135406151413,-0.0046888515353202,3
-0.0038992534391582,-0.0069086924195289,0.027833268046379,0.0316539332270622,0.0048087178729474,3
0.0010850534308701,-0.0163002274930477,-0.0058589521795511,-0.0077036595903337,0.0178307741880416,3
-0.0130256861448287,-0.0434102565050125,-0.0077519849874079,-0.021416962146759,-0.0569222457706928,4
-0.0136911310255527,0.0172268133610487,-0.0014700745232403,-0.0008065089932642,-0.0136639215052127,4
-0.0129497004672884,0.0288693811744451,-0.0075852121226489,-0.0062221195548772,-0.0481120645999908,4
8.781289943726733e-05,0.0113305747509002,0.0068217539228498,-0.0088005047291517,-0.0732888951897621,4
0.0108752455562353,0.0095523931086063,0.0113845886662602,-0.0118273850530385,-0.024779625236988,4
0.0157002974301576,0.0022590409498661,-0.0018505076877772,0.0113565092906355,0.0448894500732421,4
0.0023813624866306,-0.0231083743274211,0.0039335922338068,0.0175767913460731,-0.0398597307503223,4
-0.0093374419957399,-0.0125914542004466,0.0108317574486136,0.0006993832648731,0.0512973926961422,4
0.0139445094391703,0.0118843717500567,-0.0067656496539711,-0.0135029219090938,-0.0335526727139949,4
0.0207879357039928,0.0053608207963407,0.0013557302299886,0.0112368213012814,0.0277990121394395,4
0.0126569205895066,0.0006574452272616,0.0226291231811046,0.0206998977810144,0.0407410524785518,4
-0.0213223043829202,-0.0132571794092655,-0.001077649067156,-0.0211932063102722,0.0598001517355442,4
-0.0081754894927144,0.0126090971753001,-0.0225400570780038,0.0057995654642581,-0.0219701211899518,4
0.0015633148141205,0.008070251904428,0.0050138374790549,-0.0217707678675651,0.0096511393785476,4
-0.0057619703002274,-0.0260162055492401,-0.0001789301022654,-0.0003657941997516,0.0194640047848224,4
0.006075098644942,-0.0143700800836086,5.9099042118759826e-05,-0.0072923647239804,-0.0305956844240427,4
0.0224384721368551,0.0240612067282199,-0.0039022162090986,0.0115099195390939,0.0196878034621477,4
-0.0217777974903583,0.0019193473272025,-0.0046487459912896,-0.0015673080924898,0.0134662175551056,4
0.0210980884730815,-0.0194734334945678,-0.0094543630257248,0.0016359859146177,-0.0290061328560113,4
0.0126258414238691,0.0087413331493735,0.0172392930835485,0.0140247857198119,-0.0159160550683736,4
0.0019319059792906,-0.0343289785087108,-0.005035554524511,0.0206057112663984,0.0216964501887559,4
-0.0032005058601498,0.0450247228145599,-0.0051427888683974,-0.0200930424034595,-0.0100173894315958,4
-0.01075005158782,-0.0105544356629252,-0.0201917272061109,0.0134989656507968,-0.0384660400450229,4
-0.0033911066129803,-0.0046652448363602,-0.0041421949863433,-0.0156636107712984,-0.0142752723768353,4
-0.0020740181207656,0.0266391225159168,-0.0097083561122417,-0.0255016144365072,-0.0274442452937364,4
-0.0087613072246313,-0.0198033452033996,0.0042284363880753,-0.0164108388125896,-0.0899968966841697,4
-0.0102973943576216,0.0038012233562767,0.005973414517939,7.727933552814648e-05,-0.0182366594672203,4
-0.0171295404434204,-0.0406398475170135,-0.0064624403603374,0.0067614507861435,-0.0246393121778965,4
0.0070318635553121,-0.0020658576395362,0.0003875413676723,0.0324684828519821,-0.016098853200674,4
-0.0147209260612726,0.0399639494717121,-0.0222216844558715,-0.008011138997972,0.0500857718288898,4
0.0092238504439592,0.0064143678173422,0.0115855671465396,0.0084058782085776,-0.0035621188580989,4
-0.0106838606297969,-0.0307782217860221,0.0038586047012358,-0.0086409216746687,0.0236626528203487,4
0.0091455373913049,-0.0348859541118145,-0.0279212854802608,-0.0002879875246435,0.0141903553158044,4
-0.0134185329079627,-0.0141137056052684,-0.0061884680762887,-0.0065950485877692,-0.0028871777467429,4
-0.0107373250648379,0.0154379941523075,-0.0100385826081037,0.0075675435364246,-0.0921154767274856,4
0.0130898403003811,0.023821810260415,0.0041063851676881,0.0145106418058276,0.0423186421394348,4
0.0148962987586855,0.0063419416546821,0.0147024951875209,0.0186836346983909,0.0284619554877281,4
0.0026843107771128,-0.060859590768814,0.0214337594807147,0.0206112675368785,0.0249013043940067,4
0.0159723404794931,0.0222045630216598,0.0073278010822832,0.0059728543274104,-0.0344203822314739,4
0.0054799681529402,-0.0076835281215608,-0.0070869037881493,0.0010434435680508,0.0191658623516559,4
0.0069669131189584,-0.008234049193561,-0.0127341542392969,-0.0062756151892244,-0.0091029945760965,4
-0.0072092749178409,0.0139914378523826,-0.016749907284975,-0.0084884744137525,0.0357317812740802,4
-0.0157743133604526,-0.011839578859508,-0.007496453821659,-0.0006045328918844,-0.0232246033847332,4
-0.0035668879281729,-0.0070212720893323,-0.0155000276863574,-0.0053636422380805,0.0361044369637966,4
0.0011285839136689,-0.0239729061722755,0.0064961137250065,0.0149901434779167,0.0486872643232345,4
-0.0169452261179685,0.0055389543995261,-0.0083239981904625,-0.0048339013010263,-0.0359149426221847,4
-0.0266371015459299,-0.0304823219776153,-0.0198857970535755,-0.0034807047341018,0.0209192931652069,4
0.0014628390781581,-0.012677758000791,0.0178716760128736,-0.0056742029264569,-0.0286842603236436,4
-9.965085337171332e-05,-0.0382921807467937,0.0266537684947252,0.0116026792675256,0.0961956456303596,4
-0.0025620581582188,-0.0327731631696224,0.0032518634106963,0.0302028488367795,0.0281134396791458,4
-0.0043849442154169,0.0047513074241578,0.0093652177602052,-0.0171658061444759,-0.0334945991635322,4
-0.003227065782994,0.0184576418250799,0.0066118380054831,0.0142240468412637,-0.0295552033931016,4
-0.0017490854952484,0.0412017069756984,0.0033552250824868,-0.0016022546915337,-0.0278370827436447,4
-0.0080791236832737,-0.0162717346101999,0.0018273550085723,0.0235766600817441,-0.03555678576231,4
-0.0085523510351777,0.0239326078444719,0.0055364137515425,0.0098447920754551,0.0373036749660968,4
-0.0055581349879503,-0.0065916469320654,0.0035041947849094,-0.0266229528933763,-0.0326537676155567,4
0.0158329736441373,-0.0037529573310166,0.0001835789880715,0.0049318959936499,-0.0118863312527537,4
-0.0134963961318135,0.0005292029236443,0.0024832130875438,0.0174951087683439,0.0472344495356082,4
-0.0004575763305183,0.0060715028084814,0.0080172093585133,-0.0039486433379352,0.0175607074052095,4
0.0111199999228119,0.0281676426529884,0.0071901525370776,0.0077915592119097,-0.012714309617877,4
-0.032215166836977,0.0318180806934833,0.0085979122668504,0.0103124529123306,0.0676581114530563,4
-0.0002446812577545,0.0079056750982999,0.0060567199252545,-0.0113327531144022,-0.0662379786372184,4
-0.0088458368554711,-0.0056492332369089,-0.0207497999072074,-0.004906553775072,0.0257085524499416,4
-0.0049326154403388,-0.0058754635974764,0.0031819324940443,-0.0044568558223545,-0.0075699822045862,4
0.024731321260333,0.0238677207380533,0.0171428993344306,0.0190716758370399,0.0058864406310021,4
0.0193099733442068,0.0289382319897413,-0.0252439696341753,0.0020756153389811,-0.0344471037387847,4
0.0015296486672013,-0.0181187521666288,-0.0073635526932775,-0.0080171907320618,-0.0540233105421066,4
-0.0163314063102006,-0.0233308002352714,-0.0092094270512461,-0.0185598395764827,0.0283349305391311,4
-0.0209137853235006,-0.011492078192532,-0.0253049470484256,-0.0310726184397935,-0.1014527603983879,4
0.0056912135332822,-0.0160377547144889,-0.005164276342839,-0.0153078213334083,0.0389577783644199,4
-0.0074604265391826,-0.0011740151094272,-0.0292351134121418,-0.0091868843883275,0.0142586063593626,4
0.0108850458636879,0.0158784724771976,-0.0002035478828474,0.0264016706496477,0.0364164821803569,4
0.002307903021574,0.0097213219851255,0.0097820376977324,0.0227877460420131,-0.0321088954806327,4
-0.0013865819200873,0.0148637248203158,0.0001213770010508,0.0200736373662948,-0.0047008818946778,4
-0.0156341399997472,-0.0100707300007343,0.0121117252856493,-0.02911246009171,-0.0135509613901376,4
-0.0049945237115025,-0.0028594150207936,-0.0243787467479705,-0.0011276007862761,-0.0229863636195659,4
-0.0191223993897438,0.0149235548451542,-0.0138995517045259,-0.0309482049196958,-0.0565920174121856,4
0.0172355156391859,-0.0155284963548183,0.0098466221243143,0.0192040409892797,-0.027078403159976,4
0.0164271462708711,0.0354758836328983,-0.0101004652678966,0.0033167707733809,-0.0591627843677997,4
0.0026843107771128,-0.060859590768814,0.0214337594807147,0.0206112675368785,0.0249013043940067,4
0.003863246878609,-0.0211238805204629,0.0069813737645745,0.0023002389352768,-0.0508163571357727,4
-0.0068824556656181,0.0303072445094585,0.0004099228535778,0.0109161119908094,0.0866965055465698,4
-0.0024140237364917,0.0154039319604635,-0.0001654975349083,0.0067255501635372,0.0019402190810069,4
-0.0145513322204351,0.0080203376710414,-0.0163510777056217,0.0044000069610774,0.0017107486492022,4
-0.0046744034625589,0.0009465154726058,-0.0072608743794262,-0.0028629715088754,0.0298302359879016,4
0.0213675517588853,-6.7988941736985e-05,0.0093957362696528,-0.0124464118853211,0.0118371294811367,4
-0.0066873459145426,-0.0003700580855365,-0.0169252306222915,-0.0077853458933532,-0.042339127510786,4
-0.0025323955342173,-0.001448854804039,0.0098088067024946,-0.0052910582162439,-0.0436106882989406,4
-0.0258436389267444,-0.0167960580438375,0.0091696558520197,0.0089433388784527,0.0331855937838554,4
0.0075675789266824,0.0129929268732666,-0.0013711388455703,-0.0133374417200684,-0.0397183038294315,4
-0.0038426015526056,-0.0173848010599613,-0.0038510865997523,-0.0227904617786407,-0.0278645139187574,4
-0.0249313041567802,-0.0427109599113464,0.0102660525590181,0.0081694982945919,0.0453639291226863,4
-0.0139835383743047,-0.041221484541893,0.0160762313753366,0.0178632736206054,0.0350370891392231,4
0.0207656137645244,0.0024557828437536,0.0178491007536649,0.0187930464744567,0.0054444773122668,4
0.0048130112700164,-0.0133386123925447,0.0029091520700603,-0.0007087467238306,0.0298141036182642,4
0.0038204679731279,0.0096220476552844,-0.0038115964271128,0.0014048294397071,0.0426336899399757,4
0.0160289891064167,0.0266976617276668,0.0028748714830726,0.0144886402413249,-0.041069209575653,4
-0.0013637447264045,-0.0019765589386224,0.0041249645873904,-0.001374862040393,0.0021569768432527,4
0.0097747696563601,-0.0222927257418632,0.012810687534511,-0.0159661136567592,-0.0219867937266826,4
0.0019251368939876,-0.013324455358088,-0.0052970685064792,-0.0191346071660518,-0.0011816385667771,4
-0.0095464056357741,0.0094667319208383,0.0354894809424877,-0.0252764411270618,0.0068862158805131,5
-0.0059886868111789,-0.0081029050052165,-0.0023099202662706,-0.0098433382809162,0.025114219635725,5
0.0131215909495949,0.0292748007923364,-0.0105991140007972,0.0066769584082067,0.0070979171432554,5
-0.0005931426421739,-0.0026957930531352,-0.0130117526277899,0.0226405076682567,0.0131421722471714,5
0.0017804575618356,-0.0006823948933742,-0.0122697865590453,0.0012932476820424,0.0150143224745988,5
0.014188271947205,-0.0036177092697471,-0.0086020417511463,0.0065876562148332,-0.0284953229129314,5
0.0087497709318995,-0.0050836401060223,0.0271005537360906,0.0034168425481766,-0.0421339906752109,5
-0.0012020271969959,0.0015854469966143,-0.0094609158113598,0.0067336414940655,0.0205685440450906,5
0.0167697183787822,0.0204233564436435,-0.0236400570720434,-0.0061156232841312,0.0199930649250745,5
-0.003662526840344,-0.0021739890798926,-0.013399563729763,-0.0061015589162707,0.0063541093841195,5
0.0233836602419614,-0.0388076826930046,-0.0008572396473027,0.0031941558700054,-0.123132936656475,5
0.0083898501470685,0.0033022458665072,0.0132302362471818,0.0151624847203493,0.0181904658675193,5
-0.0112106148153543,-0.0151379872113466,0.0082132834941148,-0.0028904357459396,-0.0058405487798154,5
0.0122833754867315,-0.0086233345791697,0.0013427892699837,0.0024053093511611,-0.0138959698379039,5
0.0061704581603407,0.0141942230984568,0.0305613540112972,0.0095172924920916,0.0107928551733493,5
0.0056417407467961,0.0080728065222501,0.0007633923087269,-0.0008220687159337,0.0324594751000404,5
0.0082254176959395,-0.0106975259259343,-0.0127026941627264,0.0209388341754674,0.030455719679594,5
-0.0068913456052541,0.0026110289618372,0.0021458475384861,0.0111837293952703,0.0150832068175077,5
-0.0237390138208866,0.0434511974453926,-0.013463370501995,-0.0141004621982574,-0.0035470754373818,5
0.0123525205999612,-0.016176538541913,-0.0093887317925691,0.0179373193532228,-0.0093858577311038,5
0.0003570204717107,-0.0310299191623926,-0.0077976868487894,0.0148601783439517,0.0564175136387348,5
-0.0177136529237031,-0.0257349926978349,0.009274530224502,0.0104221412912011,-0.0050731925293803,5
0.0423629805445671,-0.0022530020214617,-0.0242135748267173,-0.0053634438663721,-0.0378839895129203,5
0.0108283283188939,-0.0119086354970932,-0.0049287774600088,0.0132493078708648,0.0364834740757942,5
0.0040861838497221,-0.0167752690613269,0.0002536065585445,0.0023031721357256,0.0042924466542899,5
-0.0035713494289666,0.0186769980937242,-0.0106219835579395,-0.0013712065992876,-0.0376679897308349,5
-0.0022874951828271,0.0162048693746328,0.0056852009147405,0.0039102057926356,0.0035727221984416,5
0.00790561363101,-0.0026394312735646,-0.0108224712312221,0.0063723176717758,-0.0283135920763015,5
0.0152186714112758,-0.012183628976345,-0.0014650480588898,0.0050068846903741,0.0182044617831707,5
-0.0148837929591536,0.0077280704863369,0.0010358678409829,-0.0025681275874376,-0.0026822104118764,5
0.0196270458400249,-0.02003482170403,-0.0021769083105027,-0.0019161286763846,-0.0742371380329132,5
0.0093433931469917,-0.0059186047874391,0.0073712291195988,-0.0099216271191835,0.0307684931904077,5
0.0145440259948372,0.0015626916429027,-0.0157986581325531,-0.0096750007942318,-0.0087206689640879,5
-0.0111511666327714,-0.0186568107455968,-0.0224452503025531,0.0105402404442429,0.0161209385842084,5
-0.0070585259236395,-0.0078565925359725,-0.0069629224017262,-0.007350998930633,0.066101387143135,5
0.0108655532822012,-0.0133755039423704,-0.0031777387484908,0.005666765384376,-0.0171936303377151,5
-0.0228772945702075,-0.0112172337248921,0.0209066979587078,0.001781903905794,-0.0244446191936731,5
-0.0066618518903851,0.0135849257931113,0.0119998725131154,-0.0031290820334106,-0.0031782106962054,5
0.010353785008192,0.0069202710874378,-0.0059098172932863,-0.002952208276838,-0.0014191617956385,5
-0.0152561664581298,-0.0102399187162518,-0.0047340029850602,0.0095610739663243,0.0029392875730991,5
-0.0045279040932655,0.0134756956249475,-0.0030289418064057,0.0040256604552268,-0.0215390734374523,5
0.01376892067492,0.0019860083702951,0.0030542435124516,0.0105328559875488,-0.0280172750353813,5
0.0053577842190861,-0.0042614717967808,0.0095907272771,0.0073946239426732,0.0052775111980736,5
-0.0042873420752584,0.0055736652575433,-0.0092974109575152,0.0028016280848532,-0.0683078989386558,5
-0.0016383815091103,0.0038684541359543,-0.0032288793008774,-0.0001382886694045,0.0207893177866935,5
0.0056208441965281,-0.0196790900081396,-0.0020438907667994,0.0140613727271556,-0.0190164875239133,5
0.0067321471869945,-0.0053766062483191,-0.0153947565704584,-0.0172451846301555,-0.0337836146354675,5
0.0069010471925139,0.0067591480910778,-0.0001849139807745,0.0122864488512277,0.001743343193084,5
-0.009502307511866,-0.013151709921658,-0.0050152647309005,-0.0229352973401546,0.0202449560165405,5
0.0007339685689657,0.0065439227037131,0.0090355286374688,-0.0011065903818234,0.0053738285787403,5
0.0177068952471017,0.0284404419362545,-0.0037445542402565,-0.0104199079796671,-0.0459299571812152,5
-0.0209151525050401,-0.0019720350392162,0.0051667410880327,0.0044948700815439,0.0644998550415039,5
-0.0101766875013709,-0.00994757656008,-0.0015846202149987,-0.0076601807959377,-0.0128786005079746,5
-0.0010765397455543,0.0101803438737988,-0.0034049041569232,-0.0094815036281943,-0.0016995331970974,5
0.0151860248297452,0.0063427411951124,-0.0133161433041095,0.0047732079401612,-0.0337357074022293,5
0.0081299757584929,-0.0050169546157121,0.012213047593832,0.0001298251881962,0.0029857605695724,5
0.002897233935073,0.0110519938170909,0.0001245773019036,0.0033934952225536,0.0139221930876374,5
-0.0103271659463644,0.0177994575351476,-0.0157622583210468,0.0129467286169528,-0.0132214929908514,5
-0.0084220152348279,-0.0023405086249113,-0.0149334780871868,0.0063119949772953,-0.0549809709191322,5
-8.22737711132504e-05,0.0212714858353137,-0.0090132234618067,-0.0035328462254256,-0.0377831682562828,5
-0.0026260332670062,-0.0058586616069078,0.0049402341246604,0.0006800553528591,-0.0038769007660448,5
0.0055448897182941,-0.0202781073749065,-0.0114716058596968,-0.001986009767279,-0.0233961604535579,5
0.0040531777776777,-0.006711175199598,-0.0058190310373902,0.0078842807561159,0.0090653728693723,5
-0.0007477352628484,0.000403167476179,-0.0032658351119607,-0.0076467851176857,-0.0082203922793269,5
-0.0091778617352247,-0.0017030182061716,0.0289996415376663,-0.0207926724106073,0.0230680368840694,5
-0.0207879487425088,0.000647681299597,-0.0040716989897191,0.0013675962109118,0.0094853667542338,5
0.0081706279888749,-0.0046648010611534,-0.0010992722818627,0.0040357029065489,-0.0154902450740337,5
0.0069472533650696,-0.0146642895415425,0.0155502427369356,-0.0156138716265559,0.0066074384376406,5
0.003353995969519,0.0065922504290938,-0.010029693134129,-0.0050774719566106,0.043041355907917,5
-0.0114264758303761,0.0304581243544816,-0.0190632194280624,0.0043173697777092,0.0540804751217365,5
0.0153032839298248,0.0017383167287334,0.0027654231525957,0.0311236511915922,0.0239468701183795,5
0.000548644864466,0.0141620906069874,0.0049586840905249,-0.0029639289714396,-0.0091348299756646,5
-0.014635095372796,-0.0029228134080767,0.0116977486759424,-0.0207658614963293,0.0216111429035663,5
0.0010496982140466,-0.0115050403401255,-0.0035090262535959,-0.0054081073030829,-0.0247210022062063,5
0.0108230011537671,-0.0067618479952216,-0.0032823234796524,0.0023016342893242,-0.0044377027079463,5
-0.0027967034839093,-0.045083750039339,0.0019325675675645,0.0102840382605791,0.0202960297465324,5
0.0016981563530862,0.0007821091567166,0.0060584051534533,0.0003104319330304,0.0149363921955227,5
0.0016098808264359,0.0087767420336604,-0.0019630813039839,0.0026891476009041,-0.0438575968146324,5
-0.0056502604857087,0.0077416966669261,0.0282345153391361,-0.0062150969170033,-0.0700434893369674,5
0.0016910312697291,-0.0111863799393177,-0.0059163556434214,-0.0057986099272966,0.0319438576698303,5
0.0151312621310353,0.0027115889824926,0.0185199007391929,0.0024399149697273,0.0318973138928413,5
-0.0164119228720664,-0.0089516807347536,-0.0263439696282148,-0.0094866538420319,0.1472867429256439,5
0.006636562757194,-0.0078691849485039,0.0024192247074097,0.0202350672334432,0.0443446151912212,5
0.0167401209473609,-0.0107973916456103,0.0123403472825884,0.0001508313580416,0.0316421762108802,5
-0.0023293250706046,-0.0021941065788269,-0.0151191586628556,-0.0001653883664403,-0.0299042407423257,5
0.0215842593461275,0.00738918595016,0.0370410159230232,-0.0098917884752154,-0.0352013781666755,5
-0.0096082016825675,0.0131371356546878,-0.0197182409465312,-0.0043959231115877,0.0300598889589309,5
-0.0068707652390003,0.0028641605749726,0.0083439191803336,-0.0086755482479929,0.017157444730401,5
0.0118976449593901,0.009971871972084,0.0099906548857688,0.0013874758733436,0.0116450879722833,5
-0.0117399021983146,0.0054117692634463,0.0106864301487803,0.0041707344353199,0.0069270418025553,5
0.0026139379478991,-0.0011979517294093,0.0163300987333059,0.0139436181634664,0.0097761740908026,5
-0.0061078108847141,0.0190430264919996,0.0065951761789619,0.0039562880992889,-0.0457964949309825,5
0.0055941422469913,-0.017112074419856,-0.0017732279375195,0.0012970207026228,0.0001403619826305,5
-0.0034595045726746,0.0059541845694184,-0.0023649474605917,0.0069138966500759,0.0119831105694174,5
0.002782039809972,-0.0025986938271671,0.0109474444761872,0.0097803529351949,0.000964673643466,5
-0.0038487499114125,-0.0064585250802338,-0.0050054527819156,-0.0024657128378748,0.0288963168859481,5
-0.012264703400433,-0.0336250253021717,0.0231803320348262,-0.0086618028581142,-0.0101588349789381,5
-0.0001135455095209,0.0053620496764779,0.0266886185854673,0.0022372719831764,-0.0181684792041778,5
0.0010507507249712,0.0118533559143543,-0.0032706684432923,-0.0032405646052211,-0.0271112974733114,5
-0.0249356869608163,0.0110418917611241,-0.013550728559494,-0.024473687633872,0.0225029774010181,5
-0.003892311360687,-0.0112602710723876,0.0005979929119348,-0.0003428072086535,-0.0054545700550079,6
-0.0156557485461235,0.0026890414301306,0.0064531303942203,-0.0008370417053811,-0.0206793323159217,6
-0.006524127908051,-0.0030171615071594,-0.0063194669783115,-0.0076497914269566,0.0253702644258737,6
-0.0087107494473457,0.0097463587298989,0.0003133406571578,-0.0097474483773112,0.0354279391467571,6
0.028372349217534,-0.006165930069983,0.0304568149149417,0.0217123366892337,0.0543307662010192,6
0.0035309840459376,0.004782376345247,0.0082032838836312,-0.0183154661208391,-0.0329613462090492,6
0.0011029246961697,-0.0170275308191776,0.0055448948405683,0.0042819329537451,0.0029719087760895,6
0.0029152466449886,0.0128187462687492,0.0126201510429382,0.0114404316991567,0.0096912998706102,6
0.0126060843467712,0.0068557383492589,-0.0022431493271142,0.0035441000945866,-0.0004096115881111,6
0.0107722384855151,-0.0083877770230174,-0.0100848022848367,0.023605216294527,0.0231770444661378,6
0.0013900585472583,-0.0127049218863248,-0.0027683568187057,-0.0010468013351783,-0.0621278658509254,6
0.0033048861660063,0.0121241072192788,0.0131360255181789,0.0112311728298664,0.0312196742743253,6
0.0042517348192632,0.018595477566123,0.0029803721699863,0.0085780220106244,0.0118017708882689,6
0.0132934274151921,-0.0127037949860095,-0.00799838360399,0.0120727699249982,0.000686987710651,6
-0.0084456326439976,0.0083311237394809,-0.0015781646361574,-0.0021386286243796,-0.0130117535591125,6
0.0111812371760606,0.0266049467027187,0.0070991152897477,-0.0046814149245619,0.0220549385994672,6
0.000747077690903,-0.0161299258470535,0.0080216936767101,0.0040284609422087,-0.0047699781134724,6
0.0035215085372328,0.0029296875,0.0088176187127828,-0.0021694519091397,-0.0378821194171905,6
0.0049702003598213,-0.0008888863958418,0.0078740157186985,-0.0057804146781563,0.0273174159228801,6
-0.0157400276511907,0.0010785566410049,-0.0001029924023896,0.0145507808774709,0.0239108018577098,6
-0.0072086635045707,0.0289394594728946,-0.0083224214613437,-0.0095707383006811,-0.0236203335225582,6
-0.0033689064439386,0.0003696797066368,2.500426307960879e-05,0.0039131240919232,-0.0024934387765824,6
0.0105734886601567,-0.0157631747424602,-0.0055041396990418,-0.0013726596953347,-0.0206977576017379,6
0.005080344621092,0.0271774306893348,-0.0072199422866106,-0.0084181604906916,-0.0362451300024986,6
0.0209469180554151,-0.0067399120889604,0.0142893865704536,0.0270973052829504,0.0671717822551727,6
0.0123198581859469,-0.0067858421243727,0.0022268674802035,0.0252476371824741,0.0198097173124551,6
-0.0029470340814441,0.000697259849403,0.0016506132669746,-0.0062313727103173,0.0284776501357555,6
0.0026959849055856,-0.0309584457427263,-0.0217691846191883,-0.0169908571988344,0.0007124072290025,6
0.0034462574403733,-0.0210765711963176,0.0050629572942852,-0.0055410815402865,0.0357147715985775,6
-0.0066566918976604,-0.0126903355121612,-0.0094680245965719,-0.0182558149099349,0.0265509188175201,6
0.0064388299360871,0.0011048298329114,0.0091341761872172,0.0185762532055377,0.0020991654600948,6
0.0024163096677511,-0.0011684355558827,-0.0079978518187999,0.0185280740261077,0.0067679090425372,6
-0.0115802781656384,-0.0009054624824784,-0.0023043272085487,-0.0142092565074563,0.0123055055737495,6
0.0041698226705193,0.022513834759593,0.0067800786346197,0.0213965494185686,-0.0158621538430452,6
-0.0076150121167302,0.0153532996773719,-0.0145709281787276,-0.0286131240427494,-0.0034927160013467,6
-0.0175992846488952,-0.0228949338197708,-0.0126781919971108,-0.0131151294335722,-0.0500139445066452,6
-0.0158116519451141,-0.0192080624401569,-0.0108852498233318,0.009015068411827,-0.0165690388530492,6
-0.0020749643445014,-0.0060033542104065,0.010081585496664,0.0062176040373742,-0.0051795556209981,6
0.0034021926112473,-0.005345843732357,0.0075165568850934,-0.0032056265044957,0.001176071469672,6
0.0100842583924531,0.01618417724967,-0.0019720259588211,0.0043005738407373,0.0040258467197418,6
0.001250464352779,0.0158140882849693,0.0001100225927075,-0.0292764343321323,-0.0265592895448207,6
0.0133012561127543,0.0099947061389684,0.004457329865545,0.0271344166249036,0.011540163308382,6
0.0056615895591676,-0.0023526430595666,-0.0067900889553129,-0.002039193175733,-0.0419968031346797,6
0.0050127576105296,0.0116323577240109,0.0025633629411458,0.0166736282408237,0.0234043542295694,6
0.0053387582302093,-0.0014678626321256,0.0049651586450636,0.0112022003158926,0.0347351506352424,6
0.0096729714423418,0.020245686173439,0.0018922230228781,0.0097748413681983,-0.0139429401606321,6
-0.0074300845153629,0.0005291801062412,0.0019741533324122,-0.0101091675460338,-0.0220149811357259,6
0.0036878604441881,-0.0083929179236292,0.0058725052513182,-0.0102267153561115,0.024948876351118,6
-0.0175286252051591,0.0174955260008573,0.022560566663742,-0.0021601372864097,-0.0255402773618698,6
0.0029123469721525,-0.0434382073581218,-0.0076759336516261,0.0016828116495162,-0.0180405788123607,6
0.0220325775444507,0.0243199598044157,0.0124824047088623,-0.0095547558739781,-0.0426523424685001,6
-0.0135019924491643,-0.0309273172169923,-0.0107368668541312,0.0022104561794549,0.0001113711623474,6
-0.002224622759968,0.0376220121979713,0.0025506499223411,-0.0099824760109186,0.0597994774580001,6
-0.002217833418399,-0.0333519615232944,-0.0086305029690265,-0.0064943260513246,0.0278393421322107,6
-0.014300680719316,0.0037281555123627,-0.0078421076759696,-0.0042103542946279,0.0549072287976741,6
0.0054539781995117,0.0169232692569494,0.0150591488927602,0.0131808873265981,0.012058874592185,6
-0.0095716603100299,-0.0126321548596024,0.0077569554559886,0.0019877825397998,0.0065511777065694,6
-0.007072314620018,-0.0111562265083193,0.0143470177426934,-0.0149699049070477,0.0103462403640151,6
-0.0011321806814521,0.0099995750933885,-0.0005314123118296,-0.0064976648427546,-0.0431982800364494,6
-0.0094057796522974,0.0038992504123598,0.005811455193907,0.0082520199939608,0.0504166893661022,6
-0.0002459461975377,-0.0106409825384616,0.0127171045169234,-0.0023795482702553,-0.017780102789402,6
-0.0135817294940352,-0.0130955781787633,0.0070545952767133,0.0130179980769753,0.0133646400645375,6
0.0068389805965125,0.0034859075676649,-0.0165196899324655,-0.0062021194025874,0.0178196597844362,6
0.0160514768213033,0.0141607727855443,0.0063453852199018,0.0164465587586164,0.0136198997497558,6
-0.0242170002311468,0.0149164395406842,0.0051990547217428,0.0025968574918806,-0.0576605759561061,6
0.0043155984021723,-0.0060606873594224,-0.0099197849631309,0.0036895587109029,0.0063196211121976,6
-0.011473118327558,0.022432392463088,-0.0093051325529813,0.0057112532667815,0.086887203156948,6
-0.0101628508418798,-0.0106853889301419,-0.013578251004219,-0.0302989240735769,0.0074753756634891,6
0.0031404695473611,0.0103015108034014,-0.0130110932514071,0.0014346060343086,-0.0249573960900306,6
0.0003605420060921,-0.0268537271767854,-0.0021974456030875,-0.000797820452135,-0.0003031223895959,6
0.002743154997006,0.0041928817518055,-0.0111972959712147,-0.0112961735576391,0.0056427572853863,6
0.0193461533635854,-0.0136334225535392,0.0028461096808314,-0.0075240316800773,0.0064517548307776,6
0.0001321086019743,-0.0261690150946378,0.0015670586144551,-0.0023906910791993,0.0146269081160426,6
-0.0048556816764175,-0.0055672181770205,-0.0073095173574984,-0.0076188268139958,-0.0066356970928609,6
-0.0047114882618188,-0.0162168480455875,0.0014007672434672,0.0065217376686632,0.0015382833080366,6
0.0150013417005538,-0.0022029750980436,-0.0135008757933974,0.0082425521686673,-0.0294970870018005,6
0.0080548860132694,-0.0184007789939641,0.0038803149946033,0.0172722488641738,0.0342283807694911,6
0.015668585896492,-0.0103538278490304,0.0030567536596208,-0.0032118069939315,0.0339985266327858,6
-0.0003498406440485,-0.0056495498865842,-0.0067686196416616,-0.0022474504075944,-0.0188574623316526,6
0.0186524111777544,-0.0013611322501674,0.010748510248959,0.0127692390233278,0.0689048543572425,6
-0.0008706087828613,0.003118201624602,-0.0064353649504482,0.0030722054652869,0.01908222399652,6
0.0145654082298278,0.0184929389506578,0.0025184252299368,0.0068895644508302,0.007201490458101,6
-0.0119645902886986,0.0266067087650299,0.0061473855748772,-0.0167376827448606,-0.0272358283400535,6
0.0061029195785522,-0.0092817349359393,0.0054238089360296,0.0070871161296963,0.0148315876722335,6
-0.0056119095534086,-0.0134387444704771,-0.0088288085535168,0.0127644222229719,0.0002800911315716,6
-0.0045930715277791,0.0249195490032434,-0.007755076047033,-0.0032871144358068,-0.0252753403037786,6
-0.0092818746343255,5.820216028951109e-05,0.0028574436437338,-0.0090853730216622,-0.0070059807039797,6
0.0015414851950481,0.0081184385344386,0.0001694715465418,-0.000643397506792,-0.0435898937284946,6
0.0112622333690524,0.0242577344179153,-0.0057220035232603,-0.0044853868894279,-0.0196818746626377,6
0.0128414453938603,-0.00764702539891,-0.0054430174641311,-0.0007333736866712,0.0021172240376472,6
-0.0070421332493424,-0.0072075393982231,-0.0023577299434691,0.0050696372054517,0.0096816010773181,6
-0.000543849542737,0.0177479870617389,0.0020735426805913,-0.0090560251846909,-0.0438343249261379,6
-0.0086002275347709,0.0217249486595392,-0.0019414264243096,-0.0076803006231784,-0.0197907146066427,6
-0.0106559293344616,-0.0023338543251156,0.0066343890503048,0.0211118478327989,0.0333566293120384,6
0.0113229388371109,-0.0372742936015129,0.0035943775437772,0.0074701588600873,0.0149082634598016,6
0.0047838767059147,0.0296500045806169,0.0008950093179009,0.0031729608308523,0.0308691076934337,6
-0.0191509537398815,0.0391034893691539,-0.0062799388542771,-0.01539215631783,-0.0651217699050903,6
0.0006583837675862,-0.0042311898432672,-0.0027539713773876,0.0064147743396461,0.0438164547085762,6
0.0048017119988799,-0.0036914290394634,0.00785986892879,-0.0034763228613883,-0.0106720104813575,6
-0.0128529099747538,-0.0151972034946084,0.0348898768424987,-0.0009631431894376,-0.002899621380493,6
-0.0162548460066318,-0.0025298192631453,-0.0107811763882637,-0.0306003391742706,-0.0219788216054439,7
-0.0068331179209053,0.0546071156859397,0.0052484711632132,-0.0076823569834232,-0.0226267632097005,7
-0.0104975029826164,-0.0097481198608875,-0.0081089278683066,0.0194569714367389,-0.0661387518048286,7
-0.0090978238731622,-0.0002591737138573,-0.0095999175682663,-0.0067001706920564,-0.0724446102976799,7
-0.0163816791027784,-0.0079014170914888,0.0024659554474055,-0.0141079761087894,-0.0520591884851455,7
0.0101642264053225,0.0282860770821571,-0.0134826991707086,-0.001590660889633,0.0049964627251029,7
-0.0100892717018723,-0.034525591880083,-0.0106558501720428,0.0071435193531215,-0.0140772992745041,7
-0.0246897004544734,-0.0407811924815177,0.0089258234947919,-0.0091729024425148,0.0978737473487854,7
-0.0011194933904334,-0.0210848171263933,-0.0022324121091514,-0.0014715744182467,-0.0174572933465242,7
-0.0055740037932991,-0.0314639173448085,-0.0032470198348164,0.0047201514244079,-0.0114650428295135,7
0.0024708078708499,0.0357224643230438,-0.0054477476514875,-0.0004456362803466,0.0059083723463118,7
-0.0146684702485799,-0.0233899410814046,-0.0159466471523046,-0.0209195427596569,0.000308810500428,7
0.0096101900562644,0.0008886326686479,-0.0062205120921134,-0.0165927037596702,-0.0114397592842578,7
0.0123405056074261,0.0582039877772331,-0.001380436355248,-0.0022521829232573,-0.0268948301672935,7
-0.0158668849617242,-0.0103146582841873,-0.0091370632871985,-0.0124059813097119,-0.0259302854537963,7
-0.0183071251958608,0.0311384834349155,-0.0047901761718094,-0.0165262389928102,0.0095291007310152,7
0.0004919602070003,-0.0228840596973896,0.0013731596991419,-0.0226677004247903,-0.0477850809693336,7
0.0160842463374137,-0.0111486399546265,-0.0013978623319417,0.013620126992464,-0.0273104645311832,7
-0.0096129029989242,0.0228393618017435,-0.0042178705334663,-0.0206240285187959,0.0050058327615261,7
-0.0135475024580955,-0.003715724684298,0.0059577408246695,-0.0163024440407753,0.0121030434966087,7
0.0205663386732339,-0.0213781204074621,0.0170799810439348,-0.0113412039354443,-0.058561448007822,7
0.0138884037733078,0.0593100525438785,0.0139528112486004,0.0238582119345664,-0.0427313297986984,7
0.001425529946573,-0.0052267992869019,0.0043880199082195,0.0128112789243459,0.0196117516607046,7
0.0064428453333675,0.0048308749683201,0.0227587837725877,0.0146750435233116,0.0694229155778884,7
0.0075707375071942,-0.0056384722702205,0.0081511549651622,-0.001896763104014,0.0139118498191237,7
0.0134151754900813,-0.0349740609526634,0.0176594741642475,0.0076491674408316,0.0320228524506092,7
0.0021645540837198,-0.0107350600883364,0.0034850239753723,-0.0042643817141652,0.0090084681287407,7
0.011917371302843,0.0065619298256933,0.0048887692391872,0.0184517055749893,-0.0170335061848163,7
3.24190259561874e-05,0.0145715214312076,-0.0053401058539748,-0.0040964782238006,0.0501351654529571,7
0.0068939230404794,0.0059121898375451,0.0110126910731196,0.0077243843115866,0.0138906417414546,7
-0.0011061235563829,-0.0050404658541083,0.0060908370651304,0.014459210447967,0.0312624908983707,7
0.027443952858448,0.0064434884116053,0.0032672914676368,-0.0149106783792376,-0.0505481958389282,7
-0.005641124676913,-0.0035461229272186,-0.0040604630485177,-0.0041718021966516,0.0066548059694468,7
0.007688739337027,-0.0125735979527235,0.0073749907314777,-0.0018924734322354,-0.0068219327367842,7
-0.0041557131335139,0.0202709902077913,-0.0014426105190068,-0.0060423845425248,0.0048774075694382,7
-0.003335214452818,0.000319197657518,0.0052356049418449,-0.0156553983688354,0.0334675572812557,7
0.0132795125246047,0.0652196183800697,-0.0113348746672272,0.0179752949625253,0.0480312369763851,7
-0.0147914662957191,-0.0082276053726673,-0.0136521188542246,-0.0145259583368897,0.019706817343831,7
0.0062988675199449,0.0084415795281529,0.0009051145752891,-0.0019466502126306,-0.0437196157872676,7
0.0003110482939518,-0.0287119541317224,0.0040059117600321,-0.0094338953495025,-0.00355611811392,7
-0.0146684702485799,-0.0233899410814046,-0.0159466471523046,-0.0209195427596569,0.000308810500428,7
-0.0113877393305301,-0.0254069771617651,-0.0078651085495948,-0.0030340040102601,-0.0393499583005905,7
0.0127119617536664,0.0185852963477373,0.0065246974118053,0.0205646697431802,0.15031598508358,7
-0.0112046785652637,0.0322004184126853,0.0143473893404006,0.0125894555822014,0.0082719661295413,7
-0.0110279116779565,-0.0548146553337574,-0.0124126011505723,-0.0111273741349577,0.0471933558583259,7
-0.0263082236051559,-0.0090293707326054,-0.0079056285321712,-0.0053914771415293,0.0446245446801185,7
0.0077713821083307,-0.0091854380443692,0.0078111556358635,0.0191680900752544,-0.0110042272135615,7
-0.0129053713753819,-0.0083729848265647,-0.0058175232261419,-0.0011614063987508,-0.0446233861148357,7
-0.0039797560311853,0.0239465814083814,-0.0143878906965255,-0.0045481724664568,-0.0664296373724937,7
0.0384584031999111,0.034413494169712,-0.0256615933030843,0.0042261374182999,0.0202984139323234,7
-0.0089771496132016,-0.0075171175412833,-0.0059692929498851,-0.0175302661955356,-0.0468856059014797,7
-0.0002660334575921,-0.0154842557385563,-0.0077677061781287,0.0189800485968589,0.0071457866579294,7
0.0087589537724852,-0.0024010422639548,0.0018031341023743,0.0021424032747745,0.0373143255710601,7
0.0304809026420116,-0.0024248699191957,0.0099987844005227,0.0043323882855474,0.0493414439260959,7
-0.0203901529312133,-0.0187615249305963,-0.0057074804790318,-0.0061288196593523,0.0692341923713684,7
0.0155181577429175,-0.0574599392712116,-0.0088398782536387,0.0168031584471464,0.0551041960716247,7
0.0059319962747395,0.0076361964456737,-4.646285742637701e-05,0.0149923032149672,0.0006951028481125,7
-0.0118866525590419,0.0182888116687536,0.0005382599192671,-0.0047775204293429,-0.0540012195706367,7
8.151997462846339e-05,-0.0053145424462854,0.0097085116431117,-0.0254589952528476,-0.0008236943394877,7
-0.0105886766687035,-0.0257997084408998,-0.0134899942204356,-0.0114806368947029,-0.0112432492896914,7
-0.0094617800787091,-0.0170203167945146,-0.0096863647922873,-0.0164701826870441,-0.0173063576221466,7
-0.0057349689304828,0.010585349984467,-0.0100018437951803,-0.0123303038999438,-0.0207554996013641,7
-0.0141134550794959,-0.0195485297590494,-0.0132314218208193,-0.0093517275527119,-0.018744982779026,7
0.0026078936643898,-0.0175859667360782,0.0010364364134147,-0.0166043564677238,0.0111949471756815,7
-0.0110904108732938,0.0177179723978042,0.0140819856896996,0.0139607889577746,0.0515582449734211,7
0.0162279605865478,-0.0138942953199148,0.0160052720457315,-0.0029257009737193,-0.0004157960938755,7
-0.0047867516987025,-0.0568384565412998,0.0030652142595499,-0.0166019573807716,-0.0220593456178903,7
0.0138487555086612,-0.0140527253970503,0.0022265412844717,-0.0025681357365101,-0.015390888787806,7
0.0047988020814955,0.022791588678956,-0.000554162194021,0.0039127552881836,-0.0194278061389923,7
-0.0102621307596564,0.0037757141981273,0.0024564717896282,0.0026584246661514,-0.0252786744385957,7
0.0069892881438136,0.0371634624898433,0.0101774940267205,-0.0010561343515291,0.0872342586517334,7
0.0187003444880247,0.009295635856688,0.0051865926943719,0.0159061104059219,0.0301175955682992,7
0.01197443716228,-0.0355801321566104,-0.0008848673896864,-0.0079154362902045,0.0198451615869998,7
-0.00112275860738,0.0113571267575025,-0.0228744223713874,-0.0241667851805686,-0.0024431513156741,7
-0.0141968857496976,-0.0043225050903856,-0.0081198457628488,0.0072731459513306,0.0047049466520547,7
0.0116510158404707,-0.0131709640845656,0.0045265820808708,0.0155913112685084,0.0387091450393199,7
0.0152193251997232,-0.0117020737379789,0.0179192274808883,0.0134147340431809,-0.0245104823261499,7
0.0089342379942536,0.0074358088895678,0.0175831168889999,-0.0036265652161091,-0.0113160349428653,7
-0.0032199032139033,0.0154769942164421,0.0001053068845067,-0.0116066504269838,0.0498321242630481,7
0.01448923535645,0.0151327149942517,-0.0035421426873654,0.0165160298347473,-0.0384054146707057,7
0.0127119617536664,0.0185852963477373,0.0065246974118053,0.0205646697431802,0.15031598508358,7
0.0245046373456716,-0.0115877967327833,0.0229189898818731,0.0297459233552217,0.0142522072419524,7
-0.0105530731379985,0.0103155961260199,-0.0234340745955705,-0.0346171073615551,-0.0465666763484478,7
0.0227889623492956,0.0205312855541706,0.0077068773098289,-0.0229020994156599,-0.00717453379184,7
-0.0050494982860982,-0.0045462134294211,-0.0204124376177787,-0.0065630916506052,0.0875044912099838,7
0.003763685002923,-0.0701983347535133,-0.006100642029196,0.0030500893481075,0.0673677995800972,7
0.0016013069543987,0.0025353347882628,-0.0025844373740255,0.0128254014998674,-0.0314590781927108,7
0.0198714137077331,0.0094003146514296,0.0109889889135956,0.0148341627791523,0.0085902689024806,7
0.0157314203679561,-0.0289433375000953,-0.0002991911605931,0.0213772766292095,0.0301626864820718,7
-0.0042950790375471,-0.0095943855121731,-0.0005086314631626,-0.0011748626129701,0.0227544587105512,7
0.0255471635609865,0.0331607498228549,-0.01518324483186,0.0002832368481904,-0.0353501886129379,7
-0.0023488814476877,0.0386022217571735,0.0078508267179131,-0.0008227207581512,-0.0613359846174716,7
0.0026079474482685,0.0041178669780492,-0.0220337100327014,-0.0365614145994186,-0.0422087758779525,7
-0.003219504840672,0.0122234746813774,0.0042178616859018,0.0029130012262612,-0.012230391614139,7
0.0100004794076085,0.0043546534143388,0.0031375696416944,0.0025079906918108,0.0616691075265407,7
0.0150020010769367,0.0166522543877363,-0.0016709679039195,-0.0070453090593218,-0.045509036630392,7
-0.0045693949796259,0.0071608331054449,0.0083413440734148,-0.0001458332553738,-0.0005925806472077,7
-0.0002413994516246,-0.0017923135310411,0.0060868663713335,0.0011350770946592,0.0312693305313587,7
-0.0112196933478116,0.0166894681751728,0.0010963161475956,0.0177689529955387,-0.0212941747158765,7
0.014021866954863,0.0092172678560018,0.0094857355579733,0.0096176099032163,-0.0061264275573194,7
-0.0119063947349786,0.0112249162048101,-0.0072288704104721,-0.0206509847193956,-0.0299635995179414,8
0.0086631597951054,-0.0037020989693701,0.0014263553312048,-0.0006093978881835,0.0055738775990903,8
-0.0076382881961762,-0.0521323904395103,-0.0052009592764079,0.0279138423502445,0.0299278665333986,8
0.0024220561608672,-0.0047311368398368,0.0106932576745748,-0.0194895360618829,-0.0171446967869997,8
-0.0011673317058011,-0.0261284485459327,0.0066758692264556,0.0005651339306496,0.0377371609210968,8
0.010378336533904,0.003470490919426,0.0197600852698087,-0.0132840890437364,0.0208131652325391,8
0.0107780378311872,0.0147373601794242,0.0212379042059183,0.0022290754131972,0.0027037647087126,8
-0.0007954455213621,0.0486552976071834,-0.0179255120456218,-0.0023319188039749,-0.0346388816833496,8
-0.0115095283836126,-0.018019612878561,0.0047967280261218,0.0003339187824167,0.0182448495179414,8
-0.0025479595642536,-0.0443607233464717,-6.993537681410089e-05,0.0020902543328702,0.0180498082190752,8
-0.0128782782703638,-0.0279010962694883,0.0083116423338651,-0.0037533096037805,-0.0317565388977527,8
0.0240132864564657,-0.0073818713426589,-0.0012758820084854,-0.0304003171622753,0.0018244903767481,8
0.0125238765031099,9.070010855793952e-05,-0.0195276979357004,-0.0221068654209375,-0.0223022252321243,8
0.0126334335654973,-0.0193921085447073,0.0103240013122558,0.0015774347120895,-0.0013647527666762,8
-0.0047524548135697,-0.0063409488648176,-0.0069557521492242,0.0011126031167805,0.0041276882402598,8
0.0190488304942846,0.0271164532750844,-0.0137656917795538,-0.0028807180933654,0.0272411312907934,8
-0.0084862243384122,0.0010014730505645,-0.0118844313547015,-0.0298873204737901,-0.0707398205995559,8
-0.0044964491389691,0.0008878036751411,-0.0032036597840487,-0.0070894216187298,-0.0124513264745473,8
0.0055670086294412,-0.0248295105993747,0.0105198137462139,-0.0024887337349355,-0.0096667632460594,8
0.0142392497509717,-0.043668832629919,0.0091152722015976,-0.0002747175749391,0.0337639860808849,8
-0.0108024915680289,-0.0124456156045198,0.0049605011008679,0.0071972794830799,-0.037531703710556,8
-0.0053682336583733,-0.0103443525731563,0.0139088286086916,0.0331744849681854,0.0076929051429033,8
0.0060558039695024,-0.0202321968972682,-0.0044513666070997,-0.0011677804868668,-0.0075862086378037,8
-0.0184600669890642,-0.0537112914025783,-0.0061465357430279,0.0194283984601497,0.0475113093852996,8
-0.002661314792931,-0.0025224220007658,0.0069003249518573,0.0065391967073082,0.0077049215324223,8
0.0112883998081088,0.0189686566591262,-0.0097646303474903,-0.0095330197364091,-0.0239877365529537,8
0.0065244114957749,-0.002833935432136,0.0138918869197368,0.0007531266310252,-0.0231647808104753,8
0.0022536639589816,0.0115255778655409,0.0040262336842715,-0.007535527460277,0.0121190305799245,8
-0.0060831899754703,-0.0091144638136029,0.0089690824970602,0.0325245708227157,0.0238577891141176,8
-0.0091526824980974,0.0010257398243993,-0.0037357746623456,-0.0033072754740715,0.0116808805614709,8
-0.0163071025162935,0.0540728047490119,-0.0136893521994352,-0.0021991743706166,-0.0294080730527639,8
-0.0023365702945739,0.0013914424926042,-0.0076859458349645,0.0026362796779721,0.0236257798969745,8
-0.0099262939766049,-0.0120893009006977,-0.0081044295802712,-0.015517309308052,-0.0011901486432179,8
-0.0021353571210056,-0.0130411935970187,0.0003206156543456,7.479373016394675e-05,-0.0336256995797157,8
0.0206726733595132,0.000140835501952,-0.0227619558572769,-0.0098903169855475,-0.021022692322731,8
0.0101883672177791,-0.0171702019870281,-0.0011317702010273,0.0017392544541507,-0.005857681389898,8
0.0025447809603065,-0.0177783425897359,-0.0041247713379561,0.015426492318511,-0.0342849008738994,8
-0.0068975370377302,0.0421885587275028,-0.0057361614890396,-0.0283297821879386,-0.0182755775749683,8
0.0144039103761315,0.0130632305517792,0.006802384275943,-0.0320820435881614,0.0425767004489898,8
0.0191522520035505,0.002282012021169,-0.002275742823258,0.0047545935958623,0.0235600676387548,8
0.004159471951425,0.0012794857611879,0.0117374071851372,-0.0138432970270514,0.0351334288716316,8
-0.0023729673121124,0.0149974096566438,-0.0011551186908036,0.0046539572067558,-0.0226973071694374,8
0.0173440631479024,-0.0047515872865915,0.0009622817160561,0.0164082068949937,0.0391114167869091,8
0.0136953042820096,0.0038003465160727,0.0125059243291616,0.0109061002731323,0.0044770711101591,8
-0.0161891467869281,-0.0120613677427172,-0.0085171358659863,-0.0179875493049621,0.0170052275061607,8
0.0066444678232073,-0.022139674052596,0.0224681161344051,0.0112454853951931,0.0305362232029438,8
-0.0176758579909801,-0.016176963225007,-0.0103443600237369,0.0073746773414313,0.0414721667766571,8
-0.0028366206679493,-0.0122554777190089,-0.001698559615761,-0.0063963192515075,-0.0360180810093879,8
-0.003325126832351,-0.0050590806640684,0.000152652428369,-0.0007117736968211,0.0053389994427561,8
-0.0263501461595296,-0.0299929976463317,-0.0088839102536439,-0.0099970242008566,-0.0688072517514228,8
0.0093069048598408,-0.0121624516323208,-0.0053743184544146,0.0179286133497953,0.0229918956756591,8
0.0081521337851881,0.0086106164380908,-0.0083506451919674,0.0057203015312552,0.0298702735453844,8
0.0134220980107784,0.010170055553317,-0.0003140081535093,-0.0092331022024154,0.0145338829606771,8
-0.0148477014154195,0.003365518990904,-0.0057512964121997,-0.0092055257409811,-0.0160072743892669,8
0.0067672240547835,0.0298643391579389,-0.0100508974865078,0.0110852969810366,0.0021965899504721,8
-0.0066553028300404,0.0254959501326084,0.0122191803529858,0.0119981300085783,0.00909551884979,8
-0.0006078604492358,0.0142244836315512,-0.0102177150547504,-0.0029201786965131,0.0246069338172674,8
-0.0179242398589849,-0.0225669257342815,-0.0092886937782168,-0.009029290638864,-0.0525425150990486,8
0.0007194569334387,0.0001771046227077,-0.000165349279996,0.0012879626592621,0.0033653390128165,8
-0.0031935330480337,0.0074563054367899,-0.0032357757445424,0.002434364054352,-0.0842600017786026,8
0.0154632721096277,0.0296481996774673,0.0050658145919442,-0.0053802505135536,-0.0249495543539524,8
0.0113192684948444,-0.0255862772464752,0.0005312655703164,0.003750558476895,0.0506802164018154,8
0.0114920660853385,0.0098357945680618,0.0093080196529626,-0.0010929056443274,0.0214265175163745,8
-0.0067392098717391,-0.0104853054508566,0.0025061678607016,-0.0039439117535948,-0.0246780347079038,8
-0.0043086544610559,-0.0045282682403922,0.0012605848023667,0.016977796331048,0.0197860114276409,8
0.0063745980150997,0.0196131244301795,0.0027582061011344,0.0105672525241971,0.0922351330518722,8
0.0164750106632709,0.0352292619645595,0.0105000091716647,0.0052887592464685,0.0043784021399915,8
0.0102750686928629,-7.579903467558324e-05,0.0035429236013442,-0.0100055309012532,-0.0402424670755863,8
-0.0068524382077157,0.0375442206859588,-0.0105438232421875,-0.0375696793198585,-0.0367258861660957,8
-0.0011830831645056,-0.0108996136114001,-0.003943454939872,0.0102516673505306,0.0176848340779542,8
0.0037426510825753,0.0014549412298947,-0.0048390026204288,-0.0242839735001325,-0.0531215257942676,8
-0.0040859906002879,0.0234366599470376,0.0122081395238637,0.0020299942698329,0.0223049744963645,8
-0.0194624606519937,0.0190678872168064,-0.0075368252582848,0.0152082685381174,-0.0754053965210914,8
0.0362150557339191,0.0294754039496183,-0.0112720103934407,-0.0232293400913476,-0.0701470300555229,8
0.0090464446693658,0.0096460236236453,-0.0081879338249564,0.0019654824864119,0.0456654131412506,8
0.0248077344149351,0.0201340802013874,0.0105805927887558,-0.0096640046685934,0.0061661805957555,8
0.0079900380223989,0.0395542979240417,0.0102778822183609,-0.0107667809352278,-0.0308412816375494,8
0.0147101199254393,-0.0088737215846776,-0.0154614429920911,0.0051430156454443,-0.0198561195284128,8
0.006769451778382,0.0087736546993255,-0.0101368259638547,-0.0039378986693918,0.0567820481956005,8
-0.0130811370909214,-0.0223592892289161,-0.0069541856646537,-0.0182800609618425,-0.0057433070614933,8
-0.0049525965005159,-0.0119109908118844,-0.0035918494686484,-0.0070299780927598,-0.0278554055839777,8
0.0041681639850139,-0.023761099204421,0.016024375334382,0.0041437018662691,-0.004939692094922,8
-0.0150850182399153,-0.0118845561519265,0.0037690706085413,-0.0058408891782164,0.0220016166567802,8
-0.0129943490028381,0.0019268366741016,-0.0095251696184277,0.0141269126906991,-0.0024794205091893,8
-0.0052806469611823,0.021680761128664,0.0039817369543015,0.0093091782182455,-0.0383865609765052,8
0.0157877691090106,0.0185354258865118,-0.0205022804439067,-0.0094723673537373,-0.0315163321793079,8
-0.0022350254002958,-0.0003408010234124,-0.0035696395207196,0.0098740868270397,-0.0114737730473279,8
-0.0024261039216071,-0.0003995245788246,-0.0203613117337226,0.0206010229885578,0.0228159893304109,8
-0.0010535763576626,0.0067517287097871,-0.0182214230298995,0.0090507762506604,-0.0251150615513324,8
-0.0326084829866886,-6.232885061763227e-05,-0.0072511378675699,-0.0084257423877716,-0.0354440882802009,8
-0.007365240715444,0.0095020290464162,-1.404881004418712e-06,-0.0089745335280895,0.0034378475975245,8
-0.0074552386067807,-0.0312436036765575,-0.0042988779023289,0.0129581624642014,0.0133856162428855,8
0.0104446141049265,0.0276538059115409,-0.0016307609621435,-0.0170136075466871,-0.0433491356670856,8
-0.0126922614872455,0.0007068563136272,0.0009836320532485,0.0106166265904903,0.071258932352066,8
-0.0013467252720147,-0.0150906844064593,0.0084962472319602,-0.0104874959215521,-0.0647914931178093,8
-0.0035503457766026,-0.0379754044115543,-0.0158498939126729,-0.0148335434496402,-0.0321933329105377,8
0.0079237129539251,0.0017215583939105,0.0125158140435814,-0.003826311789453,-0.0417146682739257,8
0.0116310603916645,0.0251856353133916,0.0181179512292146,-0.0058278795331716,0.0197063218802213,8
0.0106074688956141,-0.0060830540023744,-0.0002817823551595,0.0139063196256756,0.0098313791677355,8
-0.0190332774072885,-0.0129034658893942,-0.0058844834566116,-0.0048951734788715,-0.0199623331427574,8
0.0142365852370858,-0.0233639013022184,0.0049885483458638,-0.0104289436712861,0.0083294454962015,9
-0.0008211224339902,-0.0017635481199249,0.012386935763061,0.0004612258053384,-0.0345061272382736,9
-0.0259266588836908,-0.0256046839058399,-0.0033247645478695,-0.0167274195700883,-0.0128019852563738,9
0.0075870309956371,-0.0076312399469316,0.0004373787960503,0.0150044774636626,0.0498908944427967,9
0.0009116610162891,-0.0155173493549227,-0.0045649572275578,-0.0048729483969509,-0.0038358734454959,9
0.0015699581708759,0.0010029555996879,0.0054746139794588,0.0056793615221977,0.0363108105957508,9
0.0145757086575031,0.0020139219705015,0.0187478270381689,-0.0059905820526182,0.0326815471053123,9
-0.0038347372319549,-0.0015173378633335,0.0121166678145527,0.0009085020283237,0.0929868221282959,9
0.0150285409763455,0.0084026008844375,0.004678645171225,0.0096179023385047,-0.0056867939420044,9
-0.0003031703236047,0.0042989617213606,0.0038281290326267,0.0037278288509696,0.0405448451638221,9
0.0157567299902439,-0.0157044697552919,-0.0046290005557239,0.0237929783761501,0.0207525193691253,9
0.0108164632692933,-0.0011634251568466,-0.000185452401638,0.0101305926218628,0.0381879471242427,9
-0.0096231587231159,0.0113571733236312,-0.0106137553229928,-0.0016514954622834,-0.0248699523508548,9
-0.0299887079745531,-0.008218859322369,0.0131469126790761,0.0245465096086263,0.0150819262489676,9
-0.0004529049620032,0.0058607580140233,0.0010818007867783,0.0082127284258604,0.03793441131711,9
0.0008849957375787,-0.0037931618280708,-0.0157133992761373,0.00278388755396,-0.0014025931013748,9
-0.0055043981410562,0.0054780347272753,-0.0038309923838824,2.4967017452581786e-05,0.0295136757194995,9
0.015921464189887,0.0089852614328265,-0.0027366857975721,0.0179465357214212,-0.0114270392805337,9
-0.005039666313678,0.0144536476582288,-0.0007313225069083,-0.0007273879600688,-0.0307648759335279,9
0.0054227467626333,-0.0192637424916028,0.004173504654318,-0.0091796359047293,0.0172173641622066,9
-0.0123935183510184,0.0093771973624825,0.0070799016393721,0.0037267673760652,-0.0069640562869608,9
0.0018872023792937,0.0151744112372398,0.0004683079314418,0.0067318342626094,-0.056643433868885,9
0.0029786766972392,-0.0203359182924032,-0.0041031441651284,-0.0025234601926058,-0.0096050919964909,9
-0.0020982155110687,0.0068567632697522,0.0061196205206215,0.0059264893643558,0.0322576314210891,9
0.004829550627619,0.0044000009074807,-0.0092073678970336,-0.0078022154048085,-0.0390024222433567,9
-0.0088084358721971,-0.0035550699103623,-0.0018025785684585,-0.0115031590685248,-0.0136276623234152,9
0.0009520218009129,-0.0025115683674812,-0.0107990186661481,0.0059147803112864,-0.0097582759335637,9
-0.008747536689043,0.0186215415596961,0.0125730102881789,0.003880392992869,-0.0246642585843801,9
-0.0087778102606534,-0.0113169783726334,0.0126529308035969,0.0036505465395748,0.0120284529402852,9
-0.0128351999446749,-0.0193237345665693,0.0063980245031416,0.0105984266847372,-0.0148910554125905,9
0.0008227332727983,0.0425047501921653,0.0025471025146543,0.004675886593759,0.0261166058480739,9
0.0034582833759486,-0.0029920525848865,-0.004298036918044,0.0047619342803955,0.0028510554693639,9
0.0032187644392251,0.0063019464723765,0.0004292227677069,0.0006753564812242,-0.0085188057273626,9
0.0206999517977237,0.0136297717690467,0.0106427390128374,0.0256497655063867,-0.0300623457878828,9
-0.0225236266851425,0.0200927220284938,-0.0026619895361363,-0.0042787315323948,-0.0490027405321598,9
-0.0043624737299978,-0.0134901814162731,-0.0013501587091013,-0.0031239085365086,0.0203070305287837,9
-0.0052086347714066,-0.0136896222829818,0.0001543587859487,-0.0206432789564132,0.0230164881795644,9
0.0078654363751411,0.0060151950456202,1.1575379176065326e-05,0.0129122147336602,0.0384262911975383,9
-0.0058045350015163,0.0071955849416553,-0.0096186120063066,0.0006953100673854,0.016009921208024,9
-0.0012975856661796,-0.0181197877973318,-0.0004947534180246,0.0027577911969274,0.0229203384369611,9
0.0106735434383153,0.0027373617049306,-0.019218435510993,-0.014198699966073,-0.0354531742632389,9
0.0207952074706554,0.0141921769827604,0.0093189217150211,-0.007803258486092,-0.0127666620537638,9
0.0091353291645646,0.0128746712580323,-0.0023734106216579,-0.0057009919546544,0.0030495806131511,9
-0.018579164519906,-0.0183324851095676,-0.0162859428673982,-0.008185813203454,0.0369003862142562,9
-0.0037257098592817,-0.0094574270769953,-0.006769745144993,0.0112934736534953,0.0135275209322571,9
-0.0003882478631567,-0.0024848466273397,-0.0129907820373773,-0.0031567309051752,0.0113044530153274,9
-0.0103740142658352,-0.0105084720999002,-0.0092330239713191,-0.0069611356593668,0.0462170504033565,9
0.0061125485226511,0.0235331859439611,-0.0082647064700722,0.0207320768386125,-0.0116055868566036,9
0.0105757396668195,-0.0147229954600334,0.0001610086910659,0.0078432504087686,-0.0052077639847993,9
0.0072774984873831,-0.0271847769618034,0.0010215035872533,-0.0149671118706464,-0.0389815382659435,9
0.0140163041651248,0.0030164592899382,-0.003523746272549,0.0023975763469934,-0.0247714705765247,9
0.0021959471050649,0.0305413343012332,-0.002359882928431,-0.0081338612362742,-0.0286929197609424,9
-0.0252995770424604,-0.0180236231535673,0.0162595268338918,0.0315443351864814,0.0041646966710686,9
-0.0057743429206311,0.0060714241117239,-0.0016667353920638,-0.0036872155033051,0.0183489639312028,9
0.0140896858647465,0.0045497543178498,-0.0103877699002623,0.0143676558509469,-0.0757452398538589,9
-0.0015070646768435,0.0117684742435812,0.004753328859806,0.005075370427221,0.00420688604936,9
0.0205852948129177,-0.0082046966999769,0.004326953087002,0.0178445968776941,0.0172203127294778,9
0.0037199694197624,0.0038772022817283,0.0048880781978368,-0.007377587724477,-0.0015861514257267,9
0.0019037190359085,0.0115477535873651,-0.0029667089693248,-0.003888462902978,-0.0121336169540882,9
0.0051054297946393,0.0213772915303707,-0.0038900279905647,-0.0038434683810919,-0.0155778545886278,9
0.0023979181423783,-0.0124901244416832,-0.0080903824418783,0.0043400679714977,0.0370357818901538,9
-0.0064195017330348,0.007649946026504,-0.0079606184735894,0.0018218886107206,-0.0285606142133474,9
-0.0053011635318398,-0.0089558158069849,-0.0182762388139963,-0.0043733143247663,-0.0070926328189671,9
-0.0135037284344434,-0.0165724027901887,0.0058109611272811,0.0090781012549996,-0.0113787930458784,9
0.0039822733961045,0.0024962532334029,0.0051942686550319,-0.0070069762878119,-0.0038847662508487,9
0.0018909178907051,-0.0073749735020101,-0.0168855190277099,-0.0201076995581388,-0.0523536056280136,9
0.0043892851099371,-0.0294536668807268,-0.001700016320683,-0.0010822868207469,-0.0482521802186965,9
0.0039447648450732,0.0016993841854855,0.0052098254673182,0.0127151207998394,-0.028649715706706,9
0.0039231670089066,-0.0237420555204153,-0.0031495511066168,-0.0181606989353895,-0.0356464944779872,9
0.007773763500154,-0.008106785826385,0.0023534048814326,0.000481041293824,0.0015829297481104,9
-0.0015028476482257,-0.0076576014980673,-0.00401306245476,-0.0010824955534189,0.0034570125862956,9
-0.0060222106985747,0.0082994503900408,0.0002757066686172,-0.0087565695866942,-0.0274084899574518,9
0.0045341653749346,0.0141491293907165,-0.0042902347631752,-0.0028886925429105,-0.0226992666721344,9
-0.0005815510521642,0.0182900447398424,0.0129696885123848,-0.0167293082922697,-0.0426650680601596,9
0.0077126356773078,0.0141017790883779,0.0004932852461934,0.0285443756729364,-0.0368192233145237,9
0.0073034651577472,0.0097259236499667,0.0048137749545276,0.0148621974512934,-0.004003909882158,9
-0.0063617401756346,-0.0063859359361231,-0.0115050924941897,-0.0056820102035999,0.0190677307546138,9
0.0023042601533234,-0.0149234347045421,0.0033948053605854,-0.0031463175546377,0.0346404016017913,9
-0.00020933925407,0.0151653802022337,-0.0068044476211071,0.0127792982384562,0.0048123337328433,9
-0.0012917926069349,-0.0115836113691329,-0.0246677082031965,-0.0063209561631083,0.0138964289799332,9
-0.0046635759063065,-0.002999861491844,0.011081987991929,-0.0100706787779927,-0.0359521098434925,9
0.015743788331747,-0.0175460558384656,-0.0054622534662485,0.0244990829378366,0.0182923916727304,9
0.0110657047480344,-0.0154967959970235,-6.614207086386159e-05,0.0090100355446338,-0.0061375368386507,9
0.0067086103372275,0.0044107045978307,-0.01356568839401,0.0098045142367482,-0.008346957154572,9
0.016560448333621,0.0232633762061595,0.0280533544719219,0.0046904264017939,-0.0136415790766477,9
-0.0037690491881221,-0.0014054747298359,0.0091752531006932,-0.0026753989513963,-0.0099256355315446,9
-0.0128591172397136,0.0036317135673016,0.0117288380861282,-0.0095985559746623,0.0215520225465297,9
-0.0142329707741737,0.00747289089486,0.0111547233536839,-0.0118649434298276,0.0256849415600299,9
-0.0152710322290658,-0.005017701536417,0.003324405523017,-0.0107361283153295,-0.0307009257376194,9
-0.0006587337702512,-0.0158614180982112,-0.0008853829931467,0.0086781559512019,0.0184716898947954,9
0.01565832644701,-0.0145630305632948,0.0046503758057951,0.0156392287462949,0.0135926725342869,9
0.0117534911260008,-0.0428906455636024,-0.0177568197250366,0.0121335377916693,-0.0649531558156013,9
-0.0059032528661191,-0.0211392138153314,0.0024310105945914,0.0021288518328219,0.0439431369304657,9
-0.0072069247253239,0.0243569146841764,0.0097396532073616,-0.0145298764109611,0.0381466634571552,9
0.0034659025259315,0.0382876694202423,0.0050418926402926,0.0078039295040071,0.0209104064851999,9
0.0066099176183342,-0.0162729322910308,-0.004598431289196,-0.0111327348276972,-0.0131206354126334,9
0.0085324272513389,0.0019040369661524,0.0002249089302495,0.0246266331523656,-0.0336951278150081,9
0.0051412712782621,-0.0178416706621646,-0.0163342077285051,-0.002156940754503,0.0025440254248678,9
-0.0048786401748657,0.0027362708933651,-0.0013290089555084,-0.0021687992848455,0.0139325326308608,9
-0.0035822317004203,-0.0131122758612036,0.0038403668440878,-0.0096128229051828,0.0011027955915778,9
