mfcc2,mfcc13,tonnetz_allDims,tonnetz_dim2,mfcc15,genre
69.77589416503906,2.132197618484497,0.0295553565547084,0.0785190853082644,-0.0771043971180915,0
65.27396392822266,4.048970699310303,0.0271649452329079,0.0461626581001117,1.780817985534668,0
54.2957878112793,-1.9368966817855835,-0.016265835996128,-0.0460848879768285,-2.6666440963745117,0
69.75469970703125,2.099679946899414,0.0288671995230909,0.0809457569581074,0.006671383511275,0
51.83452224731445,-1.0840604305267334,-0.0244701840275199,-0.0681140407459724,-2.4759771823883057,0
94.6490707397461,-4.157143592834473,0.0783651508008102,0.2549222150777192,0.3070966899394989,0
33.950103759765625,0.3670872449874878,-0.0007522699761075,-0.024766650956425,6.926553249359131,0
117.34161376953124,-3.111211061477661,0.0265873647943904,0.0982221061590109,-6.114832401275635,0
41.59798431396485,2.8980767726898193,-0.0125751552494191,-0.0643421893318765,0.216450035572052,0
55.0615348815918,-7.91971492767334,0.0583458047976295,0.0806223389293908,-8.193973541259766,0
80.23307037353516,-0.5715530514717102,0.0135756317770379,0.1124503628368406,-3.399247884750366,0
68.05084228515625,2.7262327671051025,-0.0246684254165094,-0.0929789550387948,2.458101987838745,0
59.749629974365234,1.8864989280700684,0.0137440950087513,0.015566264383314,-2.299130916595459,0
40.40638732910156,2.4273858070373535,-0.0003428761325594,0.0290404921308878,-1.2731378078460691,0
97.49156951904295,-0.0311497375369071,0.0473606233987279,0.0722771535041143,-0.1476839333772659,0
76.1800537109375,4.514956474304199,0.0187716031394099,0.0570180104468788,1.3217161893844604,0
37.49236679077149,0.316759705543518,0.0185502873315161,-0.0051944851475674,-0.5116237998008728,0
82.16851043701172,-2.937236785888672,-0.0326596727386137,0.0756956477109994,-0.0659956634044647,0
62.57326889038086,-17.456960678100586,0.012704851659614,-0.0162561626149036,-8.25865650177002,0
62.97367858886719,4.121748924255371,0.0014660953132982,0.0556760190633857,5.0641093254089355,0
85.57525634765625,3.1077358722686768,0.0353374989578914,0.2680289597260878,3.673727989196778,0
68.89867401123047,-1.0137555599212646,-0.0149324634164196,-0.1050149028115626,0.5102531313896179,0
78.6106948852539,2.39085054397583,0.0365513052867803,0.0597637797629067,0.6239576935768127,0
47.84697723388672,1.0875109434127808,-0.0370909092708526,-0.0544993441292215,4.584571361541748,0
83.3507080078125,-1.8445053100585935,0.004931274058988,-0.0319026336601644,-1.271454691886902,0
64.4705810546875,3.3328585624694824,0.0226198343014842,0.0341032056383671,1.4260108470916748,0
79.03118896484375,3.415135383605957,0.0039805073718258,0.0641809581348185,0.8538386225700378,0
73.07810974121094,-5.7730889320373535,0.0254314729664985,0.0615359088638299,-7.602810859680176,0
35.581356048583984,0.0665727406740188,-0.000488936374039,-0.0229431617291975,7.641765594482422,0
126.5924835205078,-7.943002700805664,0.0612983323030797,0.2042642739259269,-2.330731153488159,0
100.2563705444336,-3.0327489376068115,0.0251164221939255,0.1380635417441452,-6.661564826965332,0
51.35346603393555,-1.954297423362732,0.0225792038766923,0.0375088357855309,0.2399971783161163,0
88.86885833740234,-1.81063449382782,-0.0094357333901021,-0.0326927206407035,-1.3463808298110962,0
81.28120422363281,-0.6815590858459473,-0.0016223648020912,0.0237924495438099,-1.082895278930664,0
78.314208984375,1.2934911251068115,-0.0472704668400894,-0.1949038048583849,-1.9417518377304075,0
107.35061645507812,6.188162326812744,-0.0131558537831767,-0.0066119999361993,7.562999248504639,0
35.97154235839844,3.540330648422241,0.0016378313593753,-0.0103229392154684,0.1920046061277389,0
68.91350555419922,-7.2107625007629395,0.002308213779515,-0.0073872335033197,0.5577972531318665,0
73.76139831542969,1.6231787204742432,0.0319706320682483,0.0693154699794733,0.9344069957733154,0
42.056644439697266,-2.4383575916290283,-0.0204966008653634,-0.070670705310559,-3.760941505432129,0
74.72908020019531,-2.3549675941467285,0.0113296104352493,0.0718953636847404,-2.5958151817321777,0
103.1528549194336,-3.217275619506836,-0.0126386398299871,-0.0791772239034371,-3.810875415802002,0
88.46916198730469,1.570115327835083,0.0041577963150309,-0.0227225898660525,2.5288734436035156,0
59.259124755859375,1.715372085571289,-0.0066604345734245,-0.0406912387103408,-0.6098922491073608,0
62.627906799316406,-0.3800391554832458,0.0031352904897369,0.0324295500843902,0.6501815319061279,0
105.89472198486328,1.3871291875839231,-0.0742499926837184,-0.2158727114852885,-2.431405544281006,0
32.37363815307617,3.7537496089935303,0.0015742776138884,-0.0108427106324487,0.4050881266593933,0
74.03341674804688,-2.679471015930176,-0.0298880564846794,-0.0378096248500793,-1.0600876808166504,0
70.80853271484375,-0.7579964995384216,0.0212726957842672,0.0732491255076649,-2.4382405281066895,0
47.78413391113281,8.50554370880127,0.0199583902310088,0.0318457421549937,3.1842379570007324,0
64.35610961914062,-3.506903886795044,-0.0265013604382491,-0.092475172293136,-4.087918758392334,0
61.2667121887207,0.2153270244598388,-0.0098367876995508,-0.0631051161995911,-0.1074500530958175,0
73.4902572631836,2.0355570316314697,-0.0293910428095656,-0.0513900013501359,4.120903491973877,0
62.836090087890625,-1.242732286453247,-0.0011025994921318,-0.0122141728679941,-0.3216972053050995,0
53.87711334228515,-2.9869275093078613,-0.0147745318008964,-0.0154076645201978,-4.892512321472168,0
51.93025970458984,-1.1840758323669434,0.0220926878454827,-0.1141108592753915,-1.5716726779937744,0
54.87919235229492,-4.238941192626953,-0.0088155105612531,0.0153309294056567,-2.5105321407318115,0
46.74363708496094,3.841010570526123,0.029414428762398,0.0158296777290926,1.7072081565856934,0
55.56731033325195,-4.677098274230957,-0.0097126085712043,0.0200706829403436,-0.8602770566940308,0
85.97376251220703,-2.931323528289795,-0.0031068601939814,-0.1438093659586107,-0.196237564086914,0
101.62683868408205,-2.5450127124786377,-0.0090815055303033,0.204326203570384,-10.174722671508787,0
103.16529083251952,2.0371508598327637,0.0009385927749496,-0.1051024319882377,1.2020857334136963,0
61.53999328613281,0.5559625625610352,-0.010129469876652,-0.0835327097675054,1.9108728170394895,0
40.489044189453125,-1.797353982925415,-0.0160899895594048,-0.0285836315060502,-1.5395714044570925,0
56.43463516235352,-4.024151802062988,0.0131778149945745,-0.0051795004879877,-1.4051560163497925,0
61.004276275634766,-4.5162858963012695,-0.0078218886741356,0.1652682619928223,2.04425311088562,0
85.56208801269531,-0.2128252983093261,0.0029421998535065,0.1105651928175472,-0.7794932126998901,0
77.30152893066406,-2.1957287788391113,0.0168934614225671,0.1601084274668853,0.2593466341495514,0
55.67103958129883,-4.613619804382324,0.0198605300790711,0.0759396713125957,-1.4889774322509766,0
44.35686111450195,3.80293607711792,0.0054656660551302,0.0870009905868414,1.5021021366119385,0
37.49236679077149,0.316759705543518,0.0185502873315161,-0.0051944851475674,-0.5116237998008728,0
58.2346305847168,1.8900309801101685,0.0115073680655271,0.0565284183981477,1.9433350563049316,0
64.20450592041016,1.857616901397705,-0.0034758837476672,-0.0730410675826549,-0.3369487226009369,0
107.81293487548828,2.8857545852661133,0.0078569813040164,0.0188656534048442,-1.773850679397583,0
81.1082992553711,-0.6551506519317627,-0.0018958885293909,0.0233242105106104,-0.941691279411316,0
36.44850158691406,0.4957746863365173,-0.0063655926555187,-0.028204291824219,0.2740461826324463,0
83.24617767333984,-3.1690139770507812,0.0174806581217567,0.0206869993020838,-0.9156604409217834,0
60.92530059814453,4.96522331237793,0.004739917232348,0.0598973646087338,-2.3041419982910156,0
72.28312683105469,2.5230042934417725,-0.036894178395175,-0.0247703877064091,1.7439937591552734,0
65.45415496826172,-2.6323752403259277,0.0177854116905343,0.0295297344638565,1.600915789604187,0
56.677059173583984,1.7949007749557495,0.0105378598315538,0.06656552556708,1.396449327468872,0
53.82878875732422,4.636804580688477,0.0168557532354687,0.0461850968895731,2.17946720123291,0
86.86334228515625,-0.0225651171058416,-0.0119466807653591,0.0534450444195998,1.314151167869568,0
65.26661682128906,4.050683498382568,0.0270819947625097,0.0461544892822162,1.781720519065857,0
54.154396057128906,2.4155867099761963,0.0148884895688501,0.0071073154916041,0.3110481202602386,0
55.89151763916016,-1.830214023590088,0.0471312951372305,0.0318786909982233,-3.090101957321167,0
90.0177993774414,-5.915337085723877,-0.0439712206209088,-0.1548036227448857,-4.941943168640137,0
57.76261520385742,-3.650311231613159,0.0240460136970892,0.0536702866250415,-0.4739851355552673,0
71.3256607055664,2.4198708534240723,-0.0374581834671237,-0.0308959280511436,0.9670448899269104,0
55.89151763916016,-1.830214023590088,0.0471312951372305,0.0318786909982233,-3.090101957321167,0
113.3077163696289,2.301614761352539,0.0089765258980069,0.1229175754722674,4.521825790405273,0
97.1330337524414,-8.35724925994873,0.0581986803835862,0.2788691306218314,-3.1655118465423584,0
81.0334243774414,-3.665783643722534,0.0307353061007522,0.0301901572502292,-4.803597927093506,0
59.692020416259766,-3.0848536491394043,0.0110241065993054,-0.0185031297980907,-1.5210630893707275,0
55.778438568115234,-7.630845069885254,0.0576517113014858,0.0799347490561982,-8.110974311828613,0
51.23162460327149,0.8581090569496155,0.0240643363921418,0.0394434435285753,1.3397867679595947,0
34.34531021118164,-3.950927972793579,0.0028319680647588,0.0315757633445765,1.2415478229522705,0
68.9615249633789,2.062168836593628,-0.0130070104572537,-0.0658687962616453,3.991655111312866,0
45.31407165527344,-0.9152531027793884,0.0070753868586624,0.0554668404210882,0.096951775252819,0
65.98365020751953,1.3963098526000977,-0.0076823533257107,-0.0715650846036527,-1.8056042194366455,0
128.03282165527344,-6.760372638702393,-0.0277066369133811,-0.0795250907131057,-0.2833768725395202,1
88.36957550048828,-8.36914348602295,0.0109870373277845,0.0539652526817511,-6.297390937805176,1
104.03298950195312,-2.9976460933685303,0.0166216206972162,0.0018893904951404,-5.8246588706970215,1
92.07624816894533,-9.267027854919434,-0.0049486279000785,-0.0494996153453352,-4.434638500213623,1
68.00132751464844,-18.503286361694336,0.0108873569323085,-0.0334038647686807,-13.701789855957031,1
76.771484375,-19.03006362915039,0.0148376605103128,0.0223892371103204,-8.350163459777832,1
74.1358413696289,-10.469237327575684,-0.0015872955234015,-0.0439370053224563,-6.260324954986572,1
61.76604080200195,-11.123554229736328,0.0235761859497768,-0.0083110706379147,-10.797043800354004,1
101.87547302246094,-14.794669151306152,0.0127547646109839,-0.0251988753641281,-12.242908477783203,1
80.71131896972656,-15.270405769348145,0.017925106677633,0.0214282373579203,-14.495983123779297,1
91.31736755371094,-15.185922622680664,-0.0092701295708914,-0.0311241031303406,-9.084010124206545,1
105.85010528564452,-15.32257843017578,0.0095293466124722,-0.0544588355607889,-5.9721198081970215,1
66.66129302978516,-10.566299438476562,-0.0063882556674134,-0.0378424512802606,-9.338120460510254,1
93.46551513671876,-16.075159072875977,0.0167554270758245,0.0159265280877487,-14.80147933959961,1
91.31721496582033,-9.315235137939451,0.0179878543221399,-0.0457807577706923,-11.85569667816162,1
76.78211212158203,-11.184890747070312,-0.0294652088626287,-0.0677033309857387,-3.89284086227417,1
60.81941986083984,-8.250260353088379,-0.0077986972827027,0.0125462386776301,-10.176363945007324,1
80.0852279663086,-16.471899032592773,0.0044809224387899,0.0043608352828776,-10.609654426574709,1
82.82857513427734,-13.344586372375488,-0.0024625011132744,0.0006391515310799,-14.259832382202148,1
64.84029388427734,-10.364867210388184,-0.0215114793234113,-0.0412229473153257,-7.101391792297363,1
71.1860122680664,-11.023098945617676,0.0131222430237254,0.0088455317207618,-7.371373176574707,1
98.281494140625,-8.499245643615723,0.0170685631469546,0.0593893361200666,-6.288647174835205,1
83.17749786376953,-17.240480422973633,-0.019077149897594,-0.0644361812049678,-7.573792934417725,1
78.02255249023438,-8.482169151306152,-0.0329193805347421,-0.0695669570594009,-11.87078094482422,1
94.11849975585938,-7.449493885040283,0.0281007700211152,-0.0623631999196217,-6.200847148895264,1
105.29485321044922,-9.252238273620604,-0.0232699732442625,-0.0844445858743613,-4.39739990234375,1
90.94971466064452,-10.993184089660645,0.0177527268532772,0.1128339598530509,-11.178228378295898,1
104.69319152832033,-14.85865879058838,0.0177296458979795,0.0159687382471905,-7.337756156921387,1
70.53280639648438,-18.699234008789062,-0.0018147509144705,-0.0294570590714322,-14.634688377380373,1
50.09012985229492,-3.117231607437134,0.0190046277714921,0.0999728407804578,-6.502193927764893,1
54.68124008178711,-10.80413055419922,0.011091547184115,0.0063028647350727,-8.372664451599121,1
86.17162322998047,-10.735527992248535,0.0028261315526231,0.0280158325613818,-7.104512691497803,1
76.771484375,-19.03006362915039,0.0148376605103128,0.0223892371103204,-8.350163459777832,1
87.75372314453125,-13.891188621520996,0.0274513523330911,0.0081276738466438,-4.69701623916626,1
65.43347930908203,-14.446544647216797,0.0199516411168828,-0.0331456535907468,-13.260107040405272,1
93.34420013427734,-18.49104118347168,0.0150624939055785,0.0385568481969287,-5.623020648956299,1
80.88358306884766,-9.702447891235352,-0.0079022100917672,-0.0440270217607642,-8.840231895446777,1
81.18275451660156,-15.050374984741213,-0.0065814624181053,-0.0149327605000704,-10.503453254699709,1
101.41867065429688,-12.2761869430542,-0.0070416224619866,-0.0186562481617433,-12.402425765991213,1
108.93853759765624,-14.43082046508789,0.0130720762831658,0.0397975068060475,-14.65993309020996,1
130.87869262695312,-8.958979606628418,0.014409767732486,-0.0048041921222239,-6.025081634521484,1
80.0852279663086,-16.471899032592773,0.0044809224387899,0.0043608352828776,-10.609654426574709,1
63.71639251708984,-10.834188461303713,0.0036390377331051,-0.0467791171473959,-6.120527744293213,1
47.660118103027344,-2.5376551151275635,0.0063238637786512,0.038204890374071,-4.201381683349609,1
86.80201721191406,-13.548781394958496,-0.0055523773682927,-0.1034239688474936,-11.675347328186035,1
76.13687896728516,-20.870851516723633,0.0139185882921679,-0.0132259768057602,-9.63538932800293,1
94.80007934570312,-11.961837768554688,-0.0130674909144341,0.0015548334910849,-11.907885551452637,1
64.64409637451172,-10.595865249633787,0.0052821302409054,0.0366614087866234,-9.781298637390137,1
89.86104583740234,-19.72762680053711,0.0055952044135235,-0.0547091538613875,-9.097810745239258,1
83.2708969116211,-7.821478843688965,-0.0026070531459355,0.0080711139664943,-5.481055736541748,1
75.37248992919922,-13.127129554748535,0.0092099311071003,0.0110304732075108,-10.446624755859377,1
106.8173599243164,-3.071115732192993,-0.0202239302860737,-0.0619053141824099,-17.27863883972168,1
93.34420013427734,-18.49104118347168,0.0150624939055785,0.0385568481969287,-5.623020648956299,1
94.10063934326172,-8.497489929199219,-0.0195485017237333,-0.0816237823694315,-6.1355180740356445,1
79.70758056640625,-10.970987319946287,-0.0104993977454046,-0.0091617852545424,-9.423091888427734,1
81.87487030029297,-13.51683235168457,-0.0061245681293134,-0.0061852979909863,-10.149073600769045,1
118.84070587158205,-4.661487579345703,-0.0423065345676417,-0.1490090254669427,-5.038619041442871,1
82.77470397949219,-7.368735790252685,0.0173706987298826,0.0406301080247893,-13.857293128967283,1
93.94743347167967,-12.245765686035156,0.0046943924938755,0.0476098526291504,-11.979133605957031,1
104.69319152832033,-14.85865879058838,0.0177296458979795,0.0159687382471905,-7.337756156921387,1
115.43364715576172,-12.46796989440918,0.0124068692425535,-0.040899861099734,-2.4704883098602295,1
101.7248764038086,-16.001876831054688,-0.0176071282710828,-0.0845458896206623,-13.509424209594728,1
65.76789855957031,-9.151337623596191,0.0012831898268945,-0.0152372198828439,-8.744060516357422,1
69.42063903808594,-11.054032325744627,0.0024046153081636,-0.0525677729983216,-8.710125923156738,1
72.6861572265625,-11.18799114227295,0.0020132223762807,0.049303043803128,-10.288299560546877,1
79.78971099853516,-12.454751014709473,-0.0078272944444984,-0.0122624483837236,-7.678983688354492,1
74.65846252441406,-7.292048931121826,-0.0057793824825106,-0.0513083097184838,-6.747252941131592,1
107.99908447265624,-14.231650352478027,0.0078672502774325,-0.0480876748158487,-5.779098987579346,1
77.06304168701172,-8.743485450744629,-0.0166027136019589,-0.0095734004393131,-8.743374824523926,1
89.86104583740234,-19.72762680053711,0.0055952044135235,-0.0547091538613875,-9.097810745239258,1
93.01313018798828,-13.077747344970703,0.0181592453154851,0.0162079740101816,-10.791507720947266,1
100.64615631103516,-9.955352783203123,-0.0011749492525817,0.0017520542253694,-12.794264793395996,1
55.938419342041016,-8.799073219299316,-0.0341149097035137,-0.0120250973606105,-12.109935760498049,1
77.53269958496094,-5.925430774688721,-0.0001206441265049,-0.1137333216424184,-7.70183801651001,1
94.1856460571289,-8.688226699829102,0.0128695828427544,0.0344817613655241,-8.35229206085205,1
86.99414825439453,-12.377029418945312,-0.0033013593336681,-0.0366914914747276,-6.712957859039307,1
71.76105499267578,-16.027109146118164,0.0129536604068399,-0.0137413927868543,-16.07642936706543,1
74.51786041259766,-10.783355712890623,0.0227153543905164,0.0239066418487151,-11.16355037689209,1
83.17749786376953,-17.240480422973633,-0.019077149897594,-0.0644361812049678,-7.573792934417725,1
75.08444213867188,-9.70077419281006,0.0117410835220085,-0.0004749572818392,-7.272071838378906,1
115.17359161376952,-14.542503356933594,-0.0065833773065183,-0.0560926966867124,-7.477542877197266,1
82.33940887451172,-14.269171714782717,-3.329010350923622e-05,0.0197329872401981,-10.371091842651367,1
97.34172058105467,-14.459842681884766,0.0053008572894226,-0.0222615764271916,-7.127907752990723,1
87.75372314453125,-13.891188621520996,0.0274513523330911,0.0081276738466438,-4.69701623916626,1
82.35881042480469,-14.113441467285156,-0.0092121993734549,-0.0121274499465162,-10.105597496032717,1
76.35294342041016,-12.954190254211426,-0.0255622182068956,-0.0794710963881749,-11.182295799255373,1
100.0849609375,-15.529786109924316,0.0161326210000676,-0.0022175350934237,-7.705626487731934,1
104.7562026977539,-12.991374969482422,-0.0133768359237375,-0.0351521630839834,-6.92367696762085,1
73.85044860839844,-16.154251098632812,0.0015741559638129,0.0548084302048106,-12.54223346710205,1
73.40455627441406,-9.58564281463623,-0.0057546345771781,0.0126727530119342,-6.61867094039917,1
106.37162017822266,-11.72227954864502,0.0154169964295881,-0.0117085742342353,-9.158441543579102,1
102.1317901611328,-4.928890705108643,-0.0016600363821073,-0.0927665907028011,-7.182865619659424,1
84.01356506347656,-15.407458305358888,-0.0084361975345068,-0.0085023336378414,-9.936692237854004,1
79.12138366699219,-11.129679679870604,0.0097731345596149,-0.0465561527112763,-6.382455825805664,1
111.15006256103516,-10.11557388305664,0.0072790102754391,0.0073076451639711,-3.5077147483825684,1
62.29414367675781,-14.39431381225586,0.0059454190284632,0.0176284094900395,-11.285435676574709,1
123.2447280883789,-2.4860639572143555,-0.0211998908835869,-0.0322422640159353,-2.9837396144866943,1
74.12789154052734,-12.28195858001709,0.0151157305634181,0.0134284335373584,-9.482748985290527,1
99.1423568725586,-16.218490600585938,0.010571815223519,0.0202323112371534,-4.650935173034668,1
67.8711166381836,-1.1560500860214231,0.0275115632650903,-0.0561869631540794,-7.533641338348389,1
68.86752319335938,-2.835805654525757,-0.0061593844989241,-0.048462862221105,-4.489367485046387,2
103.4304428100586,-11.629478454589844,0.0035985349970423,0.0611912133004638,-8.042037963867188,2
77.85465240478516,-18.117002487182617,-0.0406971938206856,-0.1153277388041005,-14.607398986816406,2
91.06334686279295,-2.577471971511841,0.0368569698563389,0.0361513812779015,7.033966064453125,2
109.33905029296876,0.5376681089401245,0.0005907332715427,0.0265420475748426,0.97902911901474,2
80.18618774414062,-7.360461235046387,0.0060581179235216,-0.0231980199616578,-9.624188423156738,2
104.13824462890624,-8.848724365234375,-0.0018462759176646,0.0255318488951552,-9.293187141418455,2
63.11762237548828,-1.166956663131714,0.0105659341051457,0.0986640008587731,-6.170912265777588,2
71.74661254882812,-0.142957404255867,0.0031705231527172,-0.0608701898588425,-0.0585837438702583,2
98.66787719726562,-11.938591957092283,-0.0076322510392651,-0.0995994658443791,-7.678948879241943,2
106.83238220214844,-5.552552223205566,-0.0016794603009116,-0.0492520758908723,-3.8217716217041016,2
65.03629302978516,-0.2106435000896453,-0.0114630672920579,-0.0114069479204174,-3.05029559135437,2
53.69212341308594,-5.881968975067139,0.0104261508438529,0.0507516440222001,0.3669199347496032,2
97.9324722290039,-9.684562683105469,-0.0053836750511741,0.0102036727938963,-8.818462371826172,2
114.23575592041016,-3.865487337112427,0.0200955257682251,0.0551932878688325,-9.243878364562988,2
52.192020416259766,-3.765717029571533,0.0082385401577363,0.0509596941354316,-2.43186354637146,2
89.18025207519531,-11.31552505493164,0.0179678833976466,0.0304117428127724,-8.21734619140625,2
60.0426025390625,-2.336693048477173,0.0051234319935932,0.0475119505069584,-3.4923317432403564,2
67.26243591308594,-10.453286170959473,-0.0013853631303698,-0.0075822363497723,-9.222440719604492,2
101.7874526977539,-14.305062294006348,0.0212461073599084,0.0581615158538676,-7.08803129196167,2
92.40616607666016,-4.233032703399658,0.0099932340827461,0.0545037956908611,-1.7109785079956057,2
56.16560363769531,0.4909866750240326,-0.0018595594588402,-0.0197438595985738,-1.8158445358276367,2
124.19493103027344,-8.979432106018066,0.0094468609696152,-0.0270409628779728,-6.105322360992432,2
81.93318939208984,-4.3540496826171875,0.0163085272430204,0.0581373949333368,-4.098498821258545,2
86.55978393554688,1.707720398902893,0.0107044862703261,0.1075838307582892,-0.6905019879341125,2
98.4711685180664,-3.9110443592071538,0.021324129366764,0.0713037455504461,-3.2170567512512207,2
56.21980285644531,-2.451519012451172,0.0045536014589514,-0.048878884570132,-3.678760766983032,2
92.05890655517578,1.293399214744568,0.0126119096163628,0.0271386899044915,-1.584596872329712,2
67.67794799804688,-6.046257019042969,-0.0001118673022355,-0.0020322592289043,-6.077663898468018,2
103.34938049316406,-15.085710525512695,0.0050952674755051,0.0541408301640447,-11.175498962402344,2
60.62317657470703,7.56810474395752,0.0033664931421258,-0.0115002263721837,4.42319393157959,2
52.05680847167969,-3.3680083751678467,-0.0198889191485927,-0.0379354411525362,-1.8845643997192385,2
96.70357513427734,-10.570341110229492,0.0061917641958052,-0.0344199472820298,-9.371648788452148,2
81.97704315185547,-13.514514923095703,0.0225245956011526,0.0368980757002615,-6.554975986480713,2
90.50209045410156,-12.0477876663208,0.0049799940191691,0.0426808376860238,-11.548880577087402,2
52.32051086425781,0.4166823923587799,0.0088307388565079,0.065340163359184,-1.8346960544586184,2
68.42820739746094,0.8436663746833801,0.0171005277809842,0.0208374133463523,0.5568438172340393,2
77.84457397460938,5.612893581390381,0.0194783443762332,0.052469526713993,-0.1361009329557418,2
83.34770965576172,-2.399330139160156,0.0037346213511272,0.0013976179092672,1.3830499649047852,2
97.00123596191406,-9.165606498718262,0.0400958186247599,0.0697329178642254,-9.384089469909668,2
66.35392761230469,-1.2341597080230713,0.0183440007464226,0.0814183774271005,-1.132071614265442,2
57.342735290527344,-2.344999074935913,0.0148664916789013,0.054727515133657,0.108402170240879,2
92.4626235961914,-14.979622840881348,0.0023662403400704,-0.0639384806473675,-11.895829200744627,2
102.52375793457033,-9.363436698913574,0.0285295666714973,0.1065004206607479,-9.57275676727295,2
69.97128295898438,-9.027056694030762,-0.0041873362869144,-0.014188471281279,-4.725862503051758,2
57.17372512817383,-3.1615028381347656,0.0068626784093644,-0.0195163511702146,-2.6467952728271484,2
94.6740493774414,-15.27519416809082,-0.0298985414734405,-0.0143610273764289,-9.207375526428224,2
46.87051010131836,-3.60627007484436,-0.0059271557117538,-0.0537469653142707,-5.289918422698975,2
82.22648620605469,-11.909069061279297,0.0167783691412569,0.0795172239789589,-11.673018455505373,2
120.81253814697266,-6.790001392364502,0.0497301911933313,0.0582335108141691,-1.7540040016174316,2
83.80528259277344,3.7831783294677734,-0.0158810152397195,-0.1044845136429881,-3.287445306777954,2
65.19933319091797,-4.445434093475342,-0.0011568106440427,-0.0281763758966568,-0.834252655506134,2
122.6179428100586,-12.233234405517578,0.0023463027477604,0.0292688042124009,-8.383514404296875,2
70.33154296875,-2.779345750808716,5.26213125783112e-05,0.0247663043034278,-1.632733941078186,2
86.98848724365234,-3.8346292972564697,0.0171453475875421,0.0479323637787704,-1.8429157733917236,2
88.54061889648438,-7.757984638214111,0.0066509861931507,0.0341703466742429,-8.517818450927734,2
80.05325317382812,0.6583117842674255,-0.0021315631510147,0.0320089317532418,-0.9142764210700988,2
62.78868103027344,-3.241377115249634,0.0286561585720944,0.0390702332420957,0.5214887261390686,2
90.15501403808594,-4.632643222808838,0.0023529551294174,0.0381783250983265,-5.489201068878174,2
86.80333709716797,-13.87908172607422,0.009489288238854,0.0942770075471467,-14.21306324005127,2
109.98675537109376,-13.79087257385254,0.0096521527726811,0.0378796804531302,-10.454129219055176,2
75.74908447265625,-13.217570304870604,-0.028073476002145,0.0481183556167324,-15.219112396240234,2
93.94435119628906,-2.0233445167541504,0.0486577816972805,0.1097963571508873,-8.547240257263184,2
55.67180252075195,-5.827445030212402,-0.0086121973073275,-0.0185462079805606,-7.013952732086182,2
51.860496520996094,-2.5911898612976074,0.0150004599607956,0.01482236518801,-3.614617109298706,2
101.74323272705078,-9.910720825195312,0.0280223673423357,0.1101241829767905,-7.749475955963135,2
97.61368560791016,-10.377819061279297,0.0265987995776379,0.1097560910891465,-8.39249324798584,2
70.42092895507812,-1.0698988437652588,0.0483213928726489,0.1087680380785902,-2.1568524837493896,2
112.5045928955078,-11.572749137878418,0.0017145898569709,-0.0467145445828015,-9.194169998168944,2
103.7007827758789,-1.7630391120910645,0.0202628295104597,-0.0273165268165251,-4.311771392822266,2
97.73014831542967,-5.319331169128418,0.0072193614124614,0.0483180878794607,-4.602756023406982,2
78.28395080566406,-10.059035301208496,0.0201319057343983,-0.0008253175853402,-11.680582046508787,2
73.69841766357422,0.5338901877403259,0.0141164085329627,0.0441254644597977,-3.813913583755493,2
87.53961944580078,-15.91219711303711,0.0101690194678578,0.0050478126891204,-13.915902137756348,2
58.330589294433594,-3.2483391761779785,-0.0003044568971002,-0.0347076323906449,-3.440004825592041,2
116.97425842285156,-9.341279983520508,0.0235293292823948,0.0741005611182816,-8.419373512268066,2
79.25039672851562,-10.764670372009276,-0.0039513064384758,0.0421428676867595,-12.21749782562256,2
105.87117004394533,-1.7045552730560305,-0.0079639788957745,-0.0426311045708662,-0.8930394053459167,2
94.46295928955078,-4.984809875488281,0.0101646514514997,0.0503687188387009,-3.469358444213867,2
61.22075653076172,-2.436964750289917,-0.0157982578421044,0.0719766099800132,-1.5567182302474976,2
106.4795379638672,-1.1636228561401367,0.0125208861741959,0.081177862328648,-0.2249916642904281,2
107.49596405029295,-5.4251604080200195,0.0197649974514841,0.0612534789169005,-5.617512226104736,2
64.49134063720703,2.9572231769561768,-0.0052621087639302,-0.04151191027846,-0.8703699111938477,2
89.85542297363281,-8.755853652954102,-0.0065722551704328,-0.0979569374721878,-8.232474327087402,2
63.948631286621094,-1.7634143829345703,0.0131341369298551,-0.0096815478233901,-6.121001720428467,2
87.64009857177734,-9.814680099487305,0.0038242263882067,0.0218142120674063,-11.460561752319336,2
116.83340454101562,-2.542572498321533,0.0045408028572623,-0.0475719086020407,-0.2581267952919006,2
61.12942886352539,-1.8564006090164185,-0.0069298395655733,0.0206019559993471,0.942393958568573,2
83.07227325439453,-5.767510890960693,-0.0193271155707428,-0.0269228466383885,-3.203209161758423,2
86.31415557861328,-12.59261703491211,0.0081182818979079,0.0211814903715173,-10.431798934936523,2
122.07247924804688,-11.656872749328612,0.0313898776402349,0.0800699507314998,-5.794095516204834,2
93.4715805053711,-5.319779872894287,0.0147623271771792,0.0283116010599269,-0.662818193435669,2
105.61094665527344,-0.925195813179016,-0.001710940735729,-0.0420964502602905,-1.5478692054748535,2
52.81834411621094,-7.254852771759033,-0.0014587020964796,-0.0037006178535499,-3.0502171516418457,2
94.0258560180664,-3.715648889541626,0.0176378800997724,-0.0428040418018704,-2.111480951309204,2
89.39313507080078,-10.39064884185791,0.0272930821337329,0.1091280079530109,-8.541531562805176,2
113.4769515991211,-11.412158012390137,0.0254868041861866,0.0830595462012278,-10.888187408447266,2
99.44184112548828,-15.459026336669922,0.0009852466651299,-0.0413232029708951,-10.141648292541504,2
101.02156066894533,-5.717738151550293,0.0234236262368809,0.0628542228655143,-6.062619209289551,2
99.44184112548828,-15.459026336669922,0.0009852466651299,-0.0413232029708951,-10.141648292541504,2
100.61964416503906,-8.652446746826172,-0.0043091314555382,-0.0647703904483174,-15.44097137451172,3
132.82740783691406,0.3722645044326782,-0.0219537268855414,-0.1365643072254732,-5.186428070068359,3
108.80130767822266,1.6176822185516355,-0.0203115953952114,-0.0241776524051669,3.343794584274292,3
104.531005859375,-10.56655979156494,0.0100741319135468,0.0642661636884908,-10.299988746643066,3
112.0569305419922,-10.916337013244627,0.0198165406960391,0.0722374095105502,-5.028811931610107,3
126.61618041992188,-1.455245018005371,0.0302940004047792,-0.0459378316982239,-7.153680801391602,3
101.38745880126952,-19.21545791625977,0.0402210828980968,0.0742642121157582,-9.819334983825684,3
116.34859466552734,-17.02494239807129,-0.0154393084598884,0.2115939502396938,-11.956620216369627,3
140.4408721923828,-8.901966094970703,0.0242223174008302,-0.0650746964571688,-9.22624397277832,3
105.75111389160156,-9.375088691711426,-0.0060827514663426,-0.0196109295484113,-3.620527982711792,3
103.73807525634766,-8.847433090209961,0.0007782732006534,0.0408552462190371,-3.5729310512542725,3
136.14453125,3.953821420669556,-0.0146567129994145,0.0727651786772706,0.8079429864883423,3
119.4830093383789,-6.43185567855835,0.0405227790449403,0.0839330386676656,-5.877969741821289,3
120.66433715820312,-1.2302390336990356,0.0071435642289605,-0.0389652144452957,-0.2002477049827575,3
93.66389465332033,-7.46439790725708,-0.0375993109871114,-0.1821275699380531,-12.407085418701172,3
115.32343292236328,-10.2041654586792,-0.0005509003154527,-0.0708788047640308,-4.1071085929870605,3
130.27023315429688,-6.602821350097656,-0.002783605530494,0.1015756462604877,-6.542689323425293,3
115.36900329589844,-5.828814506530762,0.0074770641925056,-0.1073920517547161,-0.7512550354003906,3
105.90115356445312,-11.693038940429688,0.0862176977163867,0.2792978580738934,-7.375716209411621,3
72.09806060791016,-18.01809310913086,0.0161133662789009,0.1246188354120244,-14.48151397705078,3
87.64562225341797,-27.53657913208008,0.0393392044505976,0.0538747242988401,-15.962014198303224,3
137.7651824951172,-10.939208030700684,0.0172332527738325,-0.0734487758625171,4.152738094329834,3
107.31878662109376,-13.839795112609863,0.0211546748013448,0.030886243951784,-6.183376312255859,3
140.4812469482422,1.6011250019073486,0.003019716231136,-0.0579407058208206,-3.01721453666687,3
90.67420959472656,-5.146391868591309,-0.0075857626328894,0.0011292767811822,-14.49146556854248,3
102.8507843017578,-10.477943420410156,0.0346102668990608,-0.0614003027180354,-6.792831897735596,3
136.44833374023438,-3.5460426807403564,-0.0110555406600481,0.0376916819369374,-8.964917182922363,3
161.68063354492188,-3.72658371925354,0.0171884762289142,-0.1019319188373467,-4.907871723175049,3
108.6823272705078,-16.457557678222656,0.0167153537446908,0.2037383976749661,-12.788068771362305,3
95.73299407958984,-21.08871841430664,0.0071369822511102,0.1288780519037853,-9.539148330688477,3
69.80602264404297,-2.5847604274749756,-0.0194264638139132,-0.0820980932069119,-14.973028182983398,3
124.46475982666016,-3.0491857528686523,-0.0385492221555052,0.0129298373867562,-0.307013064622879,3
130.3231658935547,-0.2604644000530243,0.0101699095407402,-0.1211024058993876,-1.522911787033081,3
74.4546127319336,-10.56879425048828,-0.0135388687619077,0.1313337683452786,-9.131170272827148,3
131.43243408203125,0.7783584594726562,0.0424835032073662,0.0872070404571984,-6.09479284286499,3
139.96141052246094,-6.638546466827393,0.0093706580042018,-0.0892214437103,-1.6334737539291382,3
97.43106842041016,-13.866873741149902,0.013422784331077,0.0209393022881613,-5.106766223907471,3
102.7098159790039,-9.215008735656738,0.0074159797088338,0.2007054656502179,-8.995918273925781,3
150.0861053466797,-2.478445053100586,0.0266628697580714,-0.0618068697605962,-2.8744542598724365,3
117.6264877319336,-7.625614643096924,0.0642517132366392,0.1508155306935078,-4.346201419830322,3
110.83973693847656,-7.1460280418396,-0.0375165492816082,0.0310509204620696,-12.60944938659668,3
104.94515991210938,-0.8982277512550354,-0.0253180671083346,0.0011809368837042,2.375861644744873,3
122.49832916259766,-12.730550765991213,0.0237445128494851,-0.0076504141360987,-5.1858062744140625,3
91.95877838134766,-11.943845748901367,0.0124956326838499,0.0491463896171769,-5.928012371063232,3
92.92963409423828,-15.603513717651367,-0.0035239851875067,0.0081001515878088,-14.794422149658203,3
139.0577392578125,-0.9046584367752076,-0.0163069350988529,0.0176173281864007,2.5699362754821777,3
111.15748596191406,-17.632251739501953,-0.0140451830457199,0.0174261543674195,-15.158909797668455,3
96.0971908569336,-19.33320999145508,0.0149470065783235,0.0470832009036876,-12.25394058227539,3
101.2654800415039,-13.378111839294434,-0.0095693140998932,-0.009276076351026,-9.062334060668944,3
101.19027709960938,-5.067928314208984,-3.5954803059586726e-05,0.0468245764795792,-5.786865711212158,3
111.53327941894533,-15.687028884887695,0.0176967212862502,0.2311522763233541,-12.262772560119627,3
88.7260971069336,-18.62926483154297,0.0114762802476647,0.1009608075995119,-9.269546508789062,3
102.669189453125,-7.797834396362305,-0.0081070105460165,0.0196812634483439,-11.352144241333008,3
138.4055938720703,1.7809839248657229,0.0114777017499724,-0.0407814028767549,-0.4747692942619324,3
115.16475677490234,0.2226355671882629,0.0186716544465156,0.0911660432692196,-0.410153329372406,3
105.2343292236328,-9.459798812866213,-0.0152340975767918,-0.0503212103452251,-10.188684463500977,3
151.84703063964844,-0.8988038301467896,-0.0022607200278286,0.0545822480548343,-8.357489585876465,3
100.109619140625,-11.434560775756836,0.0372143559865627,0.091938273088847,-12.022622108459473,3
139.25108337402344,3.200082302093506,0.0453116692402725,0.0122074762002887,-3.0999081134796143,3
136.2346954345703,-10.778818130493164,0.043952864519432,0.0941632675100883,-6.940101146697998,3
108.66698455810548,-7.693526268005371,0.0056257304108855,-0.0361974433145296,-11.316524505615234,3
127.07772827148438,-4.316714286804199,0.0137523649104142,-0.0778445074990361,-6.167014122009277,3
93.79924011230467,-18.020244598388672,0.0072416370706812,0.1122033586592517,-10.210893630981444,3
89.78384399414062,-2.906491279602051,-0.0103291477043238,0.0113353503617951,-17.537824630737305,3
113.0710220336914,5.954978942871094,-0.0118691575688012,-0.0024813970048934,1.1196223497390747,3
126.20948028564452,-6.9344706535339355,-0.0209477080559526,0.0606726473159481,-9.167669296264648,3
104.79962158203124,-9.955081939697266,0.0106970465624979,0.0370284328241033,-4.263806343078613,3
94.1645050048828,-8.5005464553833,0.0085881875035215,0.0311829895769197,-10.354395866394045,3
117.80413818359376,-17.610441207885742,0.0348863133652831,0.2158472880171918,-8.629655838012695,3
128.0892791748047,1.4851279258728027,-0.0191821901746864,-0.2001457702173674,-0.8338708877563477,3
137.17355346679688,-3.0069503784179688,0.0137244963000086,0.0840209049760811,-0.7912433743476868,3
88.49288940429688,-4.582266807556152,0.0011346349208581,0.0378729622983326,-16.98895263671875,3
139.06324768066406,-1.029648780822754,0.018113337675321,0.0588898655100173,-4.708390712738037,3
92.7261734008789,-6.099600315093994,0.0162341658969763,0.0287638506074175,-5.805507183074951,3
130.40737915039062,-0.9368571043014526,-0.0225900616915792,-0.0031663898264607,4.2896342277526855,3
105.78521728515624,-14.228784561157228,0.0104911284878338,0.0818745636929928,-3.482261657714844,3
74.87531280517578,-22.895130157470703,0.0578657750202253,0.1368144255630921,-12.789289474487305,3
139.91119384765625,-11.439269065856934,0.0361840226936996,-0.2736495976213985,-15.178787231445312,3
114.95140075683594,-16.540876388549805,0.012066987136046,-0.0470993111719357,-7.907630443572998,3
121.57067108154295,-3.6699411869049072,0.0064277310488159,0.018224755065106,-5.162783145904541,3
124.0107650756836,-5.538258075714111,0.0510756861044813,-0.0925699764786297,-2.6465134620666504,3
90.71587371826172,-8.02690601348877,-0.0064249769304913,-0.0062492073515893,-16.484731674194336,3
125.66272735595705,-7.743820190429688,-0.0337432750291964,-0.0564470799149131,-7.024697303771973,3
87.85133361816406,-3.9741170406341553,-0.0049039071323125,0.030001386166612,-4.46916389465332,3
131.0003204345703,-2.929799318313598,-0.0309957941168215,0.0516987911833294,7.480731010437012,3
120.28173065185548,-17.108125686645508,0.0098683045267372,0.0976761810500086,-15.293675422668455,3
88.80752563476562,-19.58751106262207,0.0051453919236106,0.0812040733037061,-13.781304359436035,3
145.77012634277344,-0.6816340088844299,-6.545605278136702e-05,-0.033113452827934,-6.821221828460693,3
107.10440826416016,-9.764641761779783,-0.0025871584607478,-0.05727442536778,-6.288032531738281,3
123.98513793945312,-2.234492063522339,0.0293793691308369,0.0844451015206632,-6.01068639755249,3
98.8873291015625,-10.893210411071776,-0.0250247238078093,0.0670713739839487,-5.837179183959961,3
138.85433959960938,1.896920919418335,-0.0439968626433619,-0.0855927907908489,-0.9959838390350342,3
105.7388916015625,-11.726956367492676,0.0044081046938613,0.0301224905322297,-6.0319623947143555,3
86.92880249023438,-5.095304012298584,-0.0052314237850099,0.0168538784589121,-12.861201286315918,3
120.10218811035156,0.0130277723073959,-0.0156036177708916,-0.0501629454414281,-4.500638961791992,3
118.20316314697266,-9.348445892333984,0.0051302618760008,0.0829286903535613,-3.902183532714844,3
109.00659942626952,-11.29573917388916,0.0056011869003506,0.0068582054128399,-6.41087532043457,3
111.7113037109375,-12.475308418273926,0.0095155062736155,-0.0165265304658874,-5.147786617279053,3
110.85540008544922,-12.66762638092041,0.0105998739587715,0.040565110172703,-7.255052089691162,3
169.53173828125,-5.969144821166992,0.0286548405178395,-0.2689427242877467,-0.2341594249010086,3
103.3186492919922,1.7773499488830566,0.0318782134920505,0.041253772097015,-5.761093616485596,4
77.2353744506836,-2.606485605239868,0.051608811238511,0.057929360002984,-2.441046953201294,4
113.25333404541016,1.9693737030029297,0.0343599263438282,0.0456494059095596,0.0061022411100566,4
83.503173828125,1.4553061723709106,0.0039584095277931,-0.0548369972625883,2.9161977767944336,4
116.84068298339844,-3.2497026920318604,0.0364266472968864,0.0836441110418301,-2.532646656036377,4
109.8502960205078,-10.627038955688477,-0.0060861997404015,0.0604863561962743,-4.040837287902832,4
83.90962219238281,3.1041364669799805,0.0069614869998104,0.0384852858715497,-1.753783106803894,4
138.68125915527344,-6.323490619659424,0.0167317379077589,0.1867421530194281,-4.37369966506958,4
75.60449981689453,5.495945930480957,0.0053878562723877,0.0995725898442412,1.47315514087677,4
109.43931579589844,-12.903515815734863,0.0237188613806056,0.0550835829155204,-10.537673950195312,4
127.41596221923828,-14.52818775177002,-0.0281858187079252,-0.0354242723210865,-10.449792861938477,4
66.42008972167969,4.200725078582764,-0.017045191075212,-0.0798352169701696,-1.422093152999878,4
54.365875244140625,1.096113204956055,0.0080040822722419,-0.1055946063945124,0.2437518090009689,4
114.2324676513672,-5.687236785888672,0.0081657033132959,0.0426416806646871,-5.4873456954956055,4
103.12613677978516,-4.464890480041504,0.0391931939830675,0.1752719036896785,-3.739989757537842,4
48.5562629699707,1.905700206756592,0.0223781682935044,-0.0135383262417076,1.7253127098083496,4
110.98926544189452,-5.942914009094238,0.0369158936779109,0.0612168471193009,-5.271760940551758,4
88.19100952148438,5.925192356109619,-0.0267441033183595,-0.1498341991918061,7.056229591369629,4
93.16973876953124,-10.582573890686035,0.0143273831015817,-0.0146209419488697,-10.796730041503906,4
102.4083251953125,-4.362416744232178,0.0097380797415965,0.0013482809551505,-3.4637327194213867,4
104.85739135742188,-10.074868202209473,-0.0104723964763178,-0.0682559796487632,-6.488279819488525,4
-1.471577763557434,2.177259683609009,-0.0094226898481584,-0.0083337533003816,6.343708515167236,4
97.8838119506836,3.8141555786132817,-0.027416985249737,0.0877122104722373,2.7143709659576416,4
132.32330322265625,3.0233514308929443,0.0145478823838121,0.0268811370252105,-7.841698169708252,4
116.62673950195312,2.90871000289917,0.0515134724789874,0.0767038669013609,1.131470799446106,4
37.400421142578125,1.6274770498275757,0.0043646799194381,0.0917584400098282,0.3790245056152344,4
110.45999908447266,-8.175924301147461,0.0132025989009328,0.1242339296560524,-6.406940460205078,4
88.24267578125,10.268399238586426,0.0179007361162617,0.0573882481844504,6.284979343414307,4
89.65581512451172,2.5855824947357178,-0.0287355855360616,0.0748315281104179,-0.4535034000873565,4
87.5244369506836,-9.793288230895996,0.0531910378835179,0.0647677106507635,-7.729948997497559,4
98.96102905273438,2.809553384780884,-0.0066684180740257,-0.0239023565150071,-6.30326509475708,4
57.9962043762207,0.8844494223594666,-0.026498756545677,-0.0432396333404871,-4.334433555603027,4
101.49220275878906,9.018026351928713,0.0172907727785892,0.0642623316548853,6.241931438446045,4
84.30335998535156,3.752688407897949,0.0050782013999281,-0.0372511601362605,2.132608413696289,4
104.87787628173828,-6.039825916290283,-0.0107186433282345,-0.0358909518755806,1.9000844955444336,4
105.26065826416016,-4.027716636657715,0.0171784398076716,0.0231186538884786,-1.0588843822479248,4
16.420616149902344,2.021357774734497,-0.0021842767512778,0.0571094642719019,2.1092255115509033,4
67.0791244506836,8.537059783935547,-0.0050284663505202,-0.0301749519183507,7.896104335784912,4
44.18373489379883,3.9630038738250737,0.029461063914869,0.0730968811319174,4.675473690032959,4
113.6259307861328,-7.2501749992370605,0.0189745104616247,0.0203490271596496,-0.5806364417076111,4
80.68692016601562,-6.627345085144043,0.0164000317295191,0.1019752451323712,-4.76158332824707,4
157.10690307617188,0.650936484336853,0.0075138597003492,0.032535910229969,0.836758017539978,4
93.53314971923828,4.4144606590271,0.050531659169803,0.0948292980484225,1.323458909988403,4
44.86506652832031,-0.0652758702635765,-0.0206701948457349,-0.0045788412590347,-0.3711955845355987,4
83.94522094726562,-4.780016899108887,-0.0047911226656753,-0.0347136756194219,-2.0956077575683594,4
131.22950744628906,-3.781606435775757,-0.0034430807795817,-0.0044740060166254,-1.4063514471054075,4
106.21409606933594,-1.7114567756652832,-0.0142396628986546,0.0124869717309888,-3.2332587242126465,4
66.20999908447266,-2.051774024963379,-0.0193502757722467,0.0471172480022781,3.666417360305786,4
83.05220794677734,1.4220294952392578,0.0030035023081412,-0.0223748067015088,2.7486743927001953,4
99.2520523071289,2.805034875869751,-0.0175345588295996,-0.0575886247749912,1.1103798151016235,4
111.10006713867188,-2.635941982269287,0.0165368770819476,-0.025195058393282,-4.35530424118042,4
78.04631805419922,2.3600361347198486,0.0198371692130665,0.0390762490019773,0.7918248176574707,4
83.64266967773438,10.545862197875977,-0.0306682911387532,0.0806444622423354,1.4132134914398191,4
108.75726318359376,-2.9404187202453613,-0.0037836604354959,-0.0662279437803613,-7.108377933502197,4
104.23236846923828,-2.460355520248413,-0.0059853406737581,-0.0533988458396838,-3.723341703414917,4
57.04592514038086,2.825826644897461,0.0055490460231635,-0.0227152388765411,-2.8668766021728516,4
80.19956970214844,2.262345552444458,-0.0070985622614244,0.0484943515465075,0.3200177252292633,4
118.60043334960938,-6.2791595458984375,0.0056872853009687,0.0592854839002491,-2.7959671020507812,4
107.7383270263672,-6.469770431518555,0.0109426968725515,0.0185894111911933,-2.436462163925171,4
89.58557891845703,-6.542258262634277,0.0143980941789762,0.0507608828387688,-3.2882633209228516,4
60.939640045166016,5.658960819244385,-0.0225400830175435,-0.0159739923254057,-0.8448505997657776,4
104.1467514038086,-5.282073020935059,0.0035891937046315,-0.0543631693758762,-1.3796266317367554,4
79.14716339111328,-3.183844566345215,0.0305648365033561,0.0471908684452286,-4.406769752502441,4
98.31111907958984,3.002152442932129,0.0128969607412842,0.0069620273314423,-3.2665584087371826,4
120.1090850830078,4.640974521636963,0.0221945828320159,-0.0087413242613254,3.0568735599517822,4
76.07130432128906,-1.5151196718215942,0.0287891034130378,0.0104791508721859,2.130347967147827,4
89.96063995361328,-9.918660163879396,0.0125314608915835,0.0233891600981441,-8.233046531677246,4
116.63851165771484,0.4008883535861969,0.0364636195243178,0.0019353690917272,-1.162887692451477,4
122.59817504882812,-10.346016883850098,0.0025122671224437,-0.0349150108090401,-6.541772365570068,4
79.32584381103516,-2.342609167098999,0.0193988665262552,0.0202255692730759,-4.445672035217285,4
92.8315658569336,8.558349609375,0.0171096663475246,0.0641841285328377,6.753868579864502,4
80.6396255493164,4.348831653594971,-0.0409074278506686,-0.1815759269252915,2.408085584640503,4
111.5011978149414,-1.4459750652313232,0.0055168413190505,0.0374057419387694,-3.911132335662842,4
116.49569702148438,-2.810109853744507,-0.0029435532051693,0.0809133826472793,-1.622074842453003,4
98.50553131103516,3.4215340614318848,0.0353566232289192,0.083696909861261,2.2798080444335938,4
79.51624298095703,-2.891855478286743,-0.0180569229648903,-0.131245086306126,-5.769481658935547,4
110.02114868164062,-6.71066427230835,-0.0156071775402203,-0.0973009636948898,-2.7987282276153564,4
78.69161224365234,-7.452332019805908,-0.0129775283767683,0.0174286970738039,-3.33935022354126,4
68.13410186767578,-3.011047601699829,-0.0013985616359069,0.0070384413805868,-3.1923532485961914,4
67.0791244506836,8.537059783935547,-0.0050284663505202,-0.0301749519183507,7.896104335784912,4
65.99195098876953,6.0552449226379395,0.0164468240308193,0.0295422729018607,-2.1804895401000977,4
109.53915405273438,5.3022565841674805,0.0037992253405326,0.051684387660538,2.854550838470459,4
123.33696746826172,-3.4475502967834473,-0.0004478166226309,0.0333313705430612,-3.425783634185791,4
134.70504760742188,-6.913872241973877,-0.0244481738233891,-0.0747907430306013,-0.9485604166984558,4
98.3211669921875,0.5797671675682068,0.0052116184718343,0.0583995653310221,2.0125644207000732,4
69.64920806884766,-5.833262920379639,0.0197964355876736,0.0400573502634837,2.5407543182373047,4
101.11207580566406,-7.84616756439209,-0.0025804052627055,-0.0718805560491235,-7.243658542633057,4
98.79366302490234,-6.494058132171631,-0.0027926343829919,-0.0522250030421818,0.4157898128032684,4
88.0167236328125,5.903658866882324,-0.0197536926425984,-0.124960714870591,7.048926830291748,4
67.22570037841797,8.67322063446045,-0.0069835839640155,-0.0228844426455092,7.978476524353027,4
105.83570098876952,-1.84756600856781,-0.0011659962882631,0.0056723532444061,1.8343393802642824,4
110.86749267578124,-10.641822814941406,0.0086700742065983,-0.0222041184257573,-4.71256685256958,4
108.8294677734375,2.458040714263916,0.0018310344514035,-0.0056239142575695,-3.161132335662842,4
91.68958282470705,-0.3306266367435455,-0.0077606937483572,-0.0745304879038584,-1.8248240947723389,4
117.10543823242188,-0.1543872654438018,0.01631197472008,0.0604531575570392,3.063807487487793,4
105.13033294677734,-0.637147843837738,0.0108682782661308,-0.0100785418489172,-1.7171473503112793,4
99.35643005371094,-5.326038837432861,-0.0013958241137593,-0.095548522166164,-6.6866254806518555,4
111.76229858398438,0.689601719379425,-0.0153263008955297,0.0100424174915343,-5.05027961730957,4
96.34123229980467,-8.20237922668457,0.0208123858262868,0.0106078267362318,-1.860793948173523,4
142.70457458496094,-3.068358898162842,0.0554771686925749,0.1019819163702824,1.146920084953308,4
122.70870971679688,0.057794626802206,0.0478140081250011,0.0443682869940992,1.5182204246520996,5
145.6685791015625,0.2405622750520706,-0.0114926391291223,-0.1261300161026373,-0.8792317509651184,5
166.00253295898438,-4.492807865142822,-0.0065440585619898,-0.063343568481017,-5.581122398376465,5
133.5626678466797,5.054664134979248,-0.0060622887698518,-0.1403980638146472,3.005009412765503,5
151.49676513671875,0.1356767565011978,-0.0618128574581424,-0.031082731904186,5.28657341003418,5
129.07833862304688,-8.212051391601562,-0.0312369099536163,-0.0806886800526434,-0.1174327731132507,5
177.20355224609375,-3.6557693481445312,0.0752004416973785,0.2300589165404194,3.6453394889831543,5
173.31781005859375,-4.490511894226074,0.0166767144110177,0.0948484085736698,-1.4770245552062988,5
143.90283203125,3.0758984088897705,-0.0018328810055856,0.2273919080734369,2.525689125061035,5
190.73504638671875,-4.821781635284424,0.0615799594522983,0.0381976212967698,-4.664632320404053,5
127.2767333984375,-4.097750663757324,0.0198124052492978,0.0776032288628777,0.6631559729576111,5
138.17970275878906,-4.788712024688721,0.032838798985567,0.1453286973582224,-2.0916635990142822,5
117.61351776123048,-8.253665924072266,0.0392905302937124,0.1134270536026275,-7.077557563781738,5
172.4316864013672,-7.334053039550781,0.0171805508858532,0.0538134353412104,-6.144455909729004,5
122.12507629394533,-5.371945858001709,0.038824934164819,0.0768067569877844,-2.789890766143799,5
134.57177734375,2.4930167198181152,0.0276569902429769,0.1161448229782813,1.6743898391723633,5
147.88018798828125,-2.2157323360443115,-0.0191890958886127,0.0743909953259265,1.8589837551116943,5
190.1424560546875,-4.624200820922852,0.0866606927640261,0.3850147576385414,-4.5522613525390625,5
124.97928619384766,4.427051067352295,0.0331809051972574,-0.0616659701728961,7.15904426574707,5
153.97674560546875,1.5226653814315796,0.0304268983921883,0.1568377676395121,-1.7256625890731812,5
144.1649932861328,-7.773562908172607,-0.0261410997912389,-0.263063235233178,-0.263740599155426,5
118.92713165283205,-6.356529235839844,0.0450901486586741,0.0671016293263942,-2.584686756134033,5
103.63917541503906,5.183283805847168,0.071549637796954,-0.0666459640482007,-0.6057204008102417,5
149.66810607910156,-5.867613315582275,0.0019343119024722,0.1074601920573584,-5.145052909851074,5
148.35321044921875,-1.5412745475769043,0.0962468028354106,0.1549997139890028,-4.695594310760498,5
136.43421936035156,1.6502773761749268,0.0342162865753521,0.1694653409742367,1.9191813468933103,5
161.12791442871094,-4.120981693267822,-0.0090965280482492,0.1831670488909953,-1.6026884317398071,5
142.11691284179688,-6.885930061340332,0.0203461773474185,0.0905073232830464,-2.04347825050354,5
147.81375122070312,0.9923772811889648,0.0589932500964281,0.0840916418954334,6.206808567047119,5
156.8987579345703,-7.787569999694824,0.0261057263821267,0.0420141033337682,-3.5429348945617676,5
111.14665222167967,-3.7815682888031006,0.0029694666219511,0.1063804099832648,4.094898223876953,5
172.78944396972656,-0.9108149409294128,-0.0162637092491873,0.0166575407083553,-8.430778503417969,5
138.65692138671875,-9.66719913482666,0.0494974649179218,0.2620060465455795,0.257449209690094,5
135.68165588378906,-1.3336012363433838,-0.0192037633166765,-0.1382366027960773,1.0361007452011108,5
119.15338134765624,-2.09965443611145,0.0073736667447578,0.0090910165697996,-1.8530505895614624,5
124.25440216064452,2.2096312046051025,0.0253133671859267,0.0736848123584685,0.2281281650066375,5
128.7116241455078,3.806347608566284,-0.0013154026230942,0.1738421790989018,1.8181530237197876,5
163.25396728515625,-4.558465957641602,0.0095283378797418,0.0990107572898709,-2.8588449954986572,5
138.53170776367188,5.919067859649658,0.0395756428115547,0.2013605476421509,6.624697685241699,5
159.5615997314453,-4.024108409881592,-0.003646215030009,0.1391837185119188,-3.3981566429138184,5
126.49835968017578,-10.292282104492188,0.0267508527794495,0.058715201427947,1.1953153610229492,5
57.55167770385742,-3.750938892364502,0.0292907051409051,-0.114913667665568,9.955657958984377,5
101.75817108154295,-13.757537841796877,0.0096170115167564,0.1604835681422546,6.7050652503967285,5
157.25868225097656,-2.73099422454834,-0.0023476970764868,0.0800377411912327,1.642682671546936,5
130.26002502441406,0.4702780842781067,0.0473137775759986,0.2811476489990971,5.452054977416992,5
116.79857635498048,4.948069095611572,-0.0097734584191162,-0.0059641230468915,-3.9037134647369385,5
130.24131774902344,1.7435379028320312,0.0474856347466526,0.115796357823809,-1.3096609115600586,5
173.3163604736328,-3.6539578437805176,0.0272229655972368,0.1295889090523337,-3.460352659225464,5
161.85740661621094,-6.782114028930664,0.0953962596112626,0.2372054101027384,-6.667609214782715,5
139.7978515625,-1.4450534582138062,0.0589380991516917,0.2394533655068934,-1.7238507270812988,5
141.5044708251953,0.7636799812316895,0.0249302529883167,0.1164995588681485,5.322201728820801,5
148.5956573486328,-0.9001434445381165,-0.0154170989767024,-0.1025462995881508,-4.32591438293457,5
137.38995361328125,-3.5282187461853027,0.0257738746829378,0.0815169091518989,-1.8996493816375732,5
127.7622299194336,0.3650692105293274,0.0567555795626271,0.2522173934492632,3.406301736831665,5
145.7255401611328,5.083242893218994,5.1640455317320854e-05,0.1123766315579363,1.8648169040679932,5
98.35549926757812,-2.5930845737457275,0.0650825237170056,0.1356141994883438,-3.169343948364258,5
136.29432678222656,-0.4549775719642639,0.0530692097169099,0.2858948716104338,7.475355625152588,5
146.3253631591797,-1.699939250946045,0.0317779450489767,0.0786360038815246,-3.208078384399414,5
153.91903686523438,-3.0778160095214844,0.070882114146475,0.1410848548972426,-2.615480899810791,5
170.93153381347656,-7.378573894500732,-0.0247421153361714,0.1120519652242744,-6.086592197418213,5
135.923583984375,-4.34604549407959,-0.0161554691820294,0.0684173625477322,-0.0162035357207059,5
129.04563903808594,-10.075477600097656,0.093844672027178,0.1929303652726764,-3.574308156967163,5
135.9326934814453,-2.693773031234741,-0.0013646539847493,0.1412073054864088,-4.527390480041504,5
120.76841735839844,-0.9795185923576356,-0.0156945491315652,-0.0305385427178969,-3.8033559322357178,5
88.76644897460938,-4.924638748168945,0.0089247189587532,-0.2106929175003329,0.2859933376312256,5
153.8229217529297,-3.845602035522461,-0.0248352677020576,-0.1135344005070562,-3.636789083480835,5
163.0813446044922,-8.054705619812012,0.0100560602271461,0.1153911312883799,0.3839613199234009,5
138.97085571289062,3.3365960121154785,-0.0094404055930484,0.1561812819359361,-1.8506907224655151,5
118.44306182861328,-4.253397464752197,-0.0102980189269879,0.0149376879143656,-3.973203897476196,5
148.6846466064453,4.611797332763672,0.0327741366458615,-0.0495181127811116,1.28019380569458,5
125.3351593017578,-5.168352127075195,0.0157697356326499,0.0062146770269598,0.709324836730957,5
175.10499572753906,0.8228058218955994,0.0303880359956599,0.1197052787411002,0.0290353633463382,5
89.8630142211914,6.113411903381348,-0.0021862281802842,0.1625636872533328,12.349801063537598,5
86.64906311035156,-4.700312614440918,-0.0022261232410515,0.0659032355623146,1.435478448867798,5
127.40060424804688,7.229206562042236,0.0667523907460218,0.1615505129972619,-2.3921704292297363,5
140.1046600341797,-3.4992897510528564,0.0744528805451998,0.1815651720828379,-0.8219591975212097,5
164.2650909423828,-5.426858901977539,0.0821687063081183,0.0221575069397353,-3.089113235473633,5
149.4286651611328,-2.586296319961548,0.0351963627705908,0.1711079505403658,-6.158669948577881,5
149.72976684570312,2.5456483364105225,0.0221436438805507,0.1158619186936792,0.0589952692389488,5
181.6003875732422,-4.597425937652588,0.0724412486611107,0.3328734249310216,0.8365722298622131,5
127.41255950927734,-9.091689109802246,-0.0021779529656657,-0.033830619211047,-5.734530925750732,5
143.482421875,-1.2224382162094116,0.0535586920858112,0.1112820312768366,-3.8071179389953618,5
128.65533447265625,3.690244913101196,0.0405231411795356,0.1649411467810457,10.538689613342283,5
149.6673583984375,-1.198870301246643,0.0391320510873974,0.148540598444742,-1.72739839553833,5
141.11952209472656,-1.445148229598999,-0.005795580952995,-0.1060034881030764,1.4704617261886597,5
143.90760803222656,4.925432205200195,0.0777202288953286,0.278221405720612,6.345394134521484,5
161.55921936035156,-7.880727291107178,-0.004587680142122,0.2775678004719712,-2.911288022994995,5
171.87368774414062,-5.058682441711426,0.0517461760342752,0.300681036320569,-3.0391664505004883,5
155.32089233398438,-6.477841377258301,0.0057182277403601,0.1225687028701701,-7.097621440887451,5
143.68849182128906,0.96291184425354,0.0849571465124902,0.1918358909414894,-0.4838576316833496,5
134.53781127929688,1.6421571969985962,0.0527382892097401,0.1926126832746005,5.4260029792785645,5
112.81914520263672,1.2870399951934814,0.0268832724943369,0.177703821222035,-2.649482488632202,5
180.18096923828125,-1.8584505319595337,-0.0343686452458483,0.1425711280079565,-4.103264331817627,5
177.51414489746094,-9.193570137023926,-0.1245126512568131,-0.2947324157477715,-9.193133354187012,5
85.90884399414062,3.484389066696167,-0.0111551236346506,-0.1138873086935049,5.9370527267456055,5
156.96531677246094,5.667016506195068,0.0245897720889147,-0.0544194402822654,3.6362783908843994,5
160.0006103515625,-4.07133150100708,0.0070657843000697,0.1859596829735099,-1.6738685369491575,5
152.84921264648438,8.212005615234375,0.0205151986244214,0.2950830247024587,2.0435917377471924,5
154.08042907714844,-5.211670875549316,0.0428218226869758,-0.1253828798518173,-6.9970784187316895,5
154.85044860839844,-2.448970079421997,0.0340279158779628,0.1172349127738014,1.8729065656661987,5
86.40165710449219,-4.12709379196167,0.0174956084149594,-0.0026688626281827,-1.0674844980239868,6
91.73827362060548,-8.630905151367188,0.016245186049331,-0.0206384418022398,-11.83962631225586,6
111.02361297607422,-6.970772743225098,0.0422936714655525,0.1190327878566398,-9.627941131591797,6
85.04792785644531,-0.5299238562583923,0.0226548522033361,0.0098897687600862,-0.3666726052761078,6
154.00502014160156,-4.123981952667236,0.0050457075267991,0.0885941421518233,-5.321567058563232,6
96.97539520263672,-5.901435375213623,0.0594382584436633,0.1962427301518566,-2.113917827606201,6
137.46743774414062,-3.1679165363311768,0.0080408068493254,-0.0601599661617927,-7.494167804718018,6
102.34354400634766,-16.756317138671875,0.0019525677062342,-0.1223949496473719,-9.670429229736328,6
138.44056701660156,-5.828865051269531,0.009886373781395,0.0069292782118103,-3.172285556793213,6
94.37081146240234,-0.8825266361236572,0.0480804401742169,0.007307459703431,-5.073761940002441,6
116.13787841796876,0.1430696099996566,-0.0461501051313878,-0.2863990995004887,-4.471088886260986,6
109.12802124023438,-10.516490936279297,0.0173530202579488,-0.0225504638740067,-7.008601665496826,6
67.15309143066406,-1.7415591478347778,-0.012341566250429,-0.0485814046236256,-0.5941916108131409,6
85.41169738769531,-3.9985475540161137,0.0438374659648463,-0.0351489362630011,-7.90796422958374,6
112.11608123779295,-12.587085723876951,0.0416608222110782,0.0387049018894521,-10.441167831420898,6
101.83766174316406,-4.360380172729492,-0.0268516735098325,-0.010054374472812,-3.969818592071533,6
100.11083984375,-11.495659828186035,-0.0030240674678302,-0.0655436037193283,-13.625411033630373,6
128.89801025390625,-4.180408954620361,-0.0231819551125671,-0.1122818826934669,-2.951216697692871,6
65.78227233886719,-3.7225632667541504,-0.0387845365727148,-0.1108884167620949,-2.9975385665893555,6
59.53772735595703,1.0675513744354248,0.0128993163563943,-0.070642282781465,-1.0089142322540283,6
149.3004913330078,-8.370978355407715,0.0136336526282378,0.0670189467584533,-6.509603023529053,6
105.41007995605467,-14.159313201904297,0.0017733995167131,-0.0153584725844147,-9.473337173461914,6
91.50623321533205,-3.671962976455689,0.024489255105805,-0.0070733756512996,-4.436814785003662,6
112.45124053955078,-11.18699550628662,0.0219854205387734,-0.0121198913657128,-4.952221870422363,6
105.43319702148438,-12.79851531982422,-0.0057836080665644,0.1218776204734674,-10.047855377197266,6
89.52725219726562,-10.106950759887695,0.006568719436534,0.0432251254726407,-9.360471725463867,6
130.7241973876953,-3.2142534255981445,0.0058930464038676,0.0534617214204385,-1.7850618362426758,6
103.4316864013672,-5.451935768127441,-0.0036551462217647,-0.0375291128244812,-1.1736682653427124,6
109.90478515625,-12.310062408447266,0.0183723396778005,0.0848481299518912,-10.265626907348633,6
95.09344482421876,-13.008130073547363,0.0231907042848766,0.0472577768419087,-8.231254577636719,6
79.4583740234375,-1.893023371696472,0.0378364866680887,0.0751911690645988,-3.0437052249908447,6
74.88168334960938,1.6636860370635986,-0.0373439319660643,-0.0290836995648197,-1.0820168256759644,6
124.6791763305664,-8.726417541503906,0.0022712932103228,-0.0898969069766793,-4.086974143981934,6
98.92578125,-12.634641647338867,0.0364916802758245,0.2436133722934873,-4.400121212005615,6
76.73505401611328,-1.4562419652938845,0.0183599783184265,-0.0033936621262628,-1.5270267724990845,6
95.7519302368164,-10.45691967010498,0.0199759410692193,0.126546318674889,-7.894526481628418,6
117.5897979736328,-2.420073986053467,0.0146041513328201,0.0114590952932197,-3.155411720275879,6
52.60870361328125,0.5820397734642029,0.0408931268658359,0.1027547846237212,0.7144910097122192,6
80.06857299804688,-19.298675537109375,-0.0579788010208339,-0.2051300213215663,-14.47715187072754,6
94.7533950805664,-11.606868743896484,-0.0085459865664307,-0.0613864890488637,-6.987053394317627,6
72.35003662109375,-4.096551418304443,0.0252608605665134,0.1174407943418776,-0.3098919093608856,6
106.57720947265624,-10.946365356445312,0.0106694033886219,0.1545702284718507,-9.72523593902588,6
101.90469360351562,-12.690149307250977,-0.0121364959323694,-0.0709902448406802,-6.086404323577881,6
91.890869140625,-15.457928657531738,0.031282282313841,0.0278445051805125,-11.220914840698242,6
75.87379455566406,-1.7415356636047363,0.0239820703752955,0.0255183988473367,2.0025973320007324,6
106.97547149658205,-6.958566665649414,-0.0142452452219516,-0.0410596060280768,-8.221911430358887,6
86.21833038330078,-12.85138988494873,0.0372179923257211,0.1016217933361173,-7.891256332397461,6
85.88427734375,-1.012506365776062,0.0210178737541396,0.0531549886858088,-1.6099936962127686,6
116.21839904785156,1.4063518047332764,0.0651361823323119,0.1953266019648867,-0.8914468288421631,6
64.91177368164062,-0.309265524148941,0.0145721932448715,0.0309392688710915,3.2900240421295166,6
136.5748748779297,-12.50524616241455,-0.0102389920134615,-0.0329158494730284,-0.7819079160690308,6
100.0849609375,-15.529786109924316,0.0161326210000676,-0.0022175350934237,-7.705626487731934,6
62.51326751708984,1.2424839735031128,0.0145372090394544,0.0708248007894389,-0.4665286540985107,6
103.56620025634766,-9.824014663696287,0.0149988022128608,0.0924428866392978,-8.564864158630371,6
106.50067901611328,-14.293838500976562,0.0013642615967549,0.0194886180369282,-10.53370761871338,6
93.53565216064452,-12.026507377624512,0.0007341771333808,0.1014458101477701,-7.303664684295654,6
118.46495819091795,5.364322662353516,-0.0287112081073916,-0.0583913574929152,1.8704136610031128,6
134.15211486816406,-4.680241107940674,0.0189081970086892,-0.01679295628826,-5.555471897125244,6
109.49398040771484,3.5316381454467773,0.0237082212887211,-0.110717811422184,1.7675535678863523,6
104.43667602539062,-11.788948059082031,0.0252299350898138,0.0964673616677523,-11.014559745788574,6
115.18234252929688,-17.95570945739746,0.0171979105464522,-0.0148894964662318,-11.527904510498049,6
102.98868560791016,-11.575923919677734,0.0369564840690045,0.0237843853768401,-13.024808883666992,6
103.9049835205078,-9.400614738464355,0.0531062132748146,0.0519595253479714,-4.21358060836792,6
95.77822875976562,-12.58407497406006,0.0106493218287225,0.0213396084316689,-8.495848655700684,6
119.10564422607422,-13.59807586669922,-0.0050879776057668,0.0523656107784338,-10.45835018157959,6
61.280311584472656,-5.758148670196533,0.018146512742743,0.0486541855216128,-3.685261487960815,6
83.51688385009766,-1.019359469413757,0.0242846289597859,0.0327210170401243,2.3960108757019043,6
81.38933563232422,-5.292617321014404,0.0190727357461605,0.0412838910919585,-2.971118450164795,6
119.2933349609375,-15.76666259765625,-0.0586120418220182,-0.1770200580966947,-7.765785217285156,6
153.79042053222656,-2.5232486724853516,0.0354243682369917,0.0764559214112772,-6.275708198547363,6
75.6281509399414,-4.650856971740723,0.0499231171727691,0.1678612830224461,-4.688804626464844,6
130.25537109375,-1.6236910820007324,0.0803973459593187,0.2847552872758617,0.7412354946136475,6
90.93341827392578,-10.384654998779297,-0.0114771441075971,0.0137260624225433,-5.790337085723877,6
107.4422378540039,-12.196166038513184,0.0098439195443031,-0.0630122440106307,-6.174646377563477,6
114.42698669433594,-8.264944076538086,-0.0294850702798386,-0.0608676654789188,-11.602566719055176,6
75.23143005371094,-4.509064197540283,0.0171736883475373,-0.0459111138887565,-8.96687126159668,6
98.43582916259766,-1.3743816614151,0.0380827246617049,-0.0076032305985427,3.2166435718536377,6
67.74452209472656,-6.280927658081055,-0.0107721161636813,-0.0390848068254034,-1.9610300064086912,6
94.16671752929688,-14.77310848236084,-0.0021934635435723,0.0397469698595729,-13.62448024749756,6
134.4408416748047,-8.380608558654785,0.0344439422931309,0.0852689671883199,-6.346207618713379,6
129.9686279296875,0.402013212442398,0.0378395854530175,0.0602493509727933,-4.572026252746582,6
142.76348876953125,-5.683592796325684,0.0487492777059082,-0.0645558030354916,-7.692152500152588,6
103.12503814697266,-6.207776069641113,0.0029620218292378,-0.0380968905028462,-3.657341480255127,6
78.33685302734375,-12.625713348388672,0.0279323311871457,0.1364680848994497,-7.666580677032471,6
115.22100067138672,-10.742701530456545,0.0032379346850004,0.0343015800756797,-10.17275047302246,6
109.93669128417967,-11.589943885803224,-0.0110242921875294,0.0603643578485367,-5.957462310791016,6
66.77525329589844,-1.941701889038086,-0.0242642162250308,-0.0556468276725843,0.3791481852531433,6
109.25263214111328,-11.577595710754396,-0.0041095083950233,0.0380531492497941,-6.180506229400635,6
65.66149139404297,-1.6673214435577393,0.0264049993663926,0.0482629408777016,-1.6675022840499878,6
103.81341552734376,-8.784139633178711,-0.0094889754757834,0.0320233540545704,-3.953086853027344,6
116.20545959472656,-16.39295768737793,-0.0011533761508679,-0.1123709049856896,-4.373984336853027,6
88.74144744873047,-9.863814353942873,0.0052319953829208,0.0047490697217566,-10.138800621032717,6
94.94122314453124,-13.473843574523926,0.0137943774042055,-0.0155286763453558,-7.264639377593994,6
99.7079620361328,-12.890456199645996,-0.0011625973169396,-0.0101204201166329,-12.408360481262209,6
114.95368194580078,-11.40121841430664,0.0111608537517468,-0.0110678333953603,-10.553890228271484,6
73.69066619873047,-2.040322780609131,0.029664501042114,0.0564602834258703,3.61079216003418,6
123.87174987792967,-15.028531074523926,0.0424204055068588,-0.2525753770443101,-7.123551368713379,6
130.7895965576172,-7.048300743103027,0.0343552458450169,0.0336999136881286,-7.683533191680908,6
123.65726470947266,-10.083799362182615,0.0567217313881965,0.1467821388261142,-5.282494068145752,6
84.05840301513672,-12.596915245056152,0.0201734536206317,0.0641930791011749,-12.073298454284668,6
98.390625,-10.487104415893556,0.0100164078386712,0.0220419317878419,-6.974068641662598,7
91.01365661621094,1.3010276556015017,-0.0023130186154816,0.0005883684566377,-1.17598557472229,7
102.2069320678711,-4.211417198181152,-0.0112179369351026,-0.0054337140703504,1.0018680095672607,7
101.19369506835938,-15.4269380569458,0.0097859655893644,0.0497488411922862,-10.051116943359377,7
122.53192901611328,-4.347989559173584,0.0040018256149995,0.0277390155257874,-0.1088311150670051,7
76.6729507446289,-6.56235933303833,-0.0139243344555311,-0.0127936346468949,-4.860474109649658,7
59.70142364501953,1.6549314260482788,0.0074360332973529,-0.0309992920770842,-1.4983952045440674,7
73.39044952392578,-1.11442768573761,-0.0009064721255465,-0.0211531531937891,-4.241785526275635,7
72.411376953125,2.933856964111328,-0.0110899460274595,-0.0037954042671856,-1.2484564781188965,7
103.04962158203124,-0.4531826972961426,0.0175849412377827,-0.0230558853959809,-6.032184600830078,7
76.75423431396484,2.2838659286499023,0.0093330612781715,-0.0280693076744007,-5.2186279296875,7
89.93035125732422,2.387639284133911,0.0074236859812136,-0.0519505111966112,0.8656741380691528,7
80.86039733886719,-4.461121559143066,-0.0065972751915595,-0.0187951468230629,-4.064554214477539,7
48.89044189453125,4.785854816436768,0.0062776667871849,0.1090769036472261,3.051088571548462,7
141.71290588378906,-5.472686767578125,0.0081986594398023,-0.0113050829442246,-3.156407356262207,7
80.84723663330078,-5.601728439331055,-0.0046526881598737,-0.0083600061992947,-1.891737699508667,7
81.55766296386719,4.529709815979004,0.0078624976913404,0.0404475243625539,1.336745023727417,7
77.41155242919922,-7.0119757652282715,0.0008019553287424,0.0010937722096207,-4.538113117218018,7
89.099609375,-3.478564977645874,-0.0057309272194755,-0.0439336587987656,-0.2270506173372268,7
30.26817512512207,-4.9752516746521,0.000417983342086,0.00461411409244,-4.256394386291504,7
30.651878356933594,-1.330527663230896,0.0016274402936437,0.0155163981077534,1.2415821552276611,7
70.90157318115234,-2.1472790241241455,0.0248173647077162,0.0460640873760339,-2.3723738193511963,7
100.34033203125,-0.1100568920373916,-0.0019423711993325,0.0044069240263042,1.1956737041473389,7
113.069580078125,9.39089012145996,0.0089233413961611,-0.0354199746404701,2.9200806617736816,7
112.4041976928711,-9.388904571533203,0.0086016842998957,0.0118472214758048,-8.865541458129883,7
132.3721466064453,-4.321259021759033,-0.0213300895248848,0.0537538630994536,-5.606884002685547,7
66.67506408691406,3.829878807067871,-0.0038345935384938,-0.0033547209920026,6.821736812591553,7
98.0443115234375,6.095454216003418,-0.002924796802159,-0.0253290209623799,-0.295149952173233,7
58.725624084472656,3.4685113430023193,0.0064519622051544,0.0215571195893887,2.773965358734131,7
40.82960891723633,6.524983882904053,-0.0014973943403858,-0.0177128143269512,2.595776081085205,7
77.38236236572266,-11.454931259155272,0.0199909796566781,0.0707728293210143,-12.679551124572754,7
52.78694915771485,0.6391593813896179,0.0089121522136851,0.0169526471777728,4.194705486297607,7
70.1844253540039,-0.8149564862251282,0.0051165488646622,-0.05740707230155,-4.249149799346924,7
110.21670532226562,-9.508859634399414,-0.0142307762958126,0.0248820640228369,-7.0989603996276855,7
50.8101921081543,2.664931535720825,-0.0069227109557973,-0.0080730925079853,3.102487564086914,7
97.39122772216795,-3.47413969039917,0.0066393129543781,0.0132719459981344,-8.945110321044922,7
90.5676498413086,1.6312522888183594,-0.0001500561827477,-0.0014564975502308,-3.4119386672973633,7
71.11212921142578,-0.5158784985542297,-0.0116747469495074,-0.0009640033071043,-1.0610514879226685,7
87.05368041992188,-0.1543113142251968,0.0260356911177595,0.019584263464939,0.2251279801130294,7
63.92966842651367,-5.800775051116943,-0.0008906154460768,-0.0060346522062175,-6.858704090118408,7
89.93035125732422,2.387639284133911,0.0074236859812136,-0.0519505111966112,0.8656741380691528,7
57.151180267333984,0.2139892280101776,-0.0068668542006775,-0.0527920351112273,-1.9047036170959473,7
77.27129364013672,-0.6719621419906616,0.012821006749831,0.0474288875863894,-0.0616784766316413,7
74.91300201416016,-2.407841205596924,0.0083792134648388,0.0198729187371417,-4.324258804321289,7
79.35381317138672,-2.702415704727173,0.0154527559277256,0.026978994257328,-5.255575656890869,7
88.22647094726562,-9.770441055297852,-0.0021523896795409,-0.0113976601012025,-7.051864147186279,7
94.2147979736328,-3.474364995956421,0.0200788508492399,-0.0260912803002225,-3.4523704051971436,7
63.05491638183594,-1.86080265045166,0.007034673251043,0.0035758412416039,-4.7370147705078125,7
41.587158203125,5.519351005554199,0.0083862482574857,-0.0225155380940112,2.3586175441741943,7
68.48836517333984,-12.502289772033691,-0.0011778227159091,0.0089694169567734,-13.32670783996582,7
55.170074462890625,-12.129927635192873,0.0044631118291993,-0.0008991724374683,-2.208542823791504,7
93.95368957519533,1.0622267723083496,0.0020224414720466,-0.0238864402760892,-1.5164307355880735,7
62.312957763671875,3.4152286052703857,-0.005091058235421,0.0013232234098291,1.2713985443115234,7
67.73526763916016,1.944428324699402,0.0209789425364309,0.0476847513968998,2.386932611465454,7
72.1310806274414,-0.7864780426025391,0.00954815326407,0.0816367415766039,-0.0741628035902977,7
36.26666259765625,3.1900172233581543,0.0065699422331206,-0.0109997631593785,3.221952438354492,7
74.09630584716797,-0.0358633957803249,0.0034164747126326,0.0054721482804561,-4.235780715942383,7
100.20720672607422,-7.984947681427002,0.0154047736841547,0.0184613704998828,-2.9760420322418213,7
79.77237701416016,-10.034326553344728,-0.0097355113409056,-0.007332777211588,-8.93278980255127,7
72.0161361694336,-2.949455976486206,-0.0020104123065476,-0.0218787762633848,-4.7462944984436035,7
70.92850494384766,-3.581789493560791,-0.0073353410366298,-0.0065533105433307,-3.972786903381348,7
62.39533615112305,1.9129128456115725,0.0141373994728335,0.0476270393856398,-2.5323774814605713,7
93.3864288330078,-11.554360389709473,0.0119045841613789,0.0283528086580039,-3.957818508148194,7
104.6032943725586,-15.329197883605955,0.0010041165722368,0.0270373537430993,-11.102330207824709,7
95.9554443359375,5.855525016784668,-0.0262390852072377,-0.0684489199059154,0.4995555579662323,7
110.12893676757812,0.6798425912857056,-0.0153151117532002,-0.0132725496652072,-2.4709632396698,7
49.5936393737793,3.983400821685791,-0.0108497254198285,0.1013433019202723,-2.3675615787506104,7
64.22758483886719,3.873631238937378,0.0006856463769836,-0.000793803302555,1.7625954151153564,7
69.96649932861328,-3.1227164268493652,0.0084563542100361,0.0037732476043043,-2.700535297393799,7
80.62923431396484,-9.359967231750488,0.0266165997951064,0.0292692932592162,-9.890893936157228,7
79.90776824951172,2.2997920513153076,0.0182348159176492,0.0554303364388611,0.3921534717082977,7
94.72069549560548,-8.495123863220215,0.0190429318388885,0.0174580335886047,-4.828516960144043,7
89.62222290039062,-8.475935935974121,-0.0145911414721442,0.0188980737261544,-3.395702362060547,7
94.365478515625,-10.46279525756836,0.0030615465315413,-0.0045945675923769,-10.292510986328123,7
82.33733367919922,-0.7304981350898743,-0.0125272487893665,0.0360190012529393,-0.3884152173995971,7
92.79627990722656,2.8851962089538574,-0.0302466242351411,-0.0984982631966023,0.0132889533415436,7
60.825592041015625,0.9262049198150636,-0.0032645229460787,0.0254377921891717,0.2155903130769729,7
41.318241119384766,-9.367056846618652,0.0052365457261059,-0.0299979252643285,-2.7242777347564697,7
81.9766616821289,-8.072070121765137,0.0102268263732983,0.0002284621253638,-5.495323181152344,7
64.03617095947266,3.3572874069213867,0.0070985573804706,0.0139060072296076,0.1899423748254776,7
77.27129364013672,-0.6719621419906616,0.012821006749831,0.0474288875863894,-0.0616784766316413,7
91.1178970336914,-14.718082427978516,0.0170485079616055,0.0130263306621263,-7.244112491607666,7
95.02316284179688,-6.711004734039307,-0.0043363044619424,-0.0270574672678324,-0.7614805698394775,7
50.571388244628906,-3.0987210273742676,0.0001523577524061,-0.0191899500396253,-2.916534185409546,7
51.520469665527344,2.5973763465881348,-0.0041883825706964,0.0252269393043539,-9.165190696716309,7
95.79218292236328,1.7337764501571655,0.0023969570538733,-0.0247354376210635,-0.4317714869976043,7
43.71672058105469,-4.0689167976379395,0.0049501141304414,0.0080417146913366,-3.5649893283843994,7
84.07012176513672,-4.39237642288208,0.0061884821898861,-0.0256409588793728,-8.126446723937988,7
71.62642669677734,-1.2471250295639038,0.0012886628356974,0.0076615358125975,1.291669845581055,7
104.06317901611328,-2.928879499435425,-0.0076342934632836,-0.0185658297422208,0.0385446697473526,7
92.61326599121094,-3.382423639297486,-0.0067103035022125,-0.0089246144664533,0.8369548320770264,7
51.67702865600586,4.068846225738525,0.0130873122145453,0.0131669696579588,0.2095545828342437,7
86.30364990234375,-6.322554111480713,-0.0058904143372033,-0.0026442453627161,-6.304396152496338,7
94.8482666015625,-8.736391067504883,-0.000562350912657,-0.0047088216507297,-7.594248294830322,7
68.3194580078125,2.887472152709961,-0.0049848765340372,-0.0415442770813027,-2.296793222427368,7
73.10555267333984,-3.0075817108154297,0.0166566050602487,-0.017480834731689,-1.8447682857513428,7
84.78052520751953,-10.718428611755373,0.0081245058485014,-0.0065615456990146,-8.420743942260742,7
53.15753173828125,1.0881996154785156,-0.0075515724056161,-0.0211211201928785,0.8471129536628723,7
77.09097290039062,-2.548801898956299,-0.0033219804884371,0.0022333919708084,-2.764934539794922,7
124.55867767333984,-4.645992755889893,0.0128976880433527,-0.0242925792832188,-2.8703410625457764,7
120.43597412109376,-10.362754821777344,-0.0001903636857013,0.0994891908824929,-8.216911315917969,8
58.99750518798828,0.4853007793426513,0.016331936161726,0.0747085073725371,-0.1838413327932357,8
163.07937622070312,-4.250097274780273,0.0536555810753415,0.1328945640467453,-2.379291534423828,8
107.24359893798828,-0.7678391337394714,-0.0098549933133288,0.0618104068966834,-6.292442321777344,8
157.29971313476562,-5.9014387130737305,-0.0204946250022123,-0.0577857297191538,-5.254188537597656,8
36.28277969360352,-3.568035364151001,-0.0063295650470177,-0.0623630497405342,1.7151169776916504,8
160.4872589111328,-6.502073764801025,-0.0301475328944942,-0.0227975136459346,-5.435566425323486,8
150.11639404296875,1.324703812599182,-0.0103489034082576,-0.1770687496315817,0.0879676640033721,8
136.189453125,-2.7987618446350098,0.0254146681474537,0.0556510441337225,-0.5604940056800842,8
74.18070983886719,2.4379730224609375,0.0317735827747868,0.016123402551871,-4.732701301574707,8
132.7867889404297,-1.395025610923767,0.0010902192557624,-0.0207599502356987,-5.424647808074951,8
180.3300323486328,-13.42215633392334,0.0995190482531435,0.1703934492637835,-7.603932380676269,8
120.5121078491211,-8.732939720153809,0.0255668541082149,0.1910485960564832,-9.221928596496582,8
76.64636993408203,0.387550950050354,0.0227238705871548,-0.1239667057925418,2.840625047683716,8
102.98625183105467,-8.880280494689941,0.0389951715757318,0.1818369990532516,-4.493553161621094,8
134.7767791748047,-0.1785104423761367,0.0373998586505986,0.0275374230786694,-2.407445192337036,8
127.31084442138672,-1.599286675453186,0.0204750539052325,0.1866882670673099,-3.5309863090515137,8
105.07096099853516,-1.5657426118850708,-0.0336580935560308,-0.0170882618596826,-3.8538098335266113,8
135.68374633789062,-8.193245887756348,0.0220849161531463,-0.0304380436813835,-2.995734691619873,8
138.86660766601562,0.5013676881790161,0.0174338362707132,0.3557311658042891,-3.86833930015564,8
95.7664794921875,1.994780421257019,0.0496903006314035,0.1254037476913008,1.356539249420166,8
77.66020202636719,-5.336726188659668,-0.0024235726089317,-0.0631817462429888,-2.0074853897094727,8
84.11575317382812,0.5401414632797241,0.0187138059491506,-0.0248645553907864,-4.316277503967285,8
159.7994842529297,-7.380751609802246,0.006393468145576,-0.0330015807204877,-3.3913934230804443,8
106.98420715332033,-6.645411014556885,0.0133013850173039,-0.0835326246544817,-5.697497367858887,8
124.63389587402344,-3.4583303928375244,0.040853465972382,-0.1460693976269185,-4.93432092666626,8
64.90751647949219,3.660606622695923,-0.030801898230533,-0.054842376570526,0.6502081155776978,8
123.44315338134766,-6.143531799316406,-0.0084398889788616,0.3559526761423461,-9.920733451843262,8
125.57696533203124,-3.661441802978515,-0.0032720716801596,0.1281097276198281,-8.011832237243652,8
109.18757629394533,-10.04982852935791,0.0118302784316183,0.0330324355916242,-15.087502479553224,8
78.9800033569336,-4.817747592926025,-0.0125876492044178,-0.1661449565564921,-5.038257598876953,8
110.67462158203124,-6.486424922943115,-0.0140738914441203,0.3302189829520192,-3.749762773513794,8
131.92442321777344,-13.94133186340332,-0.0145045155634822,-0.1023601276466038,-5.0283122062683105,8
107.6103515625,-10.130846977233888,0.0227997318264579,-0.0542681085669883,-7.649307727813721,8
103.49356842041016,0.7289897203445435,-0.0107028831857741,0.0279994186768841,-10.05697250366211,8
137.33297729492188,-5.340976238250732,0.0116212203135834,-0.0128402547118919,-1.5689759254455566,8
71.15686798095703,-1.1092839241027832,0.0024151295600071,0.0866881785304129,-3.349163293838501,8
121.52003479003906,-12.549705505371094,-0.0520617458766521,-0.0437966228923295,-9.15574073791504,8
115.85130310058594,-9.953225135803224,-0.0053175922752778,-0.1318983029577438,-7.821986198425293,8
118.4951629638672,-2.988393783569336,0.0082339261449721,-0.035664500080067,-6.075713157653809,8
97.7332992553711,-1.662581205368042,0.0177287895556443,-0.2819217391193664,-2.823885440826416,8
114.2574462890625,-0.1242566704750061,-0.0126127633504326,-0.0688715333972991,-9.42152500152588,8
132.4709014892578,-10.93470859527588,-0.0061723632736721,-0.2266759606926897,-6.292038917541504,8
111.6190414428711,-12.458792686462402,0.0133113638367992,0.0475175589122237,-8.516321182250977,8
117.90447235107422,-12.365842819213867,0.0566254476994738,0.0475537962393405,-6.628704071044922,8
139.62176513671875,-6.469420909881592,-0.0072700680367015,0.1544790926953358,-12.046905517578123,8
136.4242706298828,-6.49644136428833,0.0747648558425371,0.1495345561062802,-2.0384974479675293,8
97.73859405517578,-6.158287525177002,-0.0993493435281256,-0.1841821325932488,-5.355295658111572,8
167.0304718017578,-6.7398529052734375,-0.0459909987889853,0.0161336451418325,-8.242395401000977,8
100.96957397460938,-15.003451347351074,0.0249134575970615,-0.02144524852269,-10.2805814743042,8
79.22588348388672,-6.812808513641357,0.0128555665399768,-0.0858713079943447,-1.7821593284606934,8
123.92110443115234,-4.59874153137207,0.0637997748676109,0.1450646253179419,-1.1944947242736816,8
85.44992065429688,2.135674476623535,0.0088563242653583,0.0128720814198383,-0.3090057373046875,8
152.95570373535156,-10.694908142089844,0.0505072640849692,0.1862301315805774,-6.701207160949707,8
151.79347229003906,1.9712703227996824,0.0260306750421057,0.0523183434719726,3.35217809677124,8
108.20328521728516,-10.708484649658203,0.041944846635083,0.074520212583251,-4.96590518951416,8
115.71355438232422,-8.883325576782227,-0.0229781857188649,0.1725027100209833,-11.48809051513672,8
62.44026565551758,-1.2259914875030518,0.0172524834787457,-0.0141165012688979,0.9304636716842652,8
104.12419891357422,2.1481220722198486,0.0722064736940871,0.2582597211279477,2.6780660152435303,8
130.1080322265625,-6.095906734466553,0.0656651826748498,0.4410105320380957,-5.1550679206848145,8
117.20726776123048,-10.30495834350586,0.0400170654270574,0.0171301852045801,-6.6386613845825195,8
141.28717041015625,-5.069251537322998,-0.019863918251117,-0.2693192708274502,-0.5595954656600952,8
117.57579040527344,-6.837034702301025,0.011513928749742,-0.0787965766770209,-5.3098554611206055,8
167.10169982910156,-7.968837738037109,0.020107111099214,0.0700742249709789,-4.9921979904174805,8
111.75399017333984,-2.13934588432312,-0.0051693151889738,0.0372968763277502,-8.265981674194336,8
119.89014434814452,2.456137418746948,-0.0158379753545939,-0.2459662344279772,-1.604826807975769,8
128.37342834472656,-11.4920015335083,0.0266056673405339,0.262022748042657,-10.617552757263184,8
95.35442352294922,0.6114372611045837,0.016883554926003,0.1046631480114122,-7.45424222946167,8
126.86573028564452,-1.921047568321228,0.0368152528962168,0.3564970750433767,-2.6670923233032227,8
62.72463607788086,0.737371563911438,-0.0029355172802634,-0.0848469430512684,0.846287727355957,8
121.87437438964844,-6.009820938110352,0.0467185646540444,0.1125127489413941,-9.286382675170898,8
85.3385238647461,-3.760347604751587,0.0146475076365845,-0.003403688970495,-2.8900797367095947,8
61.14640045166016,1.6276602745056152,0.0145611228943668,0.0518737132020603,2.6078076362609863,8
124.7550277709961,-10.082475662231444,0.092418737864226,0.1262429946118894,-5.485204696655273,8
119.69184112548828,-6.041271686553955,0.0433147104499623,0.0293121782615262,-4.698356628417969,8
130.93798828125,-12.249361038208008,0.0829916990170873,0.2002394332825062,-4.5457963943481445,8
163.07423400878906,-8.753830909729004,-0.0051197655773435,-0.2493732517772645,-4.2194414138793945,8
83.66914367675781,-3.02561616897583,0.0038862420380002,-0.0053936276260456,-5.044225692749023,8
124.20770263671876,-9.04707145690918,0.0704813916516902,0.1432177148006337,-3.191930770874023,8
70.2558822631836,-3.3720123767852783,-0.0259585974091115,-0.1183429936057163,-0.1877414137125015,8
121.9170913696289,-6.209474563598633,0.0255898942891794,-0.2287588919823425,-8.694303512573242,8
82.2491455078125,0.5497474074363708,0.0444762756811665,-0.0017384907675948,-1.7450072765350342,8
106.4964828491211,-1.3531575202941897,0.0630220144696547,0.1066449554149615,-1.6266911029815674,8
111.4904327392578,-10.55429458618164,0.0039830420661767,0.0786665486393767,-8.303682327270508,8
109.14046478271484,-4.984466552734375,0.0742632813634616,0.1557166802255079,-0.6854684352874756,8
105.4795379638672,-12.20942211151123,0.0294091241721842,-0.0270483847332319,-12.192259788513184,8
122.5311279296875,-8.709853172302246,-0.0074611966047975,-0.1082746488586843,-4.623980522155762,8
62.9504280090332,-0.9842739105224608,0.0137800413665096,-0.0735999771041774,-0.6624487638473511,8
128.2529296875,-7.227562427520752,0.0366673482404277,0.0309128933294759,-1.575497269630432,8
135.86915588378906,-9.085711479187012,0.0559109499443081,0.061717076004161,-6.856297969818115,8
96.71365356445312,-11.347793579101562,0.0256147827663241,0.0047229393023529,-7.856571674346924,8
101.34968566894533,-13.195822715759276,0.0326810782929562,0.0702627084141536,-8.87757396697998,8
155.27069091796875,-16.80467987060547,0.0081448515602475,-0.0756369767340027,-8.363046646118164,8
74.76473236083984,-6.012322425842285,-0.0200337209501363,0.1758717217679616,-4.793654918670654,8
72.49064636230469,-5.056865215301514,-0.0031919794105343,-0.0497618258851609,-3.581162691116333,8
71.25141906738281,-0.1602424383163452,0.0030596281175885,-0.0176204978893139,-0.2735988795757293,8
106.26459503173828,-9.98207187652588,-0.0320871517676396,-0.1035380228884976,-8.807147979736328,8
140.98951721191406,-2.349137544631958,0.0309709992676642,-0.1340965212414966,-5.000909328460693,8
128.79107666015625,-6.4156575202941895,0.0755592908538007,0.1934005885400575,-2.8918988704681396,8
123.24600982666016,-8.650754928588867,-0.008752558062566,-0.2144101302418518,-5.713549613952637,8
82.98355865478516,-0.2158540338277816,0.0090653247123456,0.0280218037822838,-1.575684905052185,9
115.67262268066406,-4.24977970123291,-0.0142281079326404,0.030460436436223,-4.403314590454102,9
84.63629150390625,4.209762096405029,0.1001877030463472,0.199534516219963,0.8379011154174805,9
137.58981323242188,-6.99372673034668,0.0302927537130074,-0.1337733762612128,-2.0183143615722656,9
180.59884643554688,-3.620267391204834,0.0454019593528512,0.0806593816131924,-1.3550660610198977,9
174.3891143798828,-2.635246992111206,0.0399259409394962,0.1138192463465036,-2.3152074813842773,9
137.953857421875,-6.737069606781006,0.0603376881717872,0.1070190401706738,-2.6338350772857666,9
49.62830352783203,-1.4627907276153564,0.014872129066176,0.0330494440825607,-1.8263931274414065,9
119.15719604492188,1.6660525798797607,0.0197144985692697,0.0420171736605491,1.346881866455078,9
170.41561889648438,-3.1522161960601807,0.0399268169957059,0.1138216863778911,-3.307896614074707,9
138.53469848632812,3.936522245407105,-0.013279768350199,0.0184736127358303,-0.434345006942749,9
137.90313720703125,-1.8463441133499143,0.0339692657169868,0.0780659294030779,-2.5792698860168457,9
118.19465637207033,-5.499568939208984,0.0089372230126313,0.0604777598731691,-2.1968441009521484,9
144.7672882080078,2.5636391639709473,-0.000798122916766,-0.0365732203312346,-2.3174848556518555,9
95.78777313232422,-5.078868865966797,-0.0080813315659584,0.0908619953584718,3.634212732315063,9
22.76495361328125,1.1047308444976809,0.0488274928480664,0.0947576052552284,2.328237771987915,9
63.23094177246094,0.9477779865264891,0.0265892397027,0.1392370081687603,-7.776580810546875,9
105.84962463378906,-1.864648699760437,0.0085386390767998,0.0122537643100752,0.2264455109834671,9
162.64056396484375,-3.1007139682769775,0.0507626311654189,0.170665790333808,-1.593220591545105,9
135.02337646484375,-4.579705715179443,0.0204008765306059,0.1268934104312918,-6.100090980529785,9
77.32103729248047,-0.9225682020187378,0.0181303356789427,0.0701780462323997,-6.047008991241455,9
146.973876953125,-1.9355480670928955,-0.0040250119793987,0.0445442842515698,-4.404170989990234,9
182.52735900878903,-2.895197868347168,0.0454059848733742,0.0806680626826866,-0.5418840050697327,9
125.9927749633789,-5.124674320220947,0.0191511932029274,0.0648616240883924,-4.779719829559326,9
118.27752685546876,-5.270100116729736,0.0092720606349773,0.0332132981939612,2.838571548461914,9
89.82105255126953,9.35951805114746,0.010263592427877,0.0551299435215405,3.774971485137939,9
79.08023834228516,1.8223751783370972,0.0442724872282602,0.0771391380555475,-6.004061222076416,9
108.3123550415039,-8.255825996398926,0.0002674032375306,-0.0018203367673662,-8.687973022460938,9
113.19280242919922,-7.286330699920654,0.0312995124913946,0.118000243888204,-4.163884162902832,9
147.7592315673828,-6.859157562255859,0.0057367257934534,0.0319139601931693,-1.1783726215362549,9
129.51292419433594,-1.3529068231582642,-0.0152506894067464,0.0815574204430068,-0.1978417038917541,9
115.9436264038086,-7.2494072914123535,-0.0028908576536273,0.0139723928935361,-4.400884628295898,9
100.93507385253906,-1.419828176498413,0.0271092189766099,0.1069847216362177,-0.6783642768859863,9
120.21053314208984,-0.2852336764335632,-0.0145394793592523,0.0181053444513525,0.7054942846298218,9
121.75302124023438,-3.886058807373047,-0.0270354023628316,-0.0348823084341349,0.2633180320262909,9
168.015380859375,-0.2856672704219818,0.0151354560414588,0.1308930628674292,3.2056052684783936,9
117.24072265625,-6.717840671539307,0.0184689842572118,0.0363313825610455,-8.082754135131836,9
56.63118743896485,0.9215272665023804,0.0051671870066469,-0.0323578144845299,2.9164445400238037,9
75.89430236816406,-7.863234519958496,0.0012488176196434,0.0097073041922623,-5.972561359405518,9
155.8455810546875,1.1614974737167358,0.0151346041171256,0.1308888191452754,3.479846477508545,9
102.87129974365234,-7.827207565307617,0.0162595024194062,0.0143296805872451,-3.4354400634765625,9
80.96839904785156,7.335001945495605,-0.0013097120047892,0.0465119511122679,-1.218231201171875,9
112.72010040283205,-2.7004828453063965,0.0338990423210517,0.1214576547935453,0.8454219102859497,9
90.67423248291016,13.061074256896973,0.0218689436146623,0.0865511641156666,-0.7235392332077026,9
134.4188995361328,-5.053428649902344,0.0113876867829766,0.0932631625351242,-5.013869762420654,9
114.697998046875,-3.727062702178955,0.0228084583531892,0.1353030704968735,-0.8353756070137024,9
87.27494812011719,-8.228104591369629,-0.0004811508094619,0.0591929592772839,-6.421834945678711,9
105.56804656982422,-5.1966657638549805,0.0408049907743573,0.0705852562138935,-3.8585917949676514,9
124.33756256103516,-12.025344848632812,0.0017876849933571,0.0388097401309232,-9.862466812133787,9
92.01376342773438,-4.718692779541016,0.0252798379089316,0.0566586352724744,-3.2932932376861572,9
65.98094940185547,3.836848020553589,0.0028108800252224,-0.1095265544752155,5.6962127685546875,9
108.44884490966795,-12.027532577514648,0.0153052683554117,0.0265572005986107,-6.360835552215576,9
146.82420349121094,3.119004964828491,-0.0019692947783534,-0.0311318711848996,-1.5282728672027588,9
138.5618896484375,-9.978246688842772,0.0102382479835972,0.0654988199851092,-3.862195491790771,9
70.87621307373047,-0.695600688457489,0.0326267862240527,0.0837289814114612,-6.471280097961426,9
93.83140563964844,-5.49476957321167,-0.0216981680498603,-0.0298779376605461,-14.406502723693848,9
172.36175537109375,-7.948270797729492,-0.0114140145544821,-0.1017536497013003,-8.082697868347168,9
144.0196075439453,-5.302704334259033,-0.0201480290274763,0.1279716039744936,-4.785585880279541,9
117.4374542236328,-11.235281944274902,0.0233586510866894,0.0444984971718163,-5.142642498016357,9
129.04580688476562,-1.1756658554077148,0.0122383108174388,-0.0125616635810694,-2.7165393829345703,9
175.33953857421875,-7.65619707107544,-0.0412537054693636,0.054399504970588,-8.174172401428223,9
110.75529479980467,-4.926243305206299,0.0089375480991032,0.0604769511697253,-2.6677045822143555,9
131.70680236816406,-2.284693479537964,0.061435641847631,0.0793848178094423,-3.267308473587036,9
144.3210906982422,-7.960700511932373,0.0057353847665711,0.0319168024691707,-2.7411131858825684,9
152.82791137695312,-6.24993896484375,-0.0191304224475003,0.1304717986908127,-4.563965320587158,9
104.82760620117188,-1.4534108638763428,-0.0373905689687005,0.0213029499663423,1.238340973854065,9
64.53717803955078,-0.7627094388008118,0.0182793908480979,0.0669772806109111,-4.155646324157715,9
61.93402099609375,0.518192708492279,0.0284575776083949,0.0736257241575433,2.6016335487365723,9
111.66873168945312,-11.800857543945312,0.025279333771727,0.0566580738509271,-7.979044437408447,9
122.693359375,-7.303146839141846,0.0171666823251027,0.0774732981646317,-6.306648254394531,9
105.63394165039062,0.4207110404968261,0.007548280062284,0.1113795740017327,1.7055952548980713,9
121.93075561523438,-8.614856719970703,0.0088641793567997,0.0017998394068129,-6.9723992347717285,9
85.0483169555664,-0.7855247259140015,0.0051626052131692,0.0325187716160707,-3.394731044769287,9
125.9637222290039,-3.99531888961792,0.0060820755780602,0.100069420211107,0.357962965965271,9
142.74026489257812,-3.9477925300598145,-0.0250421210337533,-0.0385458175700053,-6.673649787902832,9
123.19316864013672,-7.837250232696533,0.0072052026892679,-0.0271565544249872,-0.5511161088943481,9
109.2877960205078,-11.655336380004885,0.0060222803153748,0.0198408308782743,-9.114691734313965,9
63.09341049194336,1.5482017993927002,0.0459248536524777,0.1160051355086588,-5.307618618011475,9
112.07627868652344,-4.329582214355469,0.0004721098811012,0.0289681242698404,0.7084852457046509,9
56.985897064208984,1.6794041395187378,0.0136724005207769,0.0189157475786049,2.0522193908691406,9
60.76390838623047,0.8900209665298462,-0.0117091456320774,0.0694410554329289,7.252861022949219,9
139.5357666015625,4.457130432128906,-0.0132813348214714,0.018473717741939,0.1019958332180976,9
108.28004455566406,-7.226263523101807,-0.0074132723537925,0.0008246977815081,-7.112589359283447,9
65.09797668457031,0.5928096175193787,-0.0163123947954117,-0.0228064792769233,-1.761865258216858,9
137.69984436035156,8.302555084228516,-0.0296255316984909,0.0703797752190054,0.3228936195373535,9
105.9135284423828,-5.996860504150391,-0.0026486450151092,0.0207646379021194,-5.723662376403809,9
147.60040283203125,1.476261854171753,-0.0043483654028939,0.0825893675073347,-0.2829897105693817,9
145.7447052001953,0.8476409316062927,-0.0043472812796681,0.0825867523630526,-1.034877896308899,9
98.6123504638672,4.641810894012451,-0.0105701484566926,-0.0387224578192835,-5.495871067047119,9
67.55174255371094,1.5900073051452637,-0.0132634630750166,0.0300021062842811,0.0589403249323368,9
193.074462890625,-4.969515800476074,-0.0156622101586689,-0.14832931554402,-4.474768161773682,9
82.66671752929688,0.8051053881645203,0.0340758959403309,0.051296303438104,0.556219756603241,9
100.83246612548828,-6.879345893859863,0.0356691950329289,0.0842648167120141,-5.812427520751953,9
122.2946319580078,-4.525175094604492,0.0314499463763598,0.1420569347390075,-5.166901588439941,9
140.6879119873047,-2.8457658290863037,-0.0152515506887234,0.0815585553582763,-0.3087263107299804,9
108.99053955078124,-3.433858871459961,0.0152783778024686,0.0292557687978786,-8.85046672821045,9
110.6782455444336,0.5389926433563232,0.0789861333816123,0.109307634530154,-4.806392669677734,9
61.607948303222656,-2.899613380432129,-0.0060587968329109,0.042991442453713,-1.33882737159729,9
141.81704711914062,-9.349154472351074,0.0102306289930753,0.065497637349569,-2.871112108230591,9
112.63075256347656,-6.878431797027588,0.0166771354701191,0.0531255496164936,-4.784162998199463,9
