rmse,chroma_allPitches,tonnetz_allDims,spectral_centroid,genre
0.21566187,0.4335403,0.0295553565547084,3151.406048473924,0
0.19603845,0.38697228,0.0271649452329079,3206.647958650542,0
0.25978214,0.42355037,-0.016265835996128,3669.8104669349937,0
0.21573293,0.43340746,0.0288671995230909,3151.3426231432663,0
0.14656842,0.38881102,-0.0244701840275199,3488.8979434426483,0
0.093941845,0.37445438,0.0783651508008102,2125.3878140504357,0
0.32924145,0.51852125,-0.0007522699761075,3672.8534760255566,0
0.12607248,0.3166634,0.0265873647943904,1826.4363763192464,0
0.09786053,0.42676923,-0.0125751552494191,4225.461048803119,0
0.19402906,0.35319173,0.0583458047976295,3603.8169001578863,0
0.16415471,0.38583064,0.0135756317770379,2679.229420480153,0
0.25418848,0.47351146,-0.0246684254165094,2702.9067309440616,0
0.17923316,0.40905848,0.0137440950087513,3263.258088175465,0
0.23100165,0.44521752,-0.0003428761325594,4036.598130091535,0
0.19562605,0.33496165,0.0473606233987279,2525.591958741718,0
0.25651452,0.39462185,0.0187716031394099,2944.4147300745813,0
0.19133395,0.44719937,0.0185502873315161,3889.142797928619,0
0.1985883,0.3329856,-0.0326596727386137,2806.8735131504363,0
0.17207895,0.27737978,0.012704851659614,2638.9450717614895,0
0.21508695,0.41781053,0.0014660953132982,3214.0196781876043,0
0.17301951,0.3561689,0.0353374989578914,2150.0303330246825,0
0.22344695,0.3795776,-0.0149324634164196,3001.399838354504,0
0.19529577,0.4438905,0.0365513052867803,2516.390402631999,0
0.24525866,0.47552854,-0.0370909092708526,3543.32110100659,0
0.15790229,0.37761196,0.004931274058988,2682.2841411936142,0
0.24084239,0.45196876,0.0226198343014842,3237.8331640737974,0
0.24325845,0.3543642,0.0039805073718258,2844.938006939507,0
0.30359313,0.36581385,0.0254314729664985,3047.49275477347,0
0.32138827,0.5228801,-0.000488936374039,3663.396966791055,0
0.12934098,0.40990362,0.0612983323030797,1837.4928261899656,0
0.09214439,0.3699757,0.0251164221939255,2246.5077749351376,0
0.21067925,0.39335328,0.0225792038766923,3758.780588956461,0
0.23431744,0.48068455,-0.0094357333901021,2568.4472433296255,0
0.20334217,0.41511118,-0.0016223648020912,2838.512094103497,0
0.14306945,0.43535957,-0.0472704668400894,2789.3877173532187,0
0.08430226,0.25170586,-0.0131558537831767,1967.744331977565,0
0.24992587,0.47322983,0.0016378313593753,3682.741434796903,0
0.39773378,0.32983235,0.002308213779515,2467.9251574059203,0
0.13989581,0.4230361,0.0319706320682483,2835.1193750729913,0
0.26519835,0.42457318,-0.0204966008653634,3694.9173919656873,0
0.19454771,0.3494472,0.0113296104352493,2945.9657787254996,0
0.037541915,0.35192028,-0.0126386398299871,1995.186312712328,0
0.21548757,0.49693635,0.0041577963150309,2327.3042886281555,0
0.22168663,0.40066114,-0.0066604345734245,3267.7669115148387,0
0.20743433,0.4100085,0.0031352904897369,3433.985232759774,0
0.14742191,0.32277596,-0.0742499926837184,1988.190130588844,0
0.25176802,0.47559872,0.0015742776138884,3728.389159013531,0
0.19541577,0.40371543,-0.0298880564846794,2884.916266089355,0
0.21086526,0.37659606,0.0212726957842672,3131.3254321239874,0
0.15650387,0.46497998,0.0199583902310088,4052.736284531415,0
0.16735059,0.3399333,-0.0265013604382491,2939.0735056773756,0
0.15963759,0.454658,-0.0098367876995508,3279.531912828242,0
0.23409334,0.35469094,-0.0293910428095656,2988.487255730714,0
0.22339483,0.45499542,-0.0011025994921318,3123.1590150815546,0
0.245588,0.40741667,-0.0147745318008964,3262.988838704247,0
0.27967092,0.3840544,0.0220926878454827,3934.676108722786,0
0.23481187,0.43138164,-0.0088155105612531,3510.5451859317413,0
0.21295623,0.3991621,0.029414428762398,3633.161730198139,0
0.22049896,0.4370141,-0.0097126085712043,3400.226425903773,0
0.13809818,0.3604772,-0.0031068601939814,2765.1075887034285,0
0.08331509,0.28234515,-0.0090815055303033,2053.421991406216,0
0.18395777,0.378008,0.0009385927749496,1900.3844542030547,0
0.20741427,0.41110682,-0.010129469876652,3301.0929851622573,0
0.18559822,0.40934092,-0.0160899895594048,3644.718270129949,0
0.13245592,0.3876648,0.0131778149945745,3593.770316589631,0
0.25110945,0.33992353,-0.0078218886741356,3126.5703488042013,0
0.13344808,0.3459126,0.0029421998535065,2519.345523615794,0
0.18751961,0.3409636,0.0168934614225671,3141.5753946328723,0
0.18578337,0.3896536,0.0198605300790711,3422.0718638850176,0
0.21315025,0.44702187,0.0054656660551302,4157.9880015154895,0
0.19133395,0.44719937,0.0185502873315161,3889.142797928619,0
0.24800573,0.41232684,0.0115073680655271,3486.442168970654,0
0.20792219,0.46200803,-0.0034758837476672,3169.1342473591576,0
0.078025505,0.4259999,0.0078569813040164,1997.915262326416,0
0.2022344,0.4128149,-0.0018958885293909,2843.350642092025,0
0.24072388,0.43306988,-0.0063655926555187,3941.4176965620686,0
0.21107702,0.38440335,0.0174806581217567,2753.2347229442976,0
0.22702415,0.48741004,0.004739917232348,3270.0808829467123,0
0.20309304,0.3576304,-0.036894178395175,3070.67274061992,0
0.22074887,0.455698,0.0177854116905343,2949.6800642835224,0
0.16773868,0.43733516,0.0105378598315538,3142.6674701457778,0
0.19351788,0.5045263,0.0168557532354687,3501.766517900576,0
0.14295633,0.2981575,-0.0119466807653591,2489.4473576233404,0
0.1960698,0.38674167,0.0270819947625097,3207.6174705599383,0
0.22269987,0.4561922,0.0148884895688501,3145.363681067722,0
0.27340764,0.39028412,0.0471312951372305,3497.7204060983595,0
0.13958415,0.32321796,-0.0439712206209088,2290.140212581673,0
0.24572903,0.41551125,0.0240460136970892,3259.3511186288288,0
0.1983218,0.36610875,-0.0374581834671237,3110.898195801066,0
0.27340764,0.39028412,0.0471312951372305,3497.7204060983595,0
0.1992373,0.29227325,0.0089765258980069,1962.1017412302308,0
0.055756837,0.22564939,0.0581986803835862,2200.3688931671986,0
0.18959826,0.3302879,0.0307353061007522,2927.989977321795,0
0.21034999,0.3493944,0.0110241065993054,3420.3620778653058,0
0.19086911,0.35240334,0.0576517113014858,3588.149314447026,0
0.20420928,0.46714666,0.0240643363921418,3508.793497823872,0
0.16904928,0.34642994,0.0028319680647588,3647.914741035446,0
0.28242227,0.41194078,-0.0130070104572537,3194.0815509402264,0
0.26224416,0.41301465,0.0070753868586624,3702.062803250321,0
0.20830256,0.41398928,-0.0076823533257107,3046.5237482673297,0
0.26595938,0.45603952,-0.0277066369133811,1443.8328604648948,1
0.17008242,0.51625395,0.0109870373277845,2375.371970892923,1
0.13327341,0.42156887,0.0166216206972162,1988.333597965314,1
0.13896145,0.51048833,-0.0049486279000785,2241.159282890759,1
0.110896595,0.4850753,0.0108873569323085,2986.8439276969357,1
0.095366985,0.46976364,0.0148376605103128,2760.046329528715,1
0.048833318,0.414817,-0.0015872955234015,2743.0733398472703,1
0.10841584,0.5255933,0.0235761859497768,3046.637596378214,1
0.2085754,0.4573868,0.0127547646109839,2340.9255024734985,1
0.091984704,0.44442058,0.017925106677633,2644.877602637342,1
0.22039165,0.4463737,-0.0092701295708914,2566.9185833118963,1
0.1257114,0.5404295,0.0095293466124722,2315.27615408729,1
0.20701888,0.5103692,-0.0063882556674134,3113.77313485836,1
0.12173561,0.42260757,0.0167554270758245,2464.5835107062226,1
0.10041095,0.46558455,0.0179878543221399,2384.634958342486,1
0.0408314,0.48359475,-0.0294652088626287,2725.3111026962947,1
0.2671389,0.5166268,-0.0077986972827027,3338.5301945366296,1
0.10457902,0.50919664,0.0044809224387899,2710.685063541092,1
0.23059022,0.51100653,-0.0024625011132744,2699.8589073701396,1
0.09723436,0.47688589,-0.0215114793234113,2922.91881169065,1
0.24894612,0.50232613,0.0131222430237254,2986.8104434412003,1
0.18602574,0.4918601,0.0170685631469546,1983.7751572892869,1
0.09044641,0.43828744,-0.019077149897594,2683.232916635994,1
0.27069268,0.50150317,-0.0329193805347421,2836.990868740129,1
0.23133783,0.47872916,0.0281007700211152,2410.8778427695156,1
0.24464075,0.44850183,-0.0232699732442625,2068.483410168344,1
0.08825739,0.434491,0.0177527268532772,2629.8501442867814,1
0.09754965,0.457042,0.0177296458979795,2269.161870673109,1
0.11807427,0.54192996,-0.0018147509144705,3048.922049964459,1
0.11605348,0.4877041,0.0190046277714921,3274.5023368834463,1
0.22616892,0.5167162,0.011091547184115,3400.8644228984567,1
0.18817005,0.51835114,0.0028261315526231,2493.507012837058,1
0.095366985,0.46976364,0.0148376605103128,2760.046329528715,1
0.09046083,0.40696466,0.0274513523330911,2707.018738133517,1
0.07754347,0.5526555,0.0199516411168828,2877.5418765981062,1
0.08802084,0.4303723,0.0150624939055785,2390.325070408216,1
0.1152983,0.48007512,-0.0079022100917672,2807.8057560020857,1
0.11726673,0.49600765,-0.0065814624181053,2657.9674957848256,1
0.13156159,0.51327485,-0.0070416224619866,2378.492400270937,1
0.16623126,0.341978,0.0130720762831658,2090.193244283478,1
0.23018019,0.4624382,0.014409767732486,1525.8197249230873,1
0.10457902,0.50919664,0.0044809224387899,2710.685063541092,1
0.23246978,0.49924913,0.0036390377331051,3108.5217638962927,1
0.063436955,0.6347416,0.0063238637786512,3403.0762706924875,1
0.1518885,0.4411458,-0.0055523773682927,2647.101020684193,1
0.09689618,0.4959846,0.0139185882921679,2792.6082418841806,1
0.16501737,0.47494635,-0.0130674909144341,2398.182090054064,1
0.0862796,0.63626,0.0052821302409054,3047.6177641277013,1
0.09362838,0.43670553,0.0055952044135235,2464.2908930549056,1
0.23981513,0.5338698,-0.0026070531459355,2716.919668486916,1
0.15011945,0.4876579,0.0092099311071003,2752.29322058845,1
0.11196359,0.39589715,-0.0202239302860737,2292.5497865813372,1
0.08802084,0.4303723,0.0150624939055785,2390.325070408216,1
0.18539381,0.5292955,-0.0195485017237333,2446.2488617390654,1
0.21236151,0.48238945,-0.0104993977454046,2795.3269855888425,1
0.11373729,0.5811618,-0.0061245681293134,2656.9415563624257,1
0.19033647,0.5176882,-0.0423065345676417,2138.1443459471443,1
0.19521451,0.52733916,0.0173706987298826,2575.345360544757,1
0.19426143,0.4454406,0.0046943924938755,2339.89274639479,1
0.09754965,0.457042,0.0177296458979795,2269.161870673109,1
0.25668892,0.48044285,0.0124068692425535,2030.4879162777115,1
0.11595993,0.3801425,-0.0176071282710828,2323.6018759133176,1
0.06945514,0.5814756,0.0012831898268945,2939.5934644365843,1
0.24282901,0.46352425,0.0024046153081636,3010.9224253805887,1
0.21747482,0.43116534,0.0020132223762807,2908.3001308408593,1
0.26962695,0.5018879,-0.0078272944444984,2743.5018978296407,1
0.13984975,0.4970836,-0.0057793824825106,2847.682766447227,1
0.19874765,0.36999747,0.0078672502774325,2218.8259040519374,1
0.2933532,0.4300779,-0.0166027136019589,2642.092457179371,1
0.09362838,0.43670553,0.0055952044135235,2464.2908930549056,1
0.13645852,0.43657225,0.0181592453154851,2502.977403720681,1
0.14654946,0.42690107,-0.0011749492525817,2141.5802033326468,1
0.050436046,0.43394193,-0.0341149097035137,3237.024467978614,1
0.20710796,0.4874927,-0.0001206441265049,2718.6937185858947,1
0.22971004,0.48059052,0.0128695828427544,2522.124744059678,1
0.14906156,0.44089392,-0.0033013593336681,2740.919149183462,1
0.13815899,0.48464173,0.0129536604068399,2870.9151562792304,1
0.11425508,0.6050157,0.0227153543905164,2803.0748358615183,1
0.09044641,0.43828744,-0.019077149897594,2683.232916635994,1
0.22736318,0.492861,0.0117410835220085,2906.627286728838,1
0.13272823,0.43276274,-0.0065833773065183,2198.9192295458615,1
0.112159654,0.51907456,-3.329010350923622e-05,2685.6780925496114,1
0.13622084,0.46924326,0.0053008572894226,2254.6069856925624,1
0.09046083,0.40696466,0.0274513523330911,2707.018738133517,1
0.10085118,0.55526906,-0.0092121993734549,2699.3192596934564,1
0.22439936,0.47703022,-0.0255622182068956,2889.07023001062,1
0.18441163,0.46147576,0.0161326210000676,2459.520891795054,1
0.3126573,0.52700156,-0.0133768359237375,2250.828321006332,1
0.08897911,0.44101474,0.0015741559638129,2954.987188654445,1
0.2694679,0.5336742,-0.0057546345771781,2814.947126355226,1
0.09829889,0.4630395,0.0154169964295881,2302.533109130836,1
0.15425298,0.379388,-0.0016600363821073,2098.946281363983,1
0.14405736,0.4810774,-0.0084361975345068,2789.4336298009557,1
0.12733027,0.47254705,0.0097731345596149,2710.4946368936166,1
0.17353307,0.45418456,0.0072790102754391,1740.9312225543883,1
0.14582604,0.47078964,0.0059454190284632,2690.7078058435836,1
0.11836017,0.5555623,-0.0211998908835869,2291.710323181889,1
0.21749426,0.52444166,0.0151157305634181,2980.036506224992,1
0.18228553,0.4675233,0.010571815223519,2442.504289552591,1
0.058365826,0.4666515,0.0275115632650903,2966.002257457456,1
0.14753455,0.38404918,-0.0061593844989241,3075.0244879299935,2
0.06821812,0.33193442,0.0035985349970423,2218.8916636421804,2
0.10675535,0.41615787,-0.0406971938206856,2956.07911228871,2
0.12429802,0.34106073,0.0368569698563389,2328.094174657868,2
0.1469729,0.44504824,0.0005907332715427,2117.600893757939,2
0.11226138,0.4097578,0.0060581179235216,2617.495747048304,2
0.122181386,0.41731998,-0.0018462759176646,2218.0998254897745,2
0.11894341,0.44217622,0.0105659341051457,3016.965496147904,2
0.1387322,0.37013212,0.0031705231527172,3043.112394267485,2
0.20944752,0.42124674,-0.0076322510392651,2396.988699372925,2
0.116905145,0.40379235,-0.0016794603009116,2280.0273194555784,2
0.19048811,0.45429057,-0.0114630672920579,2801.719944013176,2
0.17249633,0.4831137,0.0104261508438529,3715.186361332581,2
0.08474546,0.4529953,-0.0053836750511741,2292.343238788746,2
0.11154942,0.38936836,0.0200955257682251,1931.040685971338,2
0.11308772,0.37060228,0.0082385401577363,3353.4041593917245,2
0.07869997,0.35849315,0.0179678833976466,2292.7794271099783,2
0.17817323,0.43539393,0.0051234319935932,3167.5553240363656,2
0.08449229,0.43429318,-0.0013853631303698,2902.908464272473,2
0.11295764,0.37654737,0.0212461073599084,2259.6134224825123,2
0.116038404,0.4045441,0.0099932340827461,2564.2888414229064,2
0.15957549,0.43158323,-0.0018595594588402,3099.082006241359,2
0.07617771,0.35841092,0.0094468609696152,1755.0626027481271,2
0.15107872,0.42698526,0.0163085272430204,2387.6793521483523,2
0.15692227,0.39188674,0.0107044862703261,2450.0566407004226,2
0.17357677,0.41658926,0.021324129366764,2038.0233324903531,2
0.17077066,0.42159122,0.0045536014589514,3391.3650851073285,2
0.13595319,0.39404586,0.0126119096163628,2403.5943004906803,2
0.089196034,0.5680954,-0.0001118673022355,3004.282384496403,2
0.12421889,0.35318205,0.0050952674755051,2251.761016045477,2
0.115590945,0.48542,0.0033664931421258,2908.6746448662057,2
0.16394664,0.45445886,-0.0198889191485927,3637.15709215702,2
0.16955869,0.4507588,0.0061917641958052,2492.5900126194274,2
0.09839544,0.46804446,0.0225245956011526,2487.3290419536625,2
0.1252895,0.416339,0.0049799940191691,2590.8952655819676,2
0.19629128,0.4951672,0.0088307388565079,3045.7831971882174,2
0.1755619,0.42836958,0.0171005277809842,2737.358914650989,2
0.17365672,0.4201968,0.0194783443762332,2875.436087892228,2
0.06199186,0.5036078,0.0037346213511272,2455.249157805731,2
0.2065751,0.41573876,0.0400958186247599,2309.274600314096,2
0.14299113,0.40120935,0.0183440007464226,3043.442618665026,2
0.17306404,0.4347791,0.0148664916789013,3347.8914155592065,2
0.09131899,0.36492804,0.0023662403400704,2541.8943744550784,2
0.09929446,0.41709906,0.0285295666714973,2207.508364191443,2
0.172544,0.4678341,-0.0041873362869144,3078.471520466789,2
0.1612736,0.41199332,0.0068626784093644,3592.218114571658,2
0.05919658,0.3887272,-0.0298985414734405,2144.421294157524,2
0.13684142,0.43538973,-0.0059271557117538,3708.111084945484,2
0.095505424,0.44633502,0.0167783691412569,2847.3774256622983,2
0.046983007,0.2205651,0.0497301911933313,1710.9750338916162,2
0.20567748,0.4351562,-0.0158810152397195,2520.434662364383,2
0.19189338,0.47404167,-0.0011568106440427,2848.3952424437216,2
0.07616043,0.3701102,0.0023463027477604,1937.5108831118105,2
0.29373232,0.54808533,5.26213125783112e-05,2583.580399096285,2
0.11106248,0.3684095,0.0171453475875421,2446.9732041150987,2
0.09060119,0.4853454,0.0066509861931507,2574.4596637613236,2
0.1451297,0.42082047,-0.0021315631510147,2606.2991282067796,2
0.18884107,0.3735347,0.0286561585720944,3132.9752096198536,2
0.10787889,0.35795805,0.0023529551294174,2410.172991720571,2
0.17759283,0.40280697,0.009489288238854,2648.809544586575,2
0.11922079,0.38466448,0.0096521527726811,2139.927539833613,2
0.108068004,0.41497514,-0.028073476002145,2825.987251225651,2
0.0921835,0.38833553,0.0486577816972805,2144.867079027064,2
0.15245456,0.4025388,-0.0086121973073275,3623.472822634945,2
0.17707454,0.41056672,0.0150004599607956,3292.7045497632544,2
0.15894556,0.45113242,0.0280223673423357,2376.0247898434272,2
0.11097853,0.4555278,0.0265987995776379,2449.2386352862336,2
0.111359596,0.40129316,0.0483213928726489,3248.7101133407705,2
0.08756795,0.4141832,0.0017145898569709,1959.0741390518035,2
0.21586056,0.41476554,0.0202628295104597,2362.4116322792247,2
0.1488845,0.36688587,0.0072193614124614,2330.184618105648,2
0.052147932,0.40131727,0.0201319057343983,2565.7213875301686,2
0.20679496,0.44803378,0.0141164085329627,2722.838205612588,2
0.15328684,0.40822446,0.0101690194678578,2460.976249847247,2
0.11573668,0.4171802,-0.0003044568971002,3256.8245922155297,2
0.11445442,0.43490428,0.0235293292823948,1974.5076875640784,2
0.09810153,0.4355713,-0.0039513064384758,2809.0680166548213,2
0.12454408,0.3425582,-0.0079639788957745,2116.937132047034,2
0.18085705,0.42271745,0.0101646514514997,2577.207725501049,2
0.17372328,0.43621337,-0.0157982578421044,3087.4839714263608,2
0.13538006,0.40729585,0.0125208861741959,2248.0305097896653,2
0.12146718,0.46316418,0.0197649974514841,2108.222111170191,2
0.11454933,0.38212392,-0.0052621087639302,3328.4809116755855,2
0.10665764,0.37081537,-0.0065722551704328,2457.2908365890985,2
0.16993791,0.45011917,0.0131341369298551,3167.957019564375,2
0.1843397,0.32330352,0.0038242263882067,2549.2697569355587,2
0.17539127,0.35568023,0.0045408028572623,1776.2078696571791,2
0.23285724,0.4376821,-0.0069298395655733,2877.407465478847,2
0.14292744,0.37273753,-0.0193271155707428,2624.8146292704746,2
0.110883966,0.42920202,0.0081182818979079,2690.503166360276,2
0.1652407,0.39516932,0.0313898776402349,1867.9449476906243,2
0.09197087,0.4166197,0.0147623271771792,2481.739187982506,2
0.18529183,0.47089672,-0.001710940735729,1887.0062144692772,2
0.122863606,0.3576883,-0.0014587020964796,3653.660039870459,2
0.14208542,0.44557777,0.0176378800997724,2298.111223895983,2
0.10630639,0.46042803,0.0272930821337329,2650.733012294551,2
0.10029263,0.42975032,0.0254868041861866,2128.9326624957384,2
0.122635394,0.44101816,0.0009852466651299,2418.03052653459,2
0.11900523,0.3979743,0.0234236262368809,2238.534887227386,2
0.122635394,0.44101816,0.0009852466651299,2418.03052653459,2
0.12730543,0.39893436,-0.0043091314555382,2155.8452025112047,3
0.118989594,0.26933804,-0.0219537268855414,1360.6856013965628,3
0.07705383,0.27857408,-0.0203115953952114,1198.857018114551,3
0.24307846,0.4089921,0.0100741319135468,2207.1391895531556,3
0.23508118,0.39618102,0.0198165406960391,2060.841879871985,3
0.14094436,0.37668237,0.0302940004047792,1239.633448229211,3
0.12903984,0.3379236,0.0402210828980968,2258.1151496918783,3
0.19766894,0.23332669,-0.0154393084598884,1247.5800476882707,3
0.17547321,0.36353773,0.0242223174008302,1552.8324813719914,3
0.1682386,0.41244242,-0.0060827514663426,2171.395742370527,3
0.2596437,0.34204182,0.0007782732006534,2094.7777929332897,3
0.113379315,0.3066106,-0.0146567129994145,1155.8692569677223,3
0.24235758,0.36832434,0.0405227790449403,1827.257292535153,3
0.081422575,0.30818358,0.0071435642289605,1455.0726343994804,3
0.11219959,0.33642253,-0.0375993109871114,2013.0124614921472,3
0.17591809,0.42442203,-0.0005509003154527,1886.9577813598776,3
0.14175196,0.29142597,-0.002783605530494,1459.4696906334673,3
0.13184513,0.37784892,0.0074770641925056,1612.6456366689229,3
0.10122466,0.2761858,0.0862176977163867,1309.774651177867,3
0.0962278,0.33038977,0.0161133662789009,2839.8868647531226,3
0.103862695,0.30708113,0.0393392044505976,2594.754688324256,3
0.1019351,0.28080696,0.0172332527738325,1210.141390956354,3
0.24811445,0.38016844,0.0211546748013448,2116.897367131139,3
0.09327623,0.30222705,0.003019716231136,1089.005343726756,3
0.10254586,0.38802338,-0.0075857626328894,1913.0130744881128,3
0.13775411,0.3909998,0.0346102668990608,1811.5485976851053,3
0.13176751,0.30737153,-0.0110555406600481,1451.859413528897,3
0.09936382,0.42225853,0.0171884762289142,991.4865888836944,3
0.13316597,0.26077786,0.0167153537446908,1430.6028401168032,3
0.10622777,0.3119012,0.0071369822511102,2280.154186434082,3
0.110940404,0.37769634,-0.0194264638139132,2301.576917251487,3
0.113129914,0.26491034,-0.0385492221555052,1324.5278253934111,3
0.09575479,0.28868246,0.0101699095407402,1392.0263573819864,3
0.2188772,0.3655845,-0.0135388687619077,2645.724694727559,3
0.15012378,0.31530708,0.0424835032073662,1311.9502873255808,3
0.18699834,0.3699634,0.0093706580042018,1388.6328937868604,3
0.11043558,0.37472302,0.013422784331077,2340.7341612100577,3
0.06915838,0.24866745,0.0074159797088338,1188.4732077014144,3
0.14104027,0.40485436,0.0266628697580714,1070.1534179991845,3
0.09884554,0.33900785,0.0642517132366392,1443.7501131951294,3
0.0885381,0.2775931,-0.0375165492816082,1318.611850967703,3
0.07967066,0.27006894,-0.0253180671083346,1537.49138675598,3
0.14232728,0.40891296,0.0237445128494851,1719.4633657482495,3
0.169917,0.40597057,0.0124956326838499,2235.5723886035353,3
0.27078366,0.4215437,-0.0035239851875067,2442.9412574440216,3
0.099547915,0.27611074,-0.0163069350988529,1115.589479556315,3
0.1680172,0.26584655,-0.0140451830457199,1514.1569584732356,3
0.11649022,0.29205313,0.0149470065783235,2371.3090530375375,3
0.25799304,0.4142273,-0.0095693140998932,2333.5524818473978,3
0.124684155,0.28052023,-3.5954803059586726e-05,1648.884832056899,3
0.08582264,0.2553486,0.0176967212862502,1151.310495419206,3
0.103048205,0.28943267,0.0114762802476647,2513.345357580177,3
0.123896696,0.37950882,-0.0081070105460165,2148.12910424686,3
0.09761591,0.2574455,0.0114777017499724,1195.498130741758,3
0.08128055,0.27396762,0.0186716544465156,1817.2305903199676,3
0.16190661,0.35681704,-0.0152340975767918,2068.3321715923803,3
0.14199714,0.37785354,-0.0022607200278286,1006.8718292163009,3
0.12535533,0.44319093,0.0372143559865627,2310.352907875942,3
0.05275917,0.34863168,0.0453116692402725,798.6570145054351,3
0.1049854,0.37023035,0.043952864519432,1538.512366300989,3
0.25124043,0.33906108,0.0056257304108855,2141.540773872953,3
0.07542555,0.3026832,0.0137523649104142,1390.382814459722,3
0.12049756,0.30516553,0.0072416370706812,2429.004094153088,3
0.14828186,0.4296856,-0.0103291477043238,1739.1187836453275,3
0.066998236,0.32889304,-0.0118691575688012,1171.9674317528445,3
0.09150122,0.30852598,-0.0209477080559526,1835.1285128875493,3
0.15766303,0.43304598,0.0106970465624979,2031.9933846543545,3
0.14166255,0.45195466,0.0085881875035215,2503.937744726624,3
0.17000204,0.26335758,0.0348863133652831,1379.0236803028288,3
0.063039556,0.39096886,-0.0191821901746864,918.6809998407437,3
0.14278811,0.30396983,0.0137244963000086,1410.0234233871602,3
0.12910546,0.38697544,0.0011346349208581,2390.4218131952507,3
0.124884635,0.36592886,0.018113337675321,1245.6864186272169,3
0.19198641,0.4663816,0.0162341658969763,2224.0145847370186,3
0.08692267,0.26306966,-0.0225900616915792,1120.1665690448096,3
0.13590334,0.26217148,0.0104911284878338,1537.0761622072548,3
0.10029806,0.29277053,0.0578657750202253,2816.36277395135,3
0.051363207,0.26060256,0.0361840226936996,1132.171811228997,3
0.19659239,0.39370215,0.012066987136046,1977.0957176055504,3
0.13018432,0.3501285,0.0064277310488159,1784.1226409867395,3
0.06570574,0.36588737,0.0510756861044813,1352.7427099786896,3
0.13481365,0.39795133,-0.0064249769304913,2272.469639536216,3
0.1579406,0.33690158,-0.0337432750291964,1441.6808066244816,3
0.19693075,0.36715597,-0.0049039071323125,2515.4635686466004,3
0.0891659,0.29094827,-0.0309957941168215,1109.320763204869,3
0.1732646,0.28827715,0.0098683045267372,1507.157985213268,3
0.11737103,0.3326599,0.0051453919236106,2553.361072844356,3
0.19822708,0.37517476,-6.545605278136702e-05,1236.3105119326342,3
0.18228516,0.40100908,-0.0025871584607478,1945.2525226826751,3
0.09590782,0.3408494,0.0293793691308369,1530.2617668815162,3
0.25113833,0.4273048,-0.0250247238078093,2315.0211651605987,3
0.1010843,0.3213102,-0.0439968626433619,1046.775126562816,3
0.10609345,0.32279274,0.0044081046938613,2159.3982770102075,3
0.13620916,0.3901175,-0.0052314237850099,2279.0311186737995,3
0.0806058,0.26973152,-0.0156036177708916,1420.438571570416,3
0.103452876,0.30252185,0.0051302618760008,1832.011596979316,3
0.20083979,0.45287964,0.0056011869003506,2030.6170386876463,3
0.19617338,0.4308489,0.0095155062736155,1946.4485708086947,3
0.15147567,0.2537176,0.0105998739587715,1330.60626811961,3
0.06586,0.37769488,0.0286548405178395,570.3499043432637,3
0.091941014,0.49022028,0.0318782134920505,1579.8511128426342,4
0.02582161,0.29922843,0.051608811238511,2395.5102131173694,4
0.10708073,0.3708234,0.0343599263438282,2109.7985596780723,4
0.09683505,0.39642534,0.0039584095277931,2542.4832684960497,4
0.10028513,0.36483973,0.0364266472968864,1798.38075794441,4
0.13185678,0.35863972,-0.0060861997404015,1923.121615329551,4
0.15240075,0.44921464,0.0069614869998104,2455.426131137131,4
0.056750834,0.32666746,0.0167317379077589,1366.684988019676,4
0.14899507,0.38070273,0.0053878562723877,2288.6271785845884,4
0.15509753,0.39010885,0.0237188613806056,2006.8493638569944,4
0.0819897,0.349065,-0.0281858187079252,1638.9307242861753,4
0.13098739,0.46031705,-0.017045191075212,2955.0303534989107,4
0.26767907,0.41679054,0.0080040822722419,3094.449468204335,4
0.073211625,0.45848536,0.0081657033132959,1699.3251214568868,4
0.1106856,0.27205926,0.0391931939830675,2007.062445922458,4
0.20773205,0.3877424,0.0223781682935044,3296.462832751727,4
0.12680219,0.36245447,0.0369158936779109,1708.9705332893946,4
0.19215399,0.45458713,-0.0267441033183595,2148.494429232112,4
0.03904713,0.30251363,0.0143273831015817,2032.5080276475069,4
0.07837962,0.41851023,0.0097380797415965,1995.276964901373,4
0.094102465,0.32904342,-0.0104723964763178,2133.3521516317523,4
0.117376834,0.56971246,-0.0094226898481584,4274.292787312002,4
0.29802984,0.37600246,-0.027416985249737,2081.1870598202177,4
0.08244713,0.47053486,0.0145478823838121,1291.4990690652066,4
0.16210662,0.41636136,0.0515134724789874,1630.1610182177446,4
0.35091674,0.6636519,0.0043646799194381,4435.7320588102775,4
0.12366478,0.34880447,0.0132025989009328,1811.410394413205,4
0.17089733,0.38971886,0.0179007361162617,2481.5194520012096,4
0.11991203,0.37377307,-0.0287355855360616,1930.404808601999,4
0.06165027,0.2949157,0.0531910378835179,2149.158788954652,4
0.08045949,0.48783135,-0.0066684180740257,1814.133936303024,4
0.18092696,0.39559025,-0.026498756545677,3123.715746329853,4
0.09212244,0.39888984,0.0172907727785892,2170.3871675764435,4
0.1128844,0.46179655,0.0050782013999281,2525.546955548042,4
0.10105628,0.4018569,-0.0107186433282345,2009.762595021464,4
0.11416169,0.3950728,0.0171784398076716,1716.049796287713,4
0.09118426,0.45771414,-0.0021842767512778,4281.984674327218,4
0.17930187,0.47341308,-0.0050284663505202,2566.857509327373,4
0.15079027,0.4090573,0.029461063914869,3109.7327647062752,4
0.13923603,0.37086093,0.0189745104616247,1637.688337850714,4
0.18007122,0.43115166,0.0164000317295191,2467.192945838349,4
0.15137124,0.36970556,0.0075138597003492,1052.5434248691224,4
0.13908009,0.41016173,0.050531659169803,2026.416743084228,4
0.12001499,0.37554902,-0.0206701948457349,3880.960742007763,4
0.09113359,0.3717509,-0.0047911226656753,2631.118783211007,4
0.086658604,0.38306823,-0.0034430807795817,1609.8372863061993,4
0.13867211,0.39402536,-0.0142396628986546,1754.0198285861804,4
0.1201583,0.39010614,-0.0193502757722467,2673.223822270265,4
0.09531278,0.3585137,0.0030035023081412,2104.6950620563575,4
0.10379727,0.5075825,-0.0175345588295996,1312.5009450984878,4
0.10382236,0.4288488,0.0165368770819476,1585.3619268480404,4
0.09431865,0.45281878,0.0198371692130665,2316.909627649657,4
0.12571119,0.3625805,-0.0306682911387532,2460.5870772588773,4
0.07575557,0.37388393,-0.0037836604354959,1701.0178296873305,4
0.07284604,0.48743895,-0.0059853406737581,1640.710646970205,4
0.08061416,0.47634944,0.0055490460231635,3002.6481935688844,4
0.12638019,0.37586,-0.0070985622614244,2671.481384420423,4
0.10192524,0.3688389,0.0056872853009687,1691.3385554806978,4
0.10637723,0.39474428,0.0109426968725515,1907.605694274367,4
0.13285553,0.36963344,0.0143980941789762,2322.2405237216863,4
0.18993305,0.5020346,-0.0225400830175435,3289.103400141482,4
0.09414366,0.39144024,0.0035891937046315,1923.60305967729,4
0.1622456,0.42451566,0.0305648365033561,2617.1778004437388,4
0.0863252,0.5179426,0.0128969607412842,1709.7371260694,4
0.12909263,0.3891703,0.0221945828320159,1629.2960020507046,4
0.21068963,0.4406299,0.0287891034130378,2456.3701098405,4
0.12778883,0.40394074,0.0125314608915835,2086.3916622787915,4
0.11949173,0.39593342,0.0364636195243178,1797.243497043483,4
0.11161461,0.36232552,0.0025122671224437,1608.50667425433,4
0.07124089,0.433583,0.0193988665262552,2479.9910631244234,4
0.068813115,0.39783058,0.0171096663475246,2314.083797898894,4
0.05730878,0.44493186,-0.0409074278506686,2112.968318834845,4
0.07418758,0.44669583,0.0055168413190505,1615.8305954716006,4
0.09058583,0.38601115,-0.0029435532051693,1754.1768111443876,4
0.10047588,0.37048218,0.0353566232289192,2173.8734625124,4
0.093435176,0.32443443,-0.0180569229648903,2322.2154853895354,4
0.13969922,0.42588738,-0.0156071775402203,1803.953810615176,4
0.10782551,0.42854872,-0.0129775283767683,2354.886544043055,4
0.14284647,0.43283853,-0.0013985616359069,3089.748473006295,4
0.17930187,0.47341308,-0.0050284663505202,2566.857509327373,4
0.14421864,0.46993378,0.0164468240308193,2868.345134306658,4
0.097536266,0.41610643,0.0037992253405326,1910.8838167676088,4
0.063883804,0.48684177,-0.0004478166226309,1510.7924591740064,4
0.10504522,0.34250066,-0.0244481738233891,1417.9574885689074,4
0.10329819,0.3731504,0.0052116184718343,2169.655945204143,4
0.10924849,0.3424769,0.0197964355876736,2478.0490601146844,4
0.1855583,0.41946858,-0.0025804052627055,2118.551041491422,4
0.18215875,0.45550504,-0.0027926343829919,2059.0247747993617,4
0.19216162,0.44956988,-0.0197536926425984,2152.9019283107227,4
0.19564289,0.47689047,-0.0069835839640155,2539.0813791672913,4
0.063029096,0.4692975,-0.0011659962882631,2004.6584153650451,4
0.092447795,0.3783931,0.0086700742065983,1796.894892129804,4
0.13466951,0.36566654,0.0018310344514035,2022.4897299646068,4
0.079960585,0.43461853,-0.0077606937483572,1811.157902870217,4
0.14006788,0.39627618,0.01631197472008,1728.938057246599,4
0.116492204,0.39561212,0.0108682782661308,1778.172233420695,4
0.13430092,0.40282327,-0.0013958241137593,1840.862855143063,4
0.114172205,0.3225547,-0.0153263008955297,1788.5211002606743,4
0.07554815,0.4272126,0.0208123858262868,2300.0428804229377,4
0.11060819,0.33474743,0.0554771686925749,1484.7799127882438,4
0.036695167,0.22228573,0.0478140081250011,1494.4657470426655,5
0.012558122,0.19904523,-0.0114926391291223,1118.450246067025,5
0.040636025,0.3191619,-0.0065440585619898,1016.203631339213,5
0.030609844,0.21497734,-0.0060622887698518,1361.0064861367418,5
0.00796935,0.28601068,-0.0618128574581424,1170.256219652541,5
0.019727545,0.2505497,-0.0312369099536163,1396.7128039097229,5
0.021483667,0.24493822,0.0752004416973785,950.1801498123438,5
0.064087525,0.2973892,0.0166767144110177,1184.2726169813704,5
0.037281636,0.23739636,-0.0018328810055856,1360.1636477191498,5
0.021454155,0.27436775,0.0615799594522983,877.3225402621281,5
0.17407946,0.31954268,0.0198124052492978,1702.2478984991085,5
0.043239165,0.2685064,0.032838798985567,1431.0801473589147,5
0.08244843,0.22694331,0.0392905302937124,1623.758025282237,5
0.026786793,0.30325136,0.0171805508858532,822.6139609616949,5
0.06871983,0.30537146,0.038824934164819,1803.8002003804831,5
0.031924274,0.24420142,0.0276569902429769,1355.7633128128734,5
0.04545146,0.26684955,-0.0191890958886127,1371.3948851433393,5
0.041856874,0.24480076,0.0866606927640261,853.0763810425341,5
0.011428219,0.21663477,0.0331809051972574,1371.4447397866718,5
0.017921153,0.2522556,0.0304268983921883,1181.8840729236783,5
0.013054552,0.18647526,-0.0261410997912389,1079.788869141353,5
0.042297725,0.22151817,0.0450901486586741,1705.7912693068988,5
0.08412108,0.181111,0.071549637796954,1807.928081844617,5
0.029710459,0.27837116,0.0019343119024722,1243.6691618651462,5
0.04818047,0.28181872,0.0962468028354106,1322.7344267555366,5
0.0516711,0.20812953,0.0342162865753521,1397.3892887853704,5
0.038423505,0.26896352,-0.0090965280482492,1218.1514495320755,5
0.042979293,0.28263754,0.0203461773474185,1415.4129895794335,5
0.031600047,0.23404847,0.0589932500964281,1279.5154518760598,5
0.13830632,0.23616467,0.0261057263821267,1176.94499389589,5
0.05696003,0.29294565,0.0029694666219511,1933.7503479685197,5
0.029224372,0.20720126,-0.0162637092491873,829.009147695797,5
0.03889977,0.27402547,0.0494974649179218,1369.5923995899827,5
0.036233008,0.25236058,-0.0192037633166765,1505.3574607063913,5
0.08052824,0.38145718,0.0073736667447578,1527.645526468431,5
0.021284299,0.26822123,0.0253133671859267,1329.4563631167573,5
0.029499287,0.24494343,-0.0013154026230942,1497.5036379557744,5
0.06666443,0.25327945,0.0095283378797418,1253.0323991502294,5
0.016472353,0.2173621,0.0395756428115547,1171.4770789944057,5
0.03149893,0.31202316,-0.003646215030009,1356.2906975154956,5
0.010499871,0.3338999,0.0267508527794495,1525.0760419585297,5
0.035111424,0.21728311,0.0292907051409051,2423.3323350954606,5
0.029083412,0.28996128,0.0096170115167564,1952.6079333156913,5
0.02825728,0.29441762,-0.0023476970764868,1304.1427958416696,5
0.05735519,0.25726342,0.0473137775759986,1559.9200747787957,5
0.012809237,0.27086365,-0.0097734584191162,1633.5822990690456,5
0.041609988,0.24689515,0.0474856347466526,1559.3040287547385,5
0.006627279,0.22509545,0.0272229655972368,715.8536805780552,5
0.029991465,0.26560688,0.0953962596112626,1137.8827992580098,5
0.023791904,0.27055803,0.0589380991516917,1216.3713862548866,5
0.0079903165,0.28401977,0.0249302529883167,1185.144479442981,5
0.1608002,0.29638234,-0.0154170989767024,1514.0972709769685,5
0.06912917,0.2825774,0.0257738746829378,1551.360860302342,5
0.03403312,0.25473848,0.0567555795626271,1516.8489135098066,5
0.018675078,0.23902793,5.1640455317320854e-05,1157.8655404410115,5
0.12373418,0.3116152,0.0650825237170056,2224.893839839112,5
0.02913211,0.23666598,0.0530692097169099,1349.5622465323024,5
0.04432254,0.29461083,0.0317779450489767,1279.4808752537174,5
0.06257815,0.26289213,0.070882114146475,1314.399292150683,5
0.018832877,0.21777762,-0.0247421153361714,790.5070053578883,5
0.04087724,0.2765987,-0.0161554691820294,1358.995444591676,5
0.1897104,0.3130526,0.093844672027178,1681.2723870866023,5
0.038906395,0.32025677,-0.0013646539847493,1474.741479450841,5
0.012353785,0.30408838,-0.0156945491315652,1128.3811388403144,5
0.044732843,0.22592382,0.0089247189587532,2192.5069047333045,5
0.016528226,0.2667711,-0.0248352677020576,1214.3502551236018,5
0.017138014,0.26729923,0.0100560602271461,983.971719402949,5
0.020713143,0.27937976,-0.0094404055930484,1285.3702591764911,5
0.115068726,0.34684047,-0.0102980189269879,1878.4940039960795,5
0.03735472,0.2563851,0.0327741366458615,1358.602375785507,5
0.041480094,0.28418007,0.0157697356326499,1533.6492783822137,5
0.031763878,0.18713117,0.0303880359956599,795.5192461558522,5
0.013560658,0.22768864,-0.0021862281802842,1800.875812011135,5
0.055439595,0.387909,-0.0022261232410515,2411.5244665851324,5
0.029426444,0.23422065,0.0667523907460218,1526.6289317694689,5
0.03170561,0.23210803,0.0744528805451998,1388.139265286428,5
0.13413325,0.26182422,0.0821687063081183,1326.2905913074403,5
0.0388853,0.30974057,0.0351963627705908,1525.7917091252425,5
0.058806058,0.26036572,0.0221436438805507,1340.8675518336236,5
0.028405773,0.24069078,0.0724412486611107,901.7378803065576,5
0.015997374,0.23927984,-0.0021779529656657,1282.327530288566,5
0.031705387,0.26748624,0.0535586920858112,1117.6754413725102,5
0.01398589,0.36881214,0.0405231411795356,1423.5649268534723,5
0.13828577,0.30422586,0.0391320510873974,1462.383564752607,5
0.043827713,0.2778935,-0.005795580952995,1490.2748103209544,5
0.03139051,0.23563844,0.0777202288953286,1180.532489579889,5
0.11531047,0.19099382,-0.004587680142122,1063.3967230024298,5
0.02199149,0.24573599,0.0517461760342752,1002.6849591058336,5
0.016747132,0.21900696,0.0057182277403601,812.1207959046446,5
0.038886134,0.24568611,0.0849571465124902,1278.5184064264038,5
0.033204652,0.26142845,0.0527382892097401,1372.6940993062549,5
0.016776716,0.25387782,0.0268832724943369,1751.580959570636,5
0.020141035,0.22685228,-0.0343686452458483,690.5300404559425,5
0.008042203,0.28324297,-0.1245126512568131,792.908888538908,5
0.02384028,0.21940403,-0.0111551236346506,2172.3382156510365,5
0.0052698436,0.4380738,0.0245897720889147,973.535586646265,5
0.047870062,0.27621743,0.0070657843000697,1211.4313270307257,5
0.043788467,0.2163072,0.0205151986244214,1211.8707243905028,5
0.009491226,0.2584079,0.0428218226869758,1174.3248425254224,5
0.008011807,0.2193211,0.0340279158779628,1054.7328870469382,5
0.14428338,0.4426365,0.0174956084149594,2559.1663853758114,6
0.0911825,0.40201995,0.016245186049331,2467.260780372769,6
0.14435397,0.3579974,0.0422936714655525,1877.9683470280609,6
0.18004455,0.41854024,0.0226548522033361,2445.1189672253313,6
0.1281802,0.37620473,0.0050457075267991,1181.3266069695658,6
0.087437816,0.3010271,0.0594382584436633,2438.175192910581,6
0.14554074,0.3216622,0.0080408068493254,1646.6359254811157,6
0.11220418,0.43589354,0.0019525677062342,2321.1497601816604,6
0.26079375,0.408864,0.009886373781395,1717.0993094173923,6
0.05117929,0.33951104,0.0480804401742169,2424.5196987393947,6
0.10098885,0.396407,-0.0461501051313878,2078.055423580924,6
0.14066513,0.4804928,0.0173530202579488,2209.1820034985453,6
0.21929601,0.41147807,-0.012341566250429,2794.9630917428512,6
0.046997484,0.31147617,0.0438374659648463,2568.395445450852,6
0.11665953,0.36006948,0.0416608222110782,2148.400918490581,6
0.13878995,0.4428167,-0.0268516735098325,2046.8578298872565,6
0.10823642,0.44346303,-0.0030240674678302,2474.4653495906973,6
0.12787735,0.32347274,-0.0231819551125671,1674.134044195846,6
0.060456336,0.31963512,-0.0387845365727148,2946.6326070961836,6
0.17567988,0.4883921,0.0128993163563943,3303.2031121942023,6
0.1570209,0.3591255,0.0136336526282378,1282.1973338530786,6
0.16600236,0.41892445,0.0017733995167131,2312.0661576350117,6
0.12061557,0.36140597,0.024489255105805,2429.067900204574,6
0.16540022,0.40352795,0.0219854205387734,1933.3373458580047,6
0.13569559,0.29427958,-0.0057836080665644,2294.727925096268,6
0.09362348,0.3356523,0.006568719436534,2553.643508662003,6
0.15122105,0.3801126,0.0058930464038676,1421.355041089321,6
0.11331169,0.34060147,-0.0036551462217647,2186.669240863217,6
0.07944595,0.35197702,0.0183723396778005,2008.1745206409444,6
0.042990003,0.36023065,0.0231907042848766,2209.4867395944175,6
0.11334493,0.45177332,0.0378364866680887,2626.819513809363,6
0.07916758,0.40252107,-0.0373439319660643,2669.3593348436702,6
0.14581469,0.3455759,0.0022712932103228,1659.591367644554,6
0.062991194,0.3218232,0.0364916802758245,2255.8673983144336,6
0.118909925,0.44458494,0.0183599783184265,2794.819915902151,6
0.13366963,0.44025162,0.0199759410692193,1597.518015757734,6
0.14856811,0.43678042,0.0146041513328201,1875.1802162587353,6
0.19013606,0.409179,0.0408931268658359,3361.7679740670487,6
0.10190492,0.38928163,-0.0579788010208339,2628.9166255228897,6
0.10020051,0.39295337,-0.0085459865664307,2414.1618648632334,6
0.21626079,0.42793378,0.0252608605665134,2850.236430563597,6
0.15266521,0.38332304,0.0106694033886219,2263.203109317406,6
0.12868471,0.45539778,-0.0121364959323694,2187.9366586123824,6
0.106824376,0.35672423,0.031282282313841,2581.5076042919945,6
0.13980499,0.4202275,0.0239820703752955,2739.5011653116667,6
0.07587266,0.33894858,-0.0142452452219516,1863.7644722086293,6
0.15463758,0.25567335,0.0372179923257211,2495.6841560217485,6
0.22182517,0.38331515,0.0210178737541396,2344.525923596728,6
0.053076725,0.3296391,0.0651361823323119,1711.1692943047158,6
0.12258277,0.390099,0.0145721932448715,3488.5019911787995,6
0.18003525,0.34448424,-0.0102389920134615,1676.1460479744314,6
0.18441163,0.46147576,0.0161326210000676,2459.520891795054,6
0.13890117,0.46141502,0.0145372090394544,2997.853838301254,6
0.1692631,0.4584868,0.0149988022128608,2223.969176508352,6
0.1737927,0.41583455,0.0013642615967549,2342.4462722624344,6
0.104332164,0.3686047,0.0007341771333808,2606.2611467109627,6
0.14119698,0.3945208,-0.0287112081073916,1721.1466518107272,6
0.1803724,0.36540443,0.0189081970086892,1529.2908080861932,6
0.12408983,0.4572786,0.0237082212887211,1867.414328611574,6
0.10706775,0.3742859,0.0252299350898138,2181.338268112923,6
0.08159775,0.43198025,0.0171979105464522,2077.5658220829505,6
0.16573809,0.3929944,0.0369564840690045,2334.519061160983,6
0.15379857,0.39435107,0.0531062132748146,2140.2830872814766,6
0.1491075,0.41512856,0.0106493218287225,2510.0731424010837,6
0.1233552,0.3433036,-0.0050879776057668,1537.4684493223904,6
0.1428521,0.416132,0.018146512742743,3010.0558253003737,6
0.1032749,0.40552753,0.0242846289597859,2796.5844364197355,6
0.12614734,0.3692198,0.0190727357461605,2639.1039097541793,6
0.10572245,0.34342152,-0.0586120418220182,1939.7222614275197,6
0.20371321,0.37675795,0.0354243682369917,1542.109295440339,6
0.06544933,0.34662274,0.0499231171727691,2632.2720334613155,6
0.14430736,0.31147423,0.0803973459593187,1651.756224588436,6
0.082274765,0.34380922,-0.0114771441075971,2335.5199314696915,6
0.10167808,0.37873957,0.0098439195443031,2116.145602426838,6
0.16144805,0.3929219,-0.0294850702798386,2158.1594856172887,6
0.05409475,0.36796018,0.0171736883475373,2511.7143061599827,6
0.08831079,0.29978907,0.0380827246617049,2072.1545181474407,6
0.096469395,0.3902109,-0.0107721161636813,2944.617225650979,6
0.1068667,0.41659114,-0.0021934635435723,2471.4537520158965,6
0.20865633,0.37182295,0.0344439422931309,1345.8413833729005,6
0.14712149,0.43164626,0.0378395854530175,1712.2893711073168,6
0.09696267,0.36128634,0.0487492777059082,1561.4111066682108,6
0.053596962,0.3808173,0.0029620218292378,1937.0023679878927,6
0.09327006,0.38269338,0.0279323311871457,2975.773811562643,6
0.15243913,0.39801338,0.0032379346850004,2188.0575308026637,6
0.16095097,0.45448428,-0.0110242921875294,2025.0641304683293,6
0.16167404,0.36864856,-0.0242642162250308,3031.1276858179062,6
0.12909234,0.38743302,-0.0041095083950233,1996.3291884611135,6
0.19099241,0.42131665,0.0264049993663926,2788.3693358036517,6
0.114658765,0.3952954,-0.0094889754757834,2294.229735197606,6
0.07642329,0.39886934,-0.0011533761508679,2006.8272649211456,6
0.07624123,0.39104795,0.0052319953829208,2521.225623847167,6
0.12687102,0.40852216,0.0137943774042055,2301.7700382014727,6
0.15654169,0.40513223,-0.0011625973169396,2320.3950808851237,6
0.15342064,0.39827147,0.0111608537517468,1857.972598606606,6
0.16064425,0.40218621,0.029664501042114,2806.8726158984045,6
0.054431498,0.3583181,0.0424204055068588,1609.7851808042765,6
0.10520216,0.34340003,0.0343552458450169,1609.758694575816,6
0.083802395,0.3626352,0.0567217313881965,1398.6495047637168,6
0.08952018,0.40824467,0.0201734536206317,2590.7815234504455,6
0.19137202,0.4811308,0.0100164078386712,2145.0454450450825,7
0.22798368,0.49239305,-0.0023130186154816,2306.8910596136575,7
0.2527779,0.43799865,-0.0112179369351026,1821.4633197449457,7
0.1904764,0.3810477,0.0097859655893644,2240.2899868283803,7
0.08635042,0.5207126,0.0040018256149995,1470.293867372355,7
0.1135739,0.5336,-0.0139243344555311,2629.0449787378852,7
0.21406044,0.49971637,0.0074360332973529,2987.6879683477587,7
0.19083652,0.47186503,-0.0009064721255465,2448.90855348653,7
0.16656049,0.491607,-0.0110899460274595,2355.838782669349,7
0.2638739,0.4326594,0.0175849412377827,2047.175419543509,7
0.13499676,0.4280005,0.0093330612781715,2639.343177514054,7
0.23710126,0.4249017,0.0074236859812136,2328.5263371258393,7
0.106190525,0.47660092,-0.0065972751915595,2607.8596297434747,7
0.24915487,0.4494114,0.0062776667871849,2896.9503121034454,7
0.13663134,0.34033298,0.0081986594398023,1798.6768468904263,7
0.26632264,0.46724436,-0.0046526881598737,2492.9547224079165,7
0.109974444,0.46123517,0.0078624976913404,2595.99496745913,7
0.10344428,0.5625077,0.0008019553287424,2735.6851445350435,7
0.18972842,0.40981027,-0.0057309272194755,2245.0676185666525,7
0.15857546,0.4091633,0.000417983342086,3785.438539826745,7
0.16455324,0.47561157,0.0016274402936437,3460.242899341846,7
0.23840559,0.46112064,0.0248173647077162,2987.595011513918,7
0.065865405,0.51328456,-0.0019423711993325,2044.2141766857733,7
0.1363637,0.44465733,0.0089233413961611,1846.323835897653,7
0.19884692,0.3587992,0.0086016842998957,1976.872475548589,7
0.09347894,0.40424496,-0.0213300895248848,1490.6835757271929,7
0.10891521,0.5067461,-0.0038345935384938,3079.233973255754,7
0.11072535,0.45902726,-0.002924796802159,1929.804573827176,7
0.21794207,0.49833652,0.0064519622051544,3053.8439136942234,7
0.08996205,0.5177563,-0.0014973943403858,2967.1479620344276,7
0.20773114,0.4674128,0.0199909796566781,2432.633894857948,7
0.24700375,0.4494163,0.0089121522136851,3235.5558089828182,7
0.30026007,0.4225295,0.0051165488646622,2566.9254685014057,7
0.17348304,0.43952954,-0.0142307762958126,2025.649761704388,7
0.14131808,0.4037267,-0.0069227109557973,3377.5507287914616,7
0.10914599,0.4825702,0.0066393129543781,2272.5405033638026,7
0.13448663,0.47533035,-0.0001500561827477,2145.8909456679403,7
0.18605243,0.44560668,-0.0116747469495074,2671.1443443454077,7
0.2247038,0.40067565,0.0260356911177595,1811.5103203177212,7
0.27054507,0.46427453,-0.0008906154460768,2858.1926149591104,7
0.23710126,0.4249017,0.0074236859812136,2328.5263371258393,7
0.16663784,0.43942475,-0.0068668542006775,3127.266400575875,7
0.18449508,0.39278713,0.012821006749831,2693.2176602333775,7
0.22871886,0.42210543,0.0083792134648388,2544.7011698178053,7
0.23028027,0.41653615,0.0154527559277256,2345.299206533456,7
0.22584656,0.43206802,-0.0021523896795409,2470.309957400946,7
0.21565284,0.56058866,0.0200788508492399,2200.110464114809,7
0.1303836,0.50620407,0.007034673251043,2677.7469934520827,7
0.28870907,0.4840443,0.0083862482574857,3085.556031320864,7
0.16548869,0.4616843,-0.0011778227159091,2677.201431475856,7
0.14181587,0.45361164,0.0044631118291993,3070.8377584674818,7
0.15123579,0.49971136,0.0020224414720466,1949.4353477516895,7
0.15472177,0.42740807,-0.005091058235421,3212.057081748591,7
0.15451379,0.37452632,0.0209789425364309,2774.064291821946,7
0.2698501,0.39835155,0.00954815326407,2208.657920119001,7
0.27175093,0.48950434,0.0065699422331206,3297.9029245690413,7
0.12068817,0.49841172,0.0034164747126326,2669.947535799814,7
0.15363686,0.430894,0.0154047736841547,1963.064381572589,7
0.118538655,0.4602241,-0.0097355113409056,2694.784127434263,7
0.11897815,0.5334905,-0.0020104123065476,2538.6441659483235,7
0.10802322,0.5838064,-0.0073353410366298,2473.2461868537953,7
0.20822197,0.4739168,0.0141373994728335,2774.7858588335575,7
0.25150633,0.50733954,0.0119045841613789,2305.154159930829,7
0.20370935,0.44404677,0.0010041165722368,2095.493684414424,7
0.13083652,0.34576976,-0.0262390852072377,2457.2400884350973,7
0.27367225,0.4269706,-0.0153151117532002,1683.4272322978072,7
0.28538305,0.4572074,-0.0108497254198285,2808.9257712307326,7
0.19190107,0.52951264,0.0006856463769836,2827.45038695498,7
0.23593709,0.40821314,0.0084563542100361,2429.7567971370945,7
0.1184538,0.474015,0.0266165997951064,2582.0374961814787,7
0.039173033,0.3543636,0.0182348159176492,2507.355264302279,7
0.14012909,0.42384538,0.0190429318388885,2397.144331496255,7
0.110620566,0.44784296,-0.0145911414721442,2367.6391734099543,7
0.24181975,0.43007925,0.0030615465315413,2405.8304967073323,7
0.27877173,0.43091887,-0.0125272487893665,2500.4618219868667,7
0.18021424,0.4396077,-0.0302466242351411,1717.339437575256,7
0.21307458,0.4798458,-0.0032645229460787,3084.823803835227,7
0.06721187,0.47664297,0.0052365457261059,3185.548897050875,7
0.26158613,0.49074358,0.0102268263732983,2709.171523155536,7
0.12414034,0.44707796,0.0070985573804706,3258.3072483316496,7
0.18449508,0.39278713,0.012821006749831,2693.2176602333775,7
0.1851305,0.4897946,0.0170485079616055,2436.5700964926004,7
0.10224163,0.503631,-0.0043363044619424,2290.9396464507213,7
0.17585227,0.49024963,0.0001523577524061,2678.1366853576524,7
0.24696118,0.40375775,-0.0041883825706964,3185.1606316038437,7
0.1555688,0.47355226,0.0023969570538733,1811.6816649002112,7
0.19390872,0.5392329,0.0049501141304414,3725.2303491545617,7
0.1225821,0.47790587,0.0061884821898861,2330.1368303379804,7
0.20046541,0.44934258,0.0012886628356974,2372.68847000806,7
0.13372414,0.39055607,-0.0076342934632836,1735.178088716331,7
0.07905619,0.47974592,-0.0067103035022125,2083.438900600618,7
0.19159333,0.4511271,0.0130873122145453,3140.9185614685907,7
0.17854476,0.43086842,-0.0058904143372033,2517.7936347232167,7
0.17160548,0.4272534,-0.000562350912657,2284.341188872154,7
0.18691297,0.42542815,-0.0049848765340372,2702.65367301592,7
0.24395056,0.39349407,0.0166566050602487,2500.46755388307,7
0.12520437,0.4607935,0.0081245058485014,2668.000439693198,7
0.22744754,0.4711407,-0.0075515724056161,3191.91701574384,7
0.20691244,0.41758767,-0.0033219804884371,2447.0172002335544,7
0.11077147,0.42490745,0.0128976880433527,1752.518629857355,7
0.16378078,0.3482301,-0.0001903636857013,1796.711976172283,8
0.23645693,0.42960978,0.016331936161726,3191.2596103538226,8
0.082008675,0.31572592,0.0536555810753415,1138.9703748182449,8
0.11688875,0.31120384,-0.0098549933133288,1939.8088632523288,8
0.0834524,0.34928933,-0.0204946250022123,1131.076903251818,8
0.09632568,0.43772945,-0.0063295650470177,3760.408113295342,8
0.11706559,0.3099739,-0.0301475328944942,1214.2001322331173,8
0.043314192,0.3762129,-0.0103489034082576,1144.8885615491697,8
0.08714103,0.3521479,0.0254146681474537,1327.7101967128228,8
0.09088994,0.3672548,0.0317735827747868,2860.0275830474784,8
0.09406918,0.3182826,0.0010902192557624,1474.2739873205333,8
0.11524875,0.31031382,0.0995190482531435,963.654236966794,8
0.14542289,0.28437814,0.0255668541082149,1535.4059360676963,8
0.2743448,0.35533768,0.0227238705871548,2505.851670683388,8
0.09675965,0.36986184,0.0389951715757318,2068.8697962895244,8
0.14351887,0.32388186,0.0373998586505986,1599.9112025699949,8
0.17527841,0.32885525,0.0204750539052325,1557.7510486716924,8
0.07204812,0.37394306,-0.0336580935560308,2068.6621261910536,8
0.13644499,0.32066837,0.0220849161531463,1701.96200578534,8
0.06949131,0.3289262,0.0174338362707132,1115.6797011223894,8
0.2042707,0.3769877,0.0496903006314035,2174.1604933689496,8
0.08002811,0.36810398,-0.0024235726089317,2811.872177811303,8
0.11766618,0.39165658,0.0187138059491506,2387.972038530552,8
0.12828696,0.29725638,0.006393468145576,1321.6158526816876,8
0.11655147,0.3918148,0.0133013850173039,2011.7251475824085,8
0.13540727,0.33792004,0.040853465972382,1596.3192347628142,8
0.24406008,0.42144912,-0.030801898230533,2898.7873676124145,8
0.13616844,0.31912956,-0.0084398889788616,1468.4574661840363,8
0.08944597,0.35345957,-0.0032720716801596,1563.3792652109507,8
0.13012476,0.39030823,0.0118302784316183,2166.6058740602375,8
0.1045934,0.31685027,-0.0125876492044178,2456.7182164160545,8
0.03888375,0.30543447,-0.0140738914441203,1495.5580555935935,8
0.15660793,0.3450435,-0.0145045155634822,1711.333012925543,8
0.16783096,0.37864348,0.0227997318264579,2102.2901763219265,8
0.10329493,0.37417582,-0.0107028831857741,2109.4177307680015,8
0.088679396,0.35725805,0.0116212203135834,1470.219043159776,8
0.21399127,0.4216029,0.0024151295600071,2807.9125120225444,8
0.13006952,0.31506595,-0.0520617458766521,1741.8884862990076,8
0.14736076,0.3713997,-0.0053175922752778,1927.5251168847897,8
0.1314034,0.3339356,0.0082339261449721,1614.587917821519,8
0.060507,0.33107468,0.0177287895556443,1823.2405420223329,8
0.07508869,0.3217143,-0.0126127633504326,1719.471451804851,8
0.09581993,0.3748582,-0.0061723632736721,1548.90638722944,8
0.15319121,0.38728356,0.0133113638367992,2049.2462808474197,8
0.09062656,0.31027132,0.0566254476994738,1784.038731098896,8
0.079806626,0.32263863,-0.0072700680367015,1426.020748265391,8
0.20668623,0.36671874,0.0747648558425371,1474.7471730595223,8
0.022760969,0.34468597,-0.0993493435281256,1827.8001724199707,8
0.055416528,0.32132056,-0.0459909987889853,858.111709530316,8
0.1335271,0.3733923,0.0249134575970615,2271.8519287173895,8
0.14652665,0.29707804,0.0128555665399768,2308.811438085481,8
0.12688757,0.29652536,0.0637997748676109,1667.5169602192077,8
0.094972506,0.40311962,0.0088563242653583,2530.499843687951,8
0.13141257,0.3373224,0.0505072640849692,1513.0709549777368,8
0.10050229,0.32985726,0.0260306750421057,1270.301227129719,8
0.18060894,0.31969607,0.041944846635083,1964.956170283456,8
0.10427781,0.31272689,-0.0229781857188649,1654.409424128445,8
0.20379831,0.41605455,0.0172524834787457,2926.5329170109344,8
0.100796506,0.31345084,0.0722064736940871,2053.18422190182,8
0.14097315,0.3421015,0.0656651826748498,1373.6283722587968,8
0.09251183,0.25101602,0.0400170654270574,1537.780640504261,8
0.1310126,0.31846547,-0.019863918251117,1436.11166378983,8
0.14430228,0.36519969,0.011513928749742,1934.7410485390476,8
0.10979616,0.28923905,0.020107111099214,1044.7200864298254,8
0.104739845,0.37958676,-0.0051693151889738,1958.9864228333956,8
0.11364318,0.3600969,-0.0158379753545939,1729.7885873441894,8
0.08254984,0.2634866,0.0266056673405339,1511.6824072378731,8
0.099928215,0.37588015,0.016883554926003,2321.887949121375,8
0.1530273,0.34804407,0.0368152528962168,1561.0425269435518,8
0.23040177,0.4140544,-0.0029355172802634,2938.131304280134,8
0.10936974,0.35114315,0.0467185646540444,1780.2063536518044,8
0.10900008,0.3734549,0.0146475076365845,2449.753677616513,8
0.07847474,0.30090493,0.0145611228943668,2839.258428843846,8
0.10857797,0.32857198,0.092418737864226,1591.310654866392,8
0.07988017,0.3473293,0.0433147104499623,1565.1556633857267,8
0.08229554,0.35499328,0.0829916990170873,1534.0502230522668,8
0.11052865,0.28278357,-0.0051197655773435,894.539232636111,8
0.07823296,0.35918695,0.0038862420380002,2614.344099819735,8
0.21801743,0.3257571,0.0704813916516902,1754.3169301118066,8
0.24829563,0.38392973,-0.0259585974091115,2798.065625963337,8
0.09030824,0.27465072,0.0255898942891794,1553.0252622823382,8
0.11321748,0.40024942,0.0444762756811665,2634.2236070027966,8
0.074670546,0.2914594,0.0630220144696547,1861.4546089152095,8
0.13355477,0.3721949,0.0039830420661767,1879.437180825091,8
0.09655079,0.2704669,0.0742632813634616,1738.8802792815318,8
0.17967275,0.37187585,0.0294091241721842,2187.1340254374145,8
0.1549709,0.35711694,-0.0074611966047975,1881.220509700019,8
0.2093933,0.3827643,0.0137800413665096,2966.157158766356,8
0.07958206,0.2213738,0.0366673482404277,1240.710146169342,8
0.1072092,0.3145773,0.0559109499443081,1397.8552410654052,8
0.176431,0.37044108,0.0256147827663241,2335.089633158332,8
0.16648406,0.38589016,0.0326810782929562,2253.414794276238,8
0.11837015,0.29263455,0.0081448515602475,1261.498736765584,8
0.105174266,0.3654622,-0.0200337209501363,2407.953176590958,8
0.092618205,0.36505738,-0.0031919794105343,2952.9885812414304,8
0.14658697,0.3455366,0.0030596281175885,2777.488240661974,8
0.22070146,0.38091904,-0.0320871517676396,2157.48336287908,8
0.10463605,0.32217377,0.0309709992676642,1321.763474242666,8
0.17621148,0.27104354,0.0755592908538007,1425.2797039021912,8
0.15261815,0.35365322,-0.008752558062566,1622.809613774545,8
0.23172186,0.37041935,0.0090653247123456,2455.008879582749,9
0.029581375,0.23510405,-0.0142281079326404,1687.9309172498354,9
0.053534985,0.27044234,0.1001877030463472,2215.267219075518,9
0.108704925,0.17189649,0.0302927537130074,1039.4057430987032,9
0.091461584,0.2645743,0.0454019593528512,871.796536792597,9
0.10030164,0.27866605,0.0399259409394962,937.3823873258294,9
0.039290268,0.19865003,0.0603376881717872,1171.834589986292,9
0.047818083,0.40153858,0.014872129066176,3905.066341986925,9
0.027113363,0.28927255,0.0197144985692697,1171.3366946071274,9
0.10030232,0.27725595,0.0399268169957059,971.5184947138312,9
0.069750376,0.27395102,-0.013279768350199,1193.6599934493888,9
0.046740487,0.34445786,0.0339692657169868,1503.9322998491905,9
0.12999395,0.31165588,0.0089372230126313,1759.6144137548351,9
0.08223485,0.24766149,-0.000798122916766,1337.7771036597906,9
0.044383854,0.2988261,-0.0080813315659584,1873.8376246984164,9
0.052383415,0.3374714,0.0488274928480664,4135.738578192063,9
0.14688885,0.2936292,0.0265892397027,2902.2373713593015,9
0.05883789,0.34905425,0.0085386390767998,2034.491720703169,9
0.06414246,0.32968155,0.0507626311654189,829.6061464931184,9
0.07820094,0.30817124,0.0204008765306059,1617.40938440954,9
0.19040252,0.41029474,0.0181303356789427,2486.009919317336,9
0.022786215,0.32803315,-0.0040250119793987,1266.4884317094,9
0.091462374,0.26457497,0.0454059848733742,844.1729949130138,9
0.2119892,0.3798405,0.0191511932029274,1574.9599565954134,9
0.021176668,0.22408497,0.0092720606349773,1176.3265678904104,9
0.045787524,0.3423495,0.010263592427877,1846.8634838198225,9
0.11266223,0.29490557,0.0442724872282602,2415.076791912464,9
0.069333844,0.2681593,0.0002674032375306,1697.9171779476408,9
0.07116314,0.300457,0.0312995124913946,1825.7919930849512,9
0.13801351,0.23669657,0.0057367257934534,1317.0269707465989,9
0.10660699,0.2849138,-0.0152506894067464,1427.924537705358,9
0.043577813,0.3111123,-0.0028908576536273,1752.7248667109793,9
0.045283854,0.26954064,0.0271092189766099,2152.8430465955457,9
0.107499525,0.24822201,-0.0145394793592523,1268.2111445459243,9
0.1622848,0.27835,-0.0270354023628316,1670.5149518485573,9
0.08646611,0.27652484,0.0151354560414588,1004.757419835854,9
0.062371545,0.33296824,0.0184689842572118,1782.2204673978242,9
0.07430314,0.42919457,0.0051671870066469,3393.0804590375133,9
0.047954846,0.4327793,0.0012488176196434,2915.2020778298547,9
0.08647344,0.27654222,0.0151346041171256,1117.261480352107,9
0.060133778,0.3278279,0.0162595024194062,1885.6190149752297,9
0.091520354,0.2909686,-0.0013097120047892,2428.058768170142,9
0.0392551,0.29594263,0.0338990423210517,1492.5309945749896,9
0.045032978,0.28051287,0.0218689436146623,1787.7638896934448,9
0.11852421,0.35731745,0.0113876867829766,1304.644766672256,9
0.18228659,0.3163279,0.0228084583531892,1391.595954201287,9
0.18433051,0.20992807,-0.0004811508094619,2049.705425067409,9
0.052224174,0.35339326,0.0408049907743573,1993.4129868725472,9
0.0977495,0.28566775,0.0017876849933571,1554.3487797396808,9
0.111734815,0.25424877,0.0252798379089316,2011.3793005801024,9
0.06982318,0.33839837,0.0028108800252224,2634.04311519097,9
0.048747774,0.2765514,0.0153052683554117,1854.1337835674512,9
0.0822344,0.24765107,-0.0019692947783534,1311.1445632360924,9
0.09949384,0.28520375,0.0102382479835972,1382.8810941606785,9
0.11916989,0.26609486,0.0326267862240527,2503.541017003684,9
0.03632046,0.30428433,-0.0216981680498603,2235.2480118458593,9
0.085318066,0.2669193,-0.0114140145544821,749.4465654300853,9
0.080529675,0.322421,-0.0201480290274763,1545.8301777694976,9
0.058648378,0.28261486,0.0233586510866894,1748.348688169635,9
0.050191432,0.24822335,0.0122383108174388,1352.885747544467,9
0.08082792,0.26775163,-0.0412537054693636,1064.719088486897,9
0.13001709,0.31167248,0.0089375480991032,1804.79763764265,9
0.03976792,0.23734923,0.061435641847631,1077.268000563519,9
0.13801786,0.23671558,0.0057353847665711,1353.994037337582,9
0.080526754,0.32241195,-0.0191304224475003,1481.5814852644787,9
0.03193886,0.20181763,-0.0373905689687005,1367.4352003372985,9
0.1457161,0.30742404,0.0182793908480979,2777.843412379414,9
0.05166333,0.3929949,0.0284575776083949,2875.1552626318467,9
0.11169214,0.25413656,0.025279333771727,1761.213133220635,9
0.037519317,0.36378703,0.0171666823251027,1650.958287276911,9
0.06135448,0.27007103,0.007548280062284,1875.1521595189,9
0.040505677,0.28082547,0.0088641793567997,1522.0894312711653,9
0.16242883,0.38282418,0.0051626052131692,2481.539507930849,9
0.07809878,0.2341313,0.0060820755780602,1378.675371458361,9
0.098547824,0.27480835,-0.0250421210337533,1219.512485612463,9
0.060548145,0.2495568,0.0072052026892679,1465.8580994279907,9
0.05389259,0.3584823,0.0060222803153748,1981.9823821800285,9
0.13313222,0.33224925,0.0459248536524777,2967.8267570073363,9
0.05047974,0.20158362,0.0004721098811012,1451.862124161345,9
0.07571336,0.3706841,0.0136724005207769,3029.524006781271,9
0.040916957,0.23098566,-0.0117091456320774,2959.1578864440644,9
0.06974877,0.2739362,-0.0132813348214714,1169.4396756334395,9
0.09777056,0.28571206,-0.0074132723537925,1725.6171874744873,9
0.19825299,0.3728192,-0.0163123947954117,2976.313671897254,9
0.093775615,0.19718058,-0.0296255316984909,1169.7729217424946,9
0.049843065,0.34522498,-0.0026486450151092,1934.3602749559436,9
0.11046955,0.25042978,-0.0043483654028939,1295.2393474484063,9
0.11046993,0.250429,-0.0043472812796681,1336.354600498914,9
0.08778412,0.2211334,-0.0105701484566926,1988.7524358295584,9
0.04322617,0.4416277,-0.0132634630750166,3026.5185285813527,9
0.05944417,0.31937426,-0.0156622101586689,813.4170141113811,9
0.1882998,0.36640868,0.0340758959403309,2289.4808400575384,9
0.06815121,0.3113647,0.0356691950329289,1854.6319156623144,9
0.17286155,0.25775722,0.0314499463763598,1579.5971667848355,9
0.10659271,0.2848902,-0.0152515506887234,1276.6513096904512,9
0.04059417,0.32517007,0.0152783778024686,1769.4282677788906,9
0.11909849,0.30321717,0.0789861333816123,1733.7356815702722,9
0.07137948,0.32542807,-0.0060587968329109,2860.683150848153,9
0.09949224,0.2852012,0.0102306289930753,1344.6201261626195,9
0.05546204,0.31436893,0.0166771354701191,1790.2436405426402,9
